-- phpMyAdmin SQL Dump
-- version 4.9.2
-- https://www.phpmyadmin.net/
--
-- Host: 127.0.0.1:3306
-- Generation Time: Dec 08, 2021 at 10:52 AM
-- Server version: 10.4.10-MariaDB
-- PHP Version: 7.3.12

SET SQL_MODE = "NO_AUTO_VALUE_ON_ZERO";
SET AUTOCOMMIT = 0;
START TRANSACTION;
SET time_zone = "+00:00";


/*!40101 SET @OLD_CHARACTER_SET_CLIENT=@@CHARACTER_SET_CLIENT */;
/*!40101 SET @OLD_CHARACTER_SET_RESULTS=@@CHARACTER_SET_RESULTS */;
/*!40101 SET @OLD_COLLATION_CONNECTION=@@COLLATION_CONNECTION */;
/*!40101 SET NAMES utf8mb4 */;

--
-- Database: `parking`
--

-- --------------------------------------------------------

--
-- Table structure for table `activity_logs`
--

DROP TABLE IF EXISTS `activity_logs`;
CREATE TABLE IF NOT EXISTS `activity_logs` (
  `id` bigint(20) UNSIGNED NOT NULL AUTO_INCREMENT,
  `table_name` varchar(200) COLLATE utf8mb4_unicode_ci NOT NULL,
  `key_id` int(11) NOT NULL,
  `operation` enum('insert','update','delete') COLLATE utf8mb4_unicode_ci NOT NULL DEFAULT 'insert',
  `operated_by` int(11) NOT NULL,
  `operated_at` datetime NOT NULL,
  PRIMARY KEY (`id`)
) ENGINE=InnoDB DEFAULT CHARSET=utf8mb4 COLLATE=utf8mb4_unicode_ci;

-- --------------------------------------------------------

--
-- Table structure for table `api_password_resets`
--

DROP TABLE IF EXISTS `api_password_resets`;
CREATE TABLE IF NOT EXISTS `api_password_resets` (
  `id` bigint(20) UNSIGNED NOT NULL AUTO_INCREMENT,
  `email` varchar(191) COLLATE utf8mb4_unicode_ci DEFAULT NULL,
  `username` varchar(50) COLLATE utf8mb4_unicode_ci NOT NULL,
  `token` varchar(191) COLLATE utf8mb4_unicode_ci NOT NULL,
  `created_at` timestamp NULL DEFAULT NULL,
  `updated_at` timestamp NULL DEFAULT NULL,
  PRIMARY KEY (`id`),
  KEY `apr_username_index` (`username`)
) ENGINE=InnoDB DEFAULT CHARSET=utf8mb4 COLLATE=utf8mb4_unicode_ci;

-- --------------------------------------------------------

--
-- Table structure for table `apps_countries`
--

DROP TABLE IF EXISTS `apps_countries`;
CREATE TABLE IF NOT EXISTS `apps_countries` (
  `id` int(11) NOT NULL AUTO_INCREMENT,
  `country_code` varchar(2) NOT NULL DEFAULT '',
  `country_enName` varchar(100) NOT NULL DEFAULT '',
  `country_arName` varchar(100) NOT NULL DEFAULT '',
  `country_enNationality` varchar(100) NOT NULL DEFAULT '',
  `country_arNationality` varchar(100) NOT NULL DEFAULT '',
  PRIMARY KEY (`id`)
) ENGINE=MyISAM DEFAULT CHARSET=utf8;

-- --------------------------------------------------------

--
-- Table structure for table `areas`
--

DROP TABLE IF EXISTS `areas`;
CREATE TABLE IF NOT EXISTS `areas` (
  `id` smallint(5) UNSIGNED NOT NULL AUTO_INCREMENT,
  `name` varchar(100) COLLATE utf8mb4_unicode_ci NOT NULL,
  `status` tinyint(1) NOT NULL DEFAULT 1 COMMENT '1=>Active, 0=>Inactive',
  `deleted_at` timestamp NULL DEFAULT NULL,
  `added_by` int(10) UNSIGNED NOT NULL,
  `updated_by` int(10) UNSIGNED DEFAULT NULL,
  `created_at` timestamp NULL DEFAULT NULL,
  `updated_at` timestamp NULL DEFAULT NULL,
  PRIMARY KEY (`id`),
  KEY `areas_name_index` (`name`)
) ENGINE=InnoDB AUTO_INCREMENT=9 DEFAULT CHARSET=utf8mb4 COLLATE=utf8mb4_unicode_ci;

--
-- Dumping data for table `areas`
--

INSERT INTO `areas` (`id`, `name`, `status`, `deleted_at`, `added_by`, `updated_by`, `created_at`, `updated_at`) VALUES
(1, 'ঢাকা মেট্রো', 1, NULL, 0, NULL, '2021-03-09 05:04:29', '2021-03-09 05:04:29'),
(2, 'রাজশাহী  মেট্রো', 1, NULL, 0, NULL, '2021-03-09 05:05:04', '2021-03-09 05:05:04'),
(3, 'জামালপুর', 1, NULL, 0, NULL, '2021-06-28 06:48:03', '2021-06-28 06:48:03'),
(4, 'ময়মনসিংহ', 1, NULL, 0, NULL, '2021-06-28 06:48:48', '2021-06-28 06:48:48'),
(5, 'টাঙ্গাইল', 1, NULL, 0, NULL, '2021-06-28 06:51:47', '2021-06-28 06:51:47'),
(6, 'রংপুর', 1, NULL, 0, NULL, '2021-06-28 06:52:08', '2021-06-28 06:52:08'),
(7, 'গাইবান্ধা', 1, NULL, 0, NULL, '2021-06-28 06:52:24', '2021-06-28 06:52:24'),
(8, 'চট্টগ্রাম মেট্রো', 1, NULL, 0, NULL, '2021-06-28 06:53:42', '2021-06-28 06:53:42');

-- --------------------------------------------------------

--
-- Table structure for table `car_numbers`
--

DROP TABLE IF EXISTS `car_numbers`;
CREATE TABLE IF NOT EXISTS `car_numbers` (
  `id` smallint(5) UNSIGNED NOT NULL AUTO_INCREMENT,
  `station_id` smallint(5) UNSIGNED NOT NULL,
  `tenant_id` smallint(5) UNSIGNED NOT NULL,
  `vehicle_type_id` smallint(5) NOT NULL,
  `area_id` smallint(5) UNSIGNED NOT NULL,
  `code_id` smallint(5) UNSIGNED NOT NULL,
  `vehicle_number` varchar(100) COLLATE utf8mb4_unicode_ci NOT NULL,
  `mobile_number` varchar(100) COLLATE utf8mb4_unicode_ci DEFAULT NULL,
  `parking_number` varchar(100) COLLATE utf8mb4_unicode_ci NOT NULL,
  `status` tinyint(1) NOT NULL DEFAULT 1 COMMENT '1=>Active, 0=>Inactive',
  `deleted_at` timestamp NULL DEFAULT NULL,
  `added_by` int(10) UNSIGNED NOT NULL,
  `updated_by` int(10) UNSIGNED DEFAULT NULL,
  `created_at` timestamp NULL DEFAULT NULL,
  `updated_at` timestamp NULL DEFAULT NULL,
  PRIMARY KEY (`id`),
  KEY `car_numbers_vehicle_number_index` (`vehicle_number`),
  KEY `car_numbers_mobile_number_index` (`mobile_number`),
  KEY `car_numbers_parking_number_index` (`parking_number`)
) ENGINE=InnoDB AUTO_INCREMENT=139 DEFAULT CHARSET=utf8mb4 COLLATE=utf8mb4_unicode_ci;

--
-- Dumping data for table `car_numbers`
--

INSERT INTO `car_numbers` (`id`, `station_id`, `tenant_id`, `vehicle_type_id`, `area_id`, `code_id`, `vehicle_number`, `mobile_number`, `parking_number`, `status`, `deleted_at`, `added_by`, `updated_by`, `created_at`, `updated_at`) VALUES
(1, 1, 1, 1, 1, 1, '31-8166', '', '1', 1, NULL, 66, NULL, '2021-06-08 03:37:29', '2021-06-08 03:37:29'),
(2, 1, 1, 1, 1, 1, '22-0701', '', '2', 1, NULL, 66, NULL, '2021-06-08 03:38:43', '2021-06-08 03:38:43'),
(3, 1, 1, 1, 1, 1, '31-8086', NULL, '3', 1, NULL, 66, NULL, '2021-06-10 06:58:16', '2021-06-10 06:58:16'),
(4, 1, 1, 1, 1, 1, '33-5211', NULL, '4', 1, NULL, 66, NULL, '2021-06-10 06:58:50', '2021-06-10 06:58:50'),
(5, 1, 1, 1, 1, 1, '33-5212', NULL, '5', 1, NULL, 66, NULL, '2021-06-10 06:59:22', '2021-06-10 06:59:22'),
(6, 1, 1, 1, 1, 5, '53-2183', NULL, '6', 1, NULL, 66, NULL, '2021-06-10 07:02:46', '2021-06-10 07:02:46'),
(7, 1, 1, 1, 1, 1, '56-3809', NULL, '7', 1, NULL, 66, NULL, '2021-06-12 04:46:38', '2021-06-12 04:46:38'),
(8, 1, 1, 1, 1, 1, '39-2228', NULL, '8', 1, NULL, 66, NULL, '2021-06-12 04:47:27', '2021-06-12 04:47:27'),
(9, 1, 1, 1, 1, 1, '29-4891', NULL, '9', 1, NULL, 66, NULL, '2021-06-12 04:48:08', '2021-06-12 04:48:08'),
(10, 1, 1, 1, 1, 1, '27-8972', NULL, '10', 1, NULL, 66, NULL, '2021-06-12 04:48:40', '2021-06-12 04:48:40'),
(11, 1, 1, 1, 1, 1, '25-4646', NULL, '11', 1, NULL, 66, NULL, '2021-06-12 04:49:01', '2021-06-12 04:49:01'),
(12, 1, 1, 1, 1, 1, '31-8087', NULL, '12', 1, NULL, 66, NULL, '2021-06-12 04:49:26', '2021-06-12 04:49:26'),
(13, 1, 1, 1, 1, 1, '31-2924', NULL, '12', 1, NULL, 66, NULL, '2021-06-12 04:49:52', '2021-06-12 04:49:52'),
(14, 1, 1, 1, 1, 1, '27-8971', NULL, '13', 1, NULL, 66, NULL, '2021-06-12 04:50:17', '2021-06-12 04:50:17'),
(15, 1, 1, 1, 1, 1, '25-4645', NULL, '14', 1, NULL, 66, NULL, '2021-06-12 04:50:45', '2021-06-12 04:50:45'),
(16, 1, 1, 1, 1, 1, '34-7701', NULL, '15', 1, NULL, 66, NULL, '2021-06-12 04:51:14', '2021-06-12 04:51:14'),
(17, 1, 1, 1, 1, 1, '35-3459', '01713000757', '16', 1, NULL, 66, NULL, '2021-06-12 05:46:06', '2021-06-12 05:46:06'),
(18, 1, 1, 1, 1, 4, '15-8390', '01713000757', '16', 1, NULL, 66, NULL, '2021-06-12 05:46:45', '2021-06-12 05:46:45'),
(19, 1, 1, 1, 1, 1, '35-8318', '01755648455', '17', 1, NULL, 66, NULL, '2021-06-12 05:47:32', '2021-06-12 05:47:32'),
(20, 1, 1, 1, 1, 1, '34-6248', NULL, '18', 1, NULL, 66, NULL, '2021-06-12 05:48:12', '2021-06-12 05:48:12'),
(21, 1, 1, 1, 1, 1, '34-5567', '01708800777', '19', 1, NULL, 66, NULL, '2021-06-12 05:48:46', '2021-06-12 05:48:46'),
(22, 1, 1, 1, 1, 1, '22-8700', '01713178918', '20', 1, NULL, 66, NULL, '2021-06-12 05:49:29', '2021-06-12 05:49:29'),
(23, 1, 1, 1, 1, 1, '34-9447', '01708800978', '21', 1, NULL, 66, NULL, '2021-06-12 05:50:07', '2021-06-12 05:50:07'),
(24, 1, 1, 1, 1, 1, '17-3479', '01713178896', '22', 1, NULL, 66, NULL, '2021-06-12 05:50:49', '2021-06-12 05:50:49'),
(25, 1, 1, 1, 1, 1, '12-3616', '01769501556', '23', 1, NULL, 66, NULL, '2021-06-12 05:51:31', '2021-06-12 05:51:31'),
(26, 1, 1, 1, 1, 1, '39-6916', '01769501510', '24', 1, NULL, 66, NULL, '2021-06-12 05:52:45', '2021-06-12 05:52:45'),
(27, 1, 1, 1, 1, 1, '34-5247', '01769501607', '25', 1, NULL, 66, NULL, '2021-06-12 05:53:32', '2021-06-12 05:53:32'),
(28, 1, 1, 2, 1, 8, '29-1810', '01715025359', '26', 1, NULL, 66, NULL, '2021-06-12 05:56:39', '2021-06-12 05:56:39'),
(29, 1, 1, 2, 1, 7, '56-6447', '01769501521', '27', 1, NULL, 66, NULL, '2021-06-12 05:57:27', '2021-06-12 05:57:27'),
(30, 1, 1, 2, 1, 8, '35-3099', '01769501544', '28', 1, NULL, 66, NULL, '2021-06-12 05:58:17', '2021-06-12 05:58:17'),
(31, 1, 1, 1, 1, 8, '11-2605', '01708800782', '29', 1, NULL, 66, NULL, '2021-06-12 05:58:55', '2021-06-12 05:58:55'),
(32, 1, 1, 2, 1, 7, '27-0394', '01769501543', '30', 1, NULL, 66, NULL, '2021-06-12 05:59:32', '2021-06-12 05:59:32'),
(33, 1, 1, 1, 1, 7, '34-0574', '01769501570', '31', 1, NULL, 66, NULL, '2021-06-12 06:00:02', '2021-06-12 06:00:02'),
(34, 1, 1, 1, 1, 8, '38-8674', '01708800969', '32', 1, NULL, 66, NULL, '2021-06-12 06:01:15', '2021-06-12 06:01:15'),
(35, 1, 1, 2, 1, 7, '50-8922', '01708800819', '33', 1, NULL, 66, NULL, '2021-06-12 06:01:58', '2021-06-12 06:01:58'),
(36, 1, 1, 2, 1, 7, '11-5134', '01769501537', '34', 1, NULL, 66, NULL, '2021-06-12 06:02:51', '2021-06-12 06:02:51'),
(37, 1, 1, 1, 1, 8, '32-6994', '01313709200', '35', 1, NULL, 66, NULL, '2021-06-12 06:03:34', '2021-06-12 06:03:34'),
(38, 1, 1, 2, 1, 7, '58-6612', '01711288261', '36', 1, NULL, 66, NULL, '2021-06-12 06:04:36', '2021-06-12 06:04:36'),
(39, 1, 1, 2, 1, 7, '55-1364', '01720957771', '37', 1, NULL, 66, NULL, '2021-06-12 06:08:34', '2021-06-12 06:08:34'),
(40, 1, 1, 2, 2, 8, '18-6735', '01313709244', '38', 1, NULL, 66, NULL, '2021-06-12 06:09:18', '2021-06-12 06:09:18'),
(41, 1, 1, 2, 1, 7, '64-9304', '01708800825', '39', 1, NULL, 66, NULL, '2021-06-12 06:09:54', '2021-06-12 06:09:54'),
(42, 1, 1, 2, 1, 7, '42-3880', '01769501412', '40', 1, NULL, 66, NULL, '2021-06-12 06:10:44', '2021-06-12 06:10:44'),
(43, 1, 1, 2, 1, 8, '38-1119', '01674208926', '41', 1, NULL, 66, NULL, '2021-06-12 06:11:24', '2021-06-12 06:11:24'),
(44, 1, 1, 2, 1, 7, '57-7611', '01708800723', '42', 1, NULL, 66, NULL, '2021-06-12 06:12:02', '2021-06-12 06:12:02'),
(45, 1, 1, 2, 1, 7, '42-0678', '01769501421', '43', 1, NULL, 66, NULL, '2021-06-12 06:12:45', '2021-06-12 06:12:45'),
(46, 1, 9, 1, 1, 1, '28-7873', '01713211042', '44', 1, NULL, 66, NULL, '2021-06-12 06:20:14', '2021-06-12 06:20:14'),
(47, 1, 9, 1, 1, 1, '29-1735', '01708800866', '45', 1, NULL, 66, NULL, '2021-06-12 06:21:01', '2021-06-12 06:21:01'),
(48, 1, 9, 1, 1, 1, '13-6694', '01708800787', '46', 1, NULL, 66, NULL, '2021-06-12 06:21:43', '2021-06-12 06:21:43'),
(49, 1, 9, 2, 1, 8, '33-0793', '01755642214', '47', 1, NULL, 66, NULL, '2021-06-12 06:28:41', '2021-06-12 06:28:41'),
(50, 1, 1, 2, 1, 8, '24-5782', '01709654321', '48', 1, NULL, 66, NULL, '2021-06-12 06:29:31', '2021-06-12 06:29:31'),
(51, 1, 9, 2, 1, 7, '58-5482', '01708800978', '49', 1, NULL, 66, NULL, '2021-06-12 06:30:35', '2021-06-12 06:30:35'),
(52, 1, 9, 2, 1, 8, '34-4661', '01708800826', '50', 1, NULL, 66, NULL, '2021-06-12 06:31:19', '2021-06-12 06:31:19'),
(53, 1, 9, 2, 1, 8, '31-0996', '01729631994', '51', 1, NULL, 66, NULL, '2021-06-12 06:32:00', '2021-06-12 06:32:00'),
(54, 1, 9, 2, 1, 7, '24-4152', '01775827127', '52', 1, NULL, 66, NULL, '2021-06-12 06:33:29', '2021-06-12 06:33:29'),
(55, 1, 9, 2, 1, 8, '11-1892', '01769949262', '53', 1, NULL, 66, NULL, '2021-06-12 06:34:24', '2021-06-12 06:34:24'),
(56, 1, 9, 2, 1, 8, '11-8567', '01718565618', '54', 1, NULL, 66, NULL, '2021-06-12 06:35:02', '2021-06-12 06:35:02'),
(57, 1, 9, 2, 1, 7, '11-9629', '01769949262', '55', 1, NULL, 66, NULL, '2021-06-12 06:35:58', '2021-06-12 06:35:58'),
(58, 1, 9, 2, 1, 8, '58-3693', '01712996998', '56', 1, NULL, 66, NULL, '2021-06-12 06:36:46', '2021-06-12 06:36:46'),
(59, 1, 9, 2, 1, 8, '51-7584', '01708800788', '57', 1, NULL, 66, NULL, '2021-06-12 06:37:29', '2021-06-12 06:37:29'),
(60, 1, 9, 2, 1, 7, '22-3435', '01769501582', '57', 1, NULL, 66, NULL, '2021-06-12 06:38:24', '2021-06-12 06:38:24'),
(61, 1, 9, 2, 1, 8, '20-8808', '01769501620', '58', 1, NULL, 66, NULL, '2021-06-12 06:39:17', '2021-06-12 06:39:17'),
(62, 1, 9, 2, 1, 7, '24-7161', '01769501422', '59', 1, NULL, 66, NULL, '2021-06-12 06:39:59', '2021-06-12 06:39:59'),
(63, 1, 9, 2, 1, 8, '59-9859', '01851308761', '60', 1, NULL, 66, NULL, '2021-06-12 06:40:43', '2021-06-12 06:40:43'),
(64, 1, 6, 1, 1, 4, '17-2697', '01712296657', '61', 1, NULL, 66, NULL, '2021-06-12 06:43:33', '2021-06-12 06:43:33'),
(65, 1, 6, 1, 1, 1, '25-3499', '01728117875', '62', 1, NULL, 66, NULL, '2021-06-12 06:44:09', '2021-06-12 06:44:09'),
(66, 1, 6, 1, 1, 4, '18-4167', NULL, '63', 1, NULL, 66, NULL, '2021-06-12 06:44:47', '2021-06-12 06:44:47'),
(67, 1, 6, 1, 1, 1, '12-7303', '01944530813', '64', 1, NULL, 66, NULL, '2021-06-12 06:45:29', '2021-06-12 06:45:29'),
(68, 1, 6, 1, 1, 1, '27-8500', '01944530813', '64', 1, NULL, 66, NULL, '2021-06-12 06:46:09', '2021-06-12 06:46:09'),
(69, 1, 6, 2, 1, 8, '47-0735', '01713205292', '65', 1, NULL, 66, NULL, '2021-06-12 06:46:59', '2021-06-12 06:46:59'),
(70, 1, 6, 2, 1, 7, '53-9820', '01713205313', '66', 1, NULL, 66, NULL, '2021-06-12 06:47:52', '2021-06-12 06:47:52'),
(71, 1, 7, 1, 1, 1, '19-2569', '01680486592', '67', 1, NULL, 66, NULL, '2021-06-12 06:54:02', '2021-06-12 06:54:02'),
(72, 1, 7, 2, 1, 8, '51-6060', '01680486592', '67', 1, NULL, 66, NULL, '2021-06-12 06:54:58', '2021-06-12 06:54:58'),
(73, 1, 7, 1, 1, 1, '11-6358', '01980001569', '68', 1, NULL, 66, NULL, '2021-06-12 06:55:33', '2021-06-12 06:55:33'),
(74, 1, 7, 2, 1, 7, '583288', '01980001569', '68', 1, NULL, 66, NULL, '2021-06-12 06:55:59', '2021-06-12 06:55:59'),
(75, 1, 7, 1, 1, 1, '27-6949', '01908001628', '69', 1, NULL, 66, NULL, '2021-06-12 06:56:53', '2021-06-12 06:56:53'),
(76, 1, 7, 1, 1, 1, '37-6324', '01711173744', '70', 1, NULL, 66, NULL, '2021-06-12 06:57:46', '2021-06-12 06:57:46'),
(77, 1, 7, 1, 1, 1, '39-1961', '01312835768', '71', 1, NULL, 66, NULL, '2021-06-12 07:01:40', '2021-06-12 07:01:40'),
(78, 1, 7, 1, 1, 1, '32-5797', '01715175864', '72', 1, NULL, 66, NULL, '2021-06-12 07:02:27', '2021-06-12 07:02:27'),
(79, 1, 7, 1, 1, 1, '34-8329', '01980001500', '73', 1, NULL, 66, NULL, '2021-06-12 07:03:06', '2021-06-12 07:03:06'),
(80, 1, 7, 2, 1, 8, '22-5240', '01980001552', '74', 1, NULL, 66, NULL, '2021-06-12 07:03:49', '2021-06-12 07:03:49'),
(81, 1, 7, 2, 1, 8, '33-9577', '01404447749', '75', 1, NULL, 66, NULL, '2021-06-12 07:04:32', '2021-06-12 07:04:32'),
(82, 1, 7, 2, 1, 8, '11-5548', '01980001668', '76', 1, NULL, 66, NULL, '2021-06-12 07:05:09', '2021-06-12 07:05:09'),
(83, 1, 7, 2, 1, 8, '11-3369', '01980001598', '77', 1, NULL, 66, NULL, '2021-06-12 07:06:08', '2021-06-12 07:06:08'),
(84, 1, 7, 2, 1, 8, '51-6375', '01980001509', '78', 1, NULL, 66, NULL, '2021-06-12 07:06:40', '2021-06-12 07:06:40'),
(85, 1, 2, 1, 1, 1, '23-2886', '01719367310', '79', 1, NULL, 66, NULL, '2021-06-12 07:15:34', '2021-06-12 07:15:34'),
(86, 1, 2, 1, 1, 1, '45-2385', '01716435270', '80', 1, NULL, 66, NULL, '2021-06-12 07:16:17', '2021-06-12 07:16:17'),
(87, 1, 2, 1, 1, 1, '22-3275', '01715593455', '81', 1, NULL, 66, NULL, '2021-06-12 07:16:51', '2021-06-12 07:16:51'),
(88, 1, 2, 1, 1, 3, '11-4260', '01711082159', '82', 1, NULL, 66, NULL, '2021-06-12 07:17:31', '2021-06-12 07:17:31'),
(89, 1, 2, 1, 1, 1, '32-0283', '01715557409', '83', 1, NULL, 66, NULL, '2021-06-12 07:18:16', '2021-06-12 07:18:16'),
(90, 1, 2, 2, 1, 7, '66-2821', '01735381920', '84', 1, NULL, 66, NULL, '2021-06-12 07:19:20', '2021-06-12 07:19:20'),
(91, 1, 2, 2, 1, 8, '50-9064', '01717691113', '85', 1, NULL, 66, NULL, '2021-06-12 07:19:53', '2021-06-12 07:19:53'),
(92, 1, 2, 2, 1, 7, '66-1731', '01926662432', '86', 1, NULL, 66, NULL, '2021-06-12 07:20:32', '2021-06-12 07:20:32'),
(93, 1, 2, 2, 1, 8, '43-3695', '01977452707', '87', 1, NULL, 66, NULL, '2021-06-12 07:22:01', '2021-06-12 07:22:01'),
(94, 1, 2, 2, 1, 8, '46-8088', '01716102783', '88', 1, NULL, 66, NULL, '2021-06-12 07:22:40', '2021-06-12 07:22:40'),
(95, 1, 2, 2, 1, 8, '39-6753', '01877323077', '89', 1, NULL, 66, NULL, '2021-06-12 07:23:23', '2021-06-12 07:23:23'),
(96, 1, 2, 2, 1, 8, '52-2109', '0170831495', '90', 1, NULL, 66, NULL, '2021-06-12 07:24:09', '2021-06-12 07:24:09'),
(97, 1, 8, 1, 1, 1, '42-1461', '01713015978', '91', 1, NULL, 66, NULL, '2021-06-12 08:16:55', '2021-06-12 08:16:55'),
(98, 1, 8, 1, 1, 1, '18-3558', '01713015978', '91', 1, NULL, 66, NULL, '2021-06-12 08:17:57', '2021-06-12 08:17:57'),
(99, 1, 8, 1, 1, 1, '34-3230', '01819214867', '92', 1, NULL, 66, NULL, '2021-06-12 08:18:33', '2021-06-12 08:18:33'),
(100, 1, 8, 1, 1, 1, '22-5773', '01716738146', '93', 1, NULL, 66, NULL, '2021-06-12 08:19:11', '2021-06-12 08:19:11'),
(101, 1, 8, 1, 1, 1, '32-5015', '01711417777', '94', 1, NULL, 66, NULL, '2021-06-12 08:19:50', '2021-06-12 08:19:50'),
(102, 1, 8, 1, 1, 1, '26-0720', '01717593177', '95', 1, NULL, 66, NULL, '2021-06-12 08:20:26', '2021-06-12 08:20:26'),
(103, 1, 8, 1, 1, 1, '34-8820', '01716381881', '96', 1, NULL, 66, NULL, '2021-06-12 08:21:05', '2021-06-12 08:21:05'),
(104, 1, 8, 2, 1, 8, '31-3309', '01711139405', '97', 1, NULL, 66, NULL, '2021-06-12 08:21:49', '2021-06-12 08:21:49'),
(105, 1, 8, 2, 1, 7, '347737', '01711463117', '98', 1, NULL, 66, NULL, '2021-06-12 08:22:31', '2021-06-12 08:22:31'),
(106, 1, 8, 2, 1, 7, '36-1810', '01712568137', '99', 1, NULL, 66, NULL, '2021-06-12 08:23:05', '2021-06-12 08:23:05'),
(107, 1, 8, 2, 1, 8, '47-5481', '01725732242', '100', 1, NULL, 66, NULL, '2021-06-12 08:23:41', '2021-06-12 08:23:41'),
(108, 1, 8, 2, 1, 7, '24-9904', '0173776522', '101', 1, NULL, 66, NULL, '2021-06-12 08:24:22', '2021-06-12 08:24:22'),
(109, 1, 8, 2, 1, 8, '15-5137', '01725732242', '102', 1, NULL, 66, NULL, '2021-06-12 08:25:04', '2021-06-12 08:25:04'),
(110, 1, 2, 2, 1, 8, '39-6753', '01877323077', '89', 1, NULL, 66, NULL, '2021-06-12 09:30:41', '2021-06-12 09:30:41'),
(113, 1, 1, 1, 1, 4, '39-1326', NULL, '103', 1, NULL, 66, NULL, '2021-06-15 03:03:13', '2021-06-15 03:03:13'),
(114, 1, 1, 1, 1, 5, '53-2936', NULL, '104', 1, NULL, 66, NULL, '2021-06-15 03:04:00', '2021-06-15 03:04:00'),
(115, 1, 1, 1, 1, 5, '53-5352', NULL, '105', 1, NULL, 66, NULL, '2021-06-15 03:04:31', '2021-06-15 03:04:31'),
(116, 1, 1, 1, 1, 9, '13-4821', NULL, '106', 1, NULL, 66, NULL, '2021-06-15 03:05:02', '2021-06-15 03:05:02'),
(117, 1, 1, 1, 1, 9, '11-9881', NULL, '107', 1, NULL, 66, NULL, '2021-06-15 03:05:31', '2021-06-15 03:05:31'),
(118, 1, 1, 1, 1, 5, '56-2320', NULL, '108', 1, NULL, 66, NULL, '2021-06-15 03:06:16', '2021-06-15 03:06:16'),
(119, 1, 1, 1, 1, 5, '56-2318', NULL, '109', 1, NULL, 66, NULL, '2021-06-15 03:06:48', '2021-06-15 03:06:48'),
(120, 1, 1, 1, 1, 5, '53-4463', NULL, '110', 1, NULL, 66, NULL, '2021-06-15 03:07:21', '2021-06-15 03:07:21'),
(121, 1, 1, 1, 1, 10, '11-2231', NULL, '111', 1, NULL, 66, NULL, '2021-06-15 03:07:43', '2021-06-15 03:07:43'),
(122, 1, 1, 1, 1, 5, '53-8514', NULL, '112', 1, NULL, 66, NULL, '2021-06-15 03:08:10', '2021-06-15 03:08:10'),
(123, 1, 6, 1, 1, 5, '19-0881', NULL, '113', 1, NULL, 66, NULL, '2021-06-15 03:09:54', '2021-06-15 03:09:54'),
(124, 1, 6, 1, 1, 9, '13-5839', NULL, '114', 1, NULL, 66, NULL, '2021-06-15 03:10:37', '2021-06-15 03:10:37'),
(125, 1, 7, 1, 1, 5, '52-0207', '01749146958', '115', 1, NULL, 66, NULL, '2021-06-15 03:11:46', '2021-06-15 03:11:46'),
(126, 1, 7, 1, 1, 5, '11-6948', '01911955980', '116', 1, NULL, 66, NULL, '2021-06-15 03:12:50', '2021-06-15 03:12:50'),
(127, 1, 7, 1, 1, 5, '51-1143', '01611169885', '117', 1, NULL, 66, NULL, '2021-06-15 03:14:08', '2021-06-15 03:14:08'),
(128, 1, 7, 1, 1, 5, '19-1706', '01743094854', '118', 1, NULL, 66, NULL, '2021-06-15 03:15:00', '2021-06-15 03:15:00'),
(129, 1, 7, 1, 1, 5, '34-3439', '01677738057', '119', 1, NULL, 66, NULL, '2021-06-15 03:15:53', '2021-06-15 03:15:53'),
(130, 1, 1, 1, 1, 5, '53-1030', NULL, '500', 1, NULL, 66, NULL, '2021-06-21 11:59:02', '2021-06-21 11:59:02'),
(131, 1, 1, 1, 1, 9, '13-4511', NULL, '01', 1, NULL, 66, NULL, '2021-06-23 03:56:32', '2021-06-23 03:56:32'),
(132, 1, 9, 2, 1, 8, '38-4492', NULL, '222', 1, NULL, 66, NULL, '2021-06-28 02:57:25', '2021-06-28 02:57:25'),
(133, 1, 9, 2, 1, 8, '38-5686', '01313709031', '223', 1, NULL, 66, NULL, '2021-06-28 02:58:28', '2021-06-28 02:58:28'),
(134, 1, 9, 1, 1, 1, '29-5803', '01958133025', '224', 1, NULL, 66, NULL, '2021-06-28 02:59:18', '2021-06-28 02:59:18'),
(135, 1, 9, 2, 1, 8, '19-8488', NULL, '225', 1, NULL, 66, NULL, '2021-06-28 03:00:18', '2021-06-28 03:00:18'),
(136, 1, 9, 2, 1, 7, '56-7337', NULL, '226', 1, NULL, 66, NULL, '2021-06-28 03:00:49', '2021-06-28 03:00:49'),
(137, 1, 9, 2, 1, 8, '29-6012', NULL, '227', 1, NULL, 66, NULL, '2021-06-28 03:01:21', '2021-06-28 03:01:21'),
(138, 1, 6, 1, 1, 1, '28-3499', NULL, '228', 1, NULL, 66, NULL, '2021-06-28 03:16:56', '2021-06-28 03:16:56');

-- --------------------------------------------------------

--
-- Table structure for table `codes`
--

DROP TABLE IF EXISTS `codes`;
CREATE TABLE IF NOT EXISTS `codes` (
  `id` smallint(5) UNSIGNED NOT NULL AUTO_INCREMENT,
  `name` varchar(100) COLLATE utf8mb4_unicode_ci NOT NULL,
  `status` tinyint(1) NOT NULL DEFAULT 1 COMMENT '1=>Active, 0=>Inactive',
  `deleted_at` timestamp NULL DEFAULT NULL,
  `added_by` int(10) UNSIGNED NOT NULL,
  `updated_by` int(10) UNSIGNED DEFAULT NULL,
  `created_at` timestamp NULL DEFAULT NULL,
  `updated_at` timestamp NULL DEFAULT NULL,
  PRIMARY KEY (`id`),
  KEY `codes_name_index` (`name`)
) ENGINE=InnoDB AUTO_INCREMENT=11 DEFAULT CHARSET=utf8mb4 COLLATE=utf8mb4_unicode_ci;

--
-- Dumping data for table `codes`
--

INSERT INTO `codes` (`id`, `name`, `status`, `deleted_at`, `added_by`, `updated_by`, `created_at`, `updated_at`) VALUES
(1, 'গ', 1, NULL, 0, NULL, '2021-03-09 05:07:42', '2021-03-09 05:07:42'),
(2, 'ক', 1, NULL, 0, NULL, '2021-03-09 05:07:48', '2021-03-09 05:07:48'),
(3, 'খ', 1, NULL, 0, NULL, '2021-03-09 05:07:59', '2021-03-09 05:07:59'),
(4, 'ঘ', 1, NULL, 0, NULL, '2021-03-09 05:08:08', '2021-03-09 05:08:08'),
(5, 'চ', 1, NULL, 0, NULL, '2021-06-10 07:00:42', '2021-06-10 07:00:42'),
(6, 'ছ', 1, NULL, 0, NULL, '2021-06-10 07:03:16', '2021-06-10 07:03:16'),
(7, 'হ', 1, NULL, 0, NULL, '2021-06-12 05:55:17', '2021-06-12 05:55:17'),
(8, 'ল', 1, NULL, 0, NULL, '2021-06-12 05:55:26', '2021-06-12 05:55:26'),
(9, 'ঠ', 1, NULL, 0, NULL, '2021-06-15 02:57:09', '2021-06-15 02:57:09'),
(10, 'শ', 1, NULL, 0, NULL, '2021-06-15 02:57:22', '2021-06-15 02:57:22');

-- --------------------------------------------------------

--
-- Table structure for table `countries`
--

DROP TABLE IF EXISTS `countries`;
CREATE TABLE IF NOT EXISTS `countries` (
  `id` int(11) NOT NULL,
  `country_code` varchar(2) NOT NULL DEFAULT '',
  `country_enName` varchar(100) NOT NULL DEFAULT '',
  `country_arName` varchar(100) NOT NULL DEFAULT '',
  `name` varchar(100) NOT NULL DEFAULT '',
  `country_arNationality` varchar(100) NOT NULL DEFAULT '',
  PRIMARY KEY (`id`)
) ENGINE=MyISAM DEFAULT CHARSET=utf8;

--
-- Dumping data for table `countries`
--

INSERT INTO `countries` (`id`, `country_code`, `country_enName`, `country_arName`, `name`, `country_arNationality`) VALUES
(1, 'AF', 'Afghanistan', 'أفغانستان', 'Afghan', 'أفغانستاني'),
(2, 'AL', 'Albania', 'ألبانيا', 'Albanian', 'ألباني'),
(3, 'AX', 'Aland Islands', 'جزر آلاند', 'Aland Islander', 'آلاندي'),
(4, 'DZ', 'Algeria', 'الجزائر', 'Algerian', 'جزائري'),
(5, 'AS', 'American Samoa', 'ساموا-الأمريكي', 'American Samoan', 'أمريكي سامواني'),
(6, 'AD', 'Andorra', 'أندورا', 'Andorran', 'أندوري'),
(7, 'AO', 'Angola', 'أنغولا', 'Angolan', 'أنقولي'),
(8, 'AI', 'Anguilla', 'أنغويلا', 'Anguillan', 'أنغويلي'),
(9, 'AQ', 'Antarctica', 'أنتاركتيكا', 'Antarctican', 'أنتاركتيكي'),
(10, 'AG', 'Antigua and Barbuda', 'أنتيغوا وبربودا', 'Antiguan', 'بربودي'),
(11, 'AR', 'Argentina', 'الأرجنتين', 'Argentinian', 'أرجنتيني'),
(12, 'AM', 'Armenia', 'أرمينيا', 'Armenian', 'أرميني'),
(13, 'AW', 'Aruba', 'أروبه', 'Aruban', 'أوروبهيني'),
(14, 'AU', 'Australia', 'أستراليا', 'Australian', 'أسترالي'),
(15, 'AT', 'Austria', 'النمسا', 'Austrian', 'نمساوي'),
(16, 'AZ', 'Azerbaijan', 'أذربيجان', 'Azerbaijani', 'أذربيجاني'),
(17, 'BS', 'Bahamas', 'الباهاماس', 'Bahamian', 'باهاميسي'),
(18, 'BH', 'Bahrain', 'البحرين', 'Bahraini', 'بحريني'),
(19, 'BD', 'Bangladesh', 'بنغلاديش', 'Bangladeshi', 'بنغلاديشي'),
(20, 'BB', 'Barbados', 'بربادوس', 'Barbadian', 'بربادوسي'),
(21, 'BY', 'Belarus', 'روسيا البيضاء', 'Belarusian', 'روسي'),
(22, 'BE', 'Belgium', 'بلجيكا', 'Belgian', 'بلجيكي'),
(23, 'BZ', 'Belize', 'بيليز', 'Belizean', 'بيليزي'),
(24, 'BJ', 'Benin', 'بنين', 'Beninese', 'بنيني'),
(25, 'BL', 'Saint Barthelemy', 'سان بارتيلمي', 'Saint Barthelmian', 'سان بارتيلمي'),
(26, 'BM', 'Bermuda', 'جزر برمودا', 'Bermudan', 'برمودي'),
(27, 'BT', 'Bhutan', 'بوتان', 'Bhutanese', 'بوتاني'),
(28, 'BO', 'Bolivia', 'بوليفيا', 'Bolivian', 'بوليفي'),
(29, 'BA', 'Bosnia and Herzegovina', 'البوسنة و الهرسك', 'Bosnian / Herzegovinian', 'بوسني/هرسكي'),
(30, 'BW', 'Botswana', 'بوتسوانا', 'Botswanan', 'بوتسواني'),
(31, 'BV', 'Bouvet Island', 'جزيرة بوفيه', 'Bouvetian', 'بوفيهي'),
(32, 'BR', 'Brazil', 'البرازيل', 'Brazilian', 'برازيلي'),
(33, 'IO', 'British Indian Ocean Territory', 'إقليم المحيط الهندي البريطاني', 'British Indian Ocean Territory', 'إقليم المحيط الهندي البريطاني'),
(34, 'BN', 'Brunei Darussalam', 'بروني', 'Bruneian', 'بروني'),
(35, 'BG', 'Bulgaria', 'بلغاريا', 'Bulgarian', 'بلغاري'),
(36, 'BF', 'Burkina Faso', 'بوركينا فاسو', 'Burkinabe', 'بوركيني'),
(37, 'BI', 'Burundi', 'بوروندي', 'Burundian', 'بورونيدي'),
(38, 'KH', 'Cambodia', 'كمبوديا', 'Cambodian', 'كمبودي'),
(39, 'CM', 'Cameroon', 'كاميرون', 'Cameroonian', 'كاميروني'),
(40, 'CA', 'Canada', 'كندا', 'Canadian', 'كندي'),
(41, 'CV', 'Cape Verde', 'الرأس الأخضر', 'Cape Verdean', 'الرأس الأخضر'),
(42, 'KY', 'Cayman Islands', 'جزر كايمان', 'Caymanian', 'كايماني'),
(43, 'CF', 'Central African Republic', 'جمهورية أفريقيا الوسطى', 'Central African', 'أفريقي'),
(44, 'TD', 'Chad', 'تشاد', 'Chadian', 'تشادي'),
(45, 'CL', 'Chile', 'شيلي', 'Chilean', 'شيلي'),
(46, 'CN', 'China', 'الصين', 'Chinese', 'صيني'),
(47, 'CX', 'Christmas Island', 'جزيرة عيد الميلاد', 'Christmas Islander', 'جزيرة عيد الميلاد'),
(48, 'CC', 'Cocos (Keeling) Islands', 'جزر كوكوس', 'Cocos Islander', 'جزر كوكوس'),
(49, 'CO', 'Colombia', 'كولومبيا', 'Colombian', 'كولومبي'),
(50, 'KM', 'Comoros', 'جزر القمر', 'Comorian', 'جزر القمر'),
(51, 'CG', 'Congo', 'الكونغو', 'Congolese', 'كونغي'),
(52, 'CK', 'Cook Islands', 'جزر كوك', 'Cook Islander', 'جزر كوك'),
(53, 'CR', 'Costa Rica', 'كوستاريكا', 'Costa Rican', 'كوستاريكي'),
(54, 'HR', 'Croatia', 'كرواتيا', 'Croatian', 'كوراتي'),
(55, 'CU', 'Cuba', 'كوبا', 'Cuban', 'كوبي'),
(56, 'CY', 'Cyprus', 'قبرص', 'Cypriot', 'قبرصي'),
(57, 'CW', 'Curaçao', 'كوراساو', 'Curacian', 'كوراساوي'),
(58, 'CZ', 'Czech Republic', 'الجمهورية التشيكية', 'Czech', 'تشيكي'),
(59, 'DK', 'Denmark', 'الدانمارك', 'Danish', 'دنماركي'),
(60, 'DJ', 'Djibouti', 'جيبوتي', 'Djiboutian', 'جيبوتي'),
(61, 'DM', 'Dominica', 'دومينيكا', 'Dominican', 'دومينيكي'),
(62, 'DO', 'Dominican Republic', 'الجمهورية الدومينيكية', 'Dominican', 'دومينيكي'),
(63, 'EC', 'Ecuador', 'إكوادور', 'Ecuadorian', 'إكوادوري'),
(64, 'EG', 'Egypt', 'مصر', 'Egyptian', 'مصري'),
(65, 'SV', 'El Salvador', 'إلسلفادور', 'Salvadoran', 'سلفادوري'),
(66, 'GQ', 'Equatorial Guinea', 'غينيا الاستوائي', 'Equatorial Guinean', 'غيني'),
(67, 'ER', 'Eritrea', 'إريتريا', 'Eritrean', 'إريتيري'),
(68, 'EE', 'Estonia', 'استونيا', 'Estonian', 'استوني'),
(69, 'ET', 'Ethiopia', 'أثيوبيا', 'Ethiopian', 'أثيوبي'),
(70, 'FK', 'Falkland Islands (Malvinas)', 'جزر فوكلاند', 'Falkland Islander', 'فوكلاندي'),
(71, 'FO', 'Faroe Islands', 'جزر فارو', 'Faroese', 'جزر فارو'),
(72, 'FJ', 'Fiji', 'فيجي', 'Fijian', 'فيجي'),
(73, 'FI', 'Finland', 'فنلندا', 'Finnish', 'فنلندي'),
(74, 'FR', 'France', 'فرنسا', 'French', 'فرنسي'),
(75, 'GF', 'French Guiana', 'غويانا الفرنسية', 'French Guianese', 'غويانا الفرنسية'),
(76, 'PF', 'French Polynesia', 'بولينيزيا الفرنسية', 'French Polynesian', 'بولينيزيي'),
(77, 'TF', 'French Southern and Antarctic Lands', 'أراض فرنسية جنوبية وأنتارتيكية', 'French', 'أراض فرنسية جنوبية وأنتارتيكية'),
(78, 'GA', 'Gabon', 'الغابون', 'Gabonese', 'غابوني'),
(79, 'GM', 'Gambia', 'غامبيا', 'Gambian', 'غامبي'),
(80, 'GE', 'Georgia', 'جيورجيا', 'Georgian', 'جيورجي'),
(81, 'DE', 'Germany', 'ألمانيا', 'German', 'ألماني'),
(82, 'GH', 'Ghana', 'غانا', 'Ghanaian', 'غاني'),
(83, 'GI', 'Gibraltar', 'جبل طارق', 'Gibraltar', 'جبل طارق'),
(84, 'GG', 'Guernsey', 'غيرنزي', 'Guernsian', 'غيرنزي'),
(85, 'GR', 'Greece', 'اليونان', 'Greek', 'يوناني'),
(86, 'GL', 'Greenland', 'جرينلاند', 'Greenlandic', 'جرينلاندي'),
(87, 'GD', 'Grenada', 'غرينادا', 'Grenadian', 'غرينادي'),
(88, 'GP', 'Guadeloupe', 'جزر جوادلوب', 'Guadeloupe', 'جزر جوادلوب'),
(89, 'GU', 'Guam', 'جوام', 'Guamanian', 'جوامي'),
(90, 'GT', 'Guatemala', 'غواتيمال', 'Guatemalan', 'غواتيمالي'),
(91, 'GN', 'Guinea', 'غينيا', 'Guinean', 'غيني'),
(92, 'GW', 'Guinea-Bissau', 'غينيا-بيساو', 'Guinea-Bissauan', 'غيني'),
(93, 'GY', 'Guyana', 'غيانا', 'Guyanese', 'غياني'),
(94, 'HT', 'Haiti', 'هايتي', 'Haitian', 'هايتي'),
(95, 'HM', 'Heard and Mc Donald Islands', 'جزيرة هيرد وجزر ماكدونالد', 'Heard and Mc Donald Islanders', 'جزيرة هيرد وجزر ماكدونالد'),
(96, 'HN', 'Honduras', 'هندوراس', 'Honduran', 'هندوراسي'),
(97, 'HK', 'Hong Kong', 'هونغ كونغ', 'Hongkongese', 'هونغ كونغي'),
(98, 'HU', 'Hungary', 'المجر', 'Hungarian', 'مجري'),
(99, 'IS', 'Iceland', 'آيسلندا', 'Icelandic', 'آيسلندي'),
(100, 'IN', 'India', 'الهند', 'Indian', 'هندي'),
(101, 'IM', 'Isle of Man', 'جزيرة مان', 'Manx', 'ماني'),
(102, 'ID', 'Indonesia', 'أندونيسيا', 'Indonesian', 'أندونيسيي'),
(103, 'IR', 'Iran', 'إيران', 'Iranian', 'إيراني'),
(104, 'IQ', 'Iraq', 'العراق', 'Iraqi', 'عراقي'),
(105, 'IE', 'Ireland', 'إيرلندا', 'Irish', 'إيرلندي'),
(106, 'IL', 'Israel', 'إسرائيل', 'Israeli', 'إسرائيلي'),
(107, 'IT', 'Italy', 'إيطاليا', 'Italian', 'إيطالي'),
(108, 'CI', 'Ivory Coast', 'ساحل العاج', 'Ivory Coastian', 'ساحل العاج'),
(109, 'JE', 'Jersey', 'جيرزي', 'Jersian', 'جيرزي'),
(110, 'JM', 'Jamaica', 'جمايكا', 'Jamaican', 'جمايكي'),
(111, 'JP', 'Japan', 'اليابان', 'Japanese', 'ياباني'),
(112, 'JO', 'Jordan', 'الأردن', 'Jordanian', 'أردني'),
(113, 'KZ', 'Kazakhstan', 'كازاخستان', 'Kazakh', 'كازاخستاني'),
(114, 'KE', 'Kenya', 'كينيا', 'Kenyan', 'كيني'),
(115, 'KI', 'Kiribati', 'كيريباتي', 'I-Kiribati', 'كيريباتي'),
(116, 'KP', 'Korea(North Korea)', 'كوريا الشمالية', 'North Korean', 'كوري'),
(117, 'KR', 'Korea(South Korea)', 'كوريا الجنوبية', 'South Korean', 'كوري'),
(118, 'XK', 'Kosovo', 'كوسوفو', 'Kosovar', 'كوسيفي'),
(119, 'KW', 'Kuwait', 'الكويت', 'Kuwaiti', 'كويتي'),
(120, 'KG', 'Kyrgyzstan', 'قيرغيزستان', 'Kyrgyzstani', 'قيرغيزستاني'),
(121, 'LA', 'Lao PDR', 'لاوس', 'Laotian', 'لاوسي'),
(122, 'LV', 'Latvia', 'لاتفيا', 'Latvian', 'لاتيفي'),
(123, 'LB', 'Lebanon', 'لبنان', 'Lebanese', 'لبناني'),
(124, 'LS', 'Lesotho', 'ليسوتو', 'Basotho', 'ليوسيتي'),
(125, 'LR', 'Liberia', 'ليبيريا', 'Liberian', 'ليبيري'),
(126, 'LY', 'Libya', 'ليبيا', 'Libyan', 'ليبي'),
(127, 'LI', 'Liechtenstein', 'ليختنشتين', 'Liechtenstein', 'ليختنشتيني'),
(128, 'LT', 'Lithuania', 'لتوانيا', 'Lithuanian', 'لتوانيي'),
(129, 'LU', 'Luxembourg', 'لوكسمبورغ', 'Luxembourger', 'لوكسمبورغي'),
(130, 'LK', 'Sri Lanka', 'سريلانكا', 'Sri Lankian', 'سريلانكي'),
(131, 'MO', 'Macau', 'ماكاو', 'Macanese', 'ماكاوي'),
(132, 'MK', 'Macedonia', 'مقدونيا', 'Macedonian', 'مقدوني'),
(133, 'MG', 'Madagascar', 'مدغشقر', 'Malagasy', 'مدغشقري'),
(134, 'MW', 'Malawi', 'مالاوي', 'Malawian', 'مالاوي'),
(135, 'MY', 'Malaysia', 'ماليزيا', 'Malaysian', 'ماليزي'),
(136, 'MV', 'Maldives', 'المالديف', 'Maldivian', 'مالديفي'),
(137, 'ML', 'Mali', 'مالي', 'Malian', 'مالي'),
(138, 'MT', 'Malta', 'مالطا', 'Maltese', 'مالطي'),
(139, 'MH', 'Marshall Islands', 'جزر مارشال', 'Marshallese', 'مارشالي'),
(140, 'MQ', 'Martinique', 'مارتينيك', 'Martiniquais', 'مارتينيكي'),
(141, 'MR', 'Mauritania', 'موريتانيا', 'Mauritanian', 'موريتانيي'),
(142, 'MU', 'Mauritius', 'موريشيوس', 'Mauritian', 'موريشيوسي'),
(143, 'YT', 'Mayotte', 'مايوت', 'Mahoran', 'مايوتي'),
(144, 'MX', 'Mexico', 'المكسيك', 'Mexican', 'مكسيكي'),
(145, 'FM', 'Micronesia', 'مايكرونيزيا', 'Micronesian', 'مايكرونيزيي'),
(146, 'MD', 'Moldova', 'مولدافيا', 'Moldovan', 'مولديفي'),
(147, 'MC', 'Monaco', 'موناكو', 'Monacan', 'مونيكي'),
(148, 'MN', 'Mongolia', 'منغوليا', 'Mongolian', 'منغولي'),
(149, 'ME', 'Montenegro', 'الجبل الأسود', 'Montenegrin', 'الجبل الأسود'),
(150, 'MS', 'Montserrat', 'مونتسيرات', 'Montserratian', 'مونتسيراتي'),
(151, 'MA', 'Morocco', 'المغرب', 'Moroccan', 'مغربي'),
(152, 'MZ', 'Mozambique', 'موزمبيق', 'Mozambican', 'موزمبيقي'),
(153, 'MM', 'Myanmar', 'ميانمار', 'Myanmarian', 'ميانماري'),
(154, 'NA', 'Namibia', 'ناميبيا', 'Namibian', 'ناميبي'),
(155, 'NR', 'Nauru', 'نورو', 'Nauruan', 'نوري'),
(156, 'NP', 'Nepal', 'نيبال', 'Nepalese', 'نيبالي'),
(157, 'NL', 'Netherlands', 'هولندا', 'Dutch', 'هولندي'),
(158, 'AN', 'Netherlands Antilles', 'جزر الأنتيل الهولندي', 'Dutch Antilier', 'هولندي'),
(159, 'NC', 'New Caledonia', 'كاليدونيا الجديدة', 'New Caledonian', 'كاليدوني'),
(160, 'NZ', 'New Zealand', 'نيوزيلندا', 'New Zealander', 'نيوزيلندي'),
(161, 'NI', 'Nicaragua', 'نيكاراجوا', 'Nicaraguan', 'نيكاراجوي'),
(162, 'NE', 'Niger', 'النيجر', 'Nigerien', 'نيجيري'),
(163, 'NG', 'Nigeria', 'نيجيريا', 'Nigerian', 'نيجيري'),
(164, 'NU', 'Niue', 'ني', 'Niuean', 'ني'),
(165, 'NF', 'Norfolk Island', 'جزيرة نورفولك', 'Norfolk Islander', 'نورفوليكي'),
(166, 'MP', 'Northern Mariana Islands', 'جزر ماريانا الشمالية', 'Northern Marianan', 'ماريني'),
(167, 'NO', 'Norway', 'النرويج', 'Norwegian', 'نرويجي'),
(168, 'OM', 'Oman', 'عمان', 'Omani', 'عماني'),
(169, 'PK', 'Pakistan', 'باكستان', 'Pakistani', 'باكستاني'),
(170, 'PW', 'Palau', 'بالاو', 'Palauan', 'بالاوي'),
(171, 'PS', 'Palestine', 'فلسطين', 'Palestinian', 'فلسطيني'),
(172, 'PA', 'Panama', 'بنما', 'Panamanian', 'بنمي'),
(173, 'PG', 'Papua New Guinea', 'بابوا غينيا الجديدة', 'Papua New Guinean', 'بابوي'),
(174, 'PY', 'Paraguay', 'باراغواي', 'Paraguayan', 'بارغاوي'),
(175, 'PE', 'Peru', 'بيرو', 'Peruvian', 'بيري'),
(176, 'PH', 'Philippines', 'الفليبين', 'Filipino', 'فلبيني'),
(177, 'PN', 'Pitcairn', 'بيتكيرن', 'Pitcairn Islander', 'بيتكيرني'),
(178, 'PL', 'Poland', 'بولونيا', 'Polish', 'بوليني'),
(179, 'PT', 'Portugal', 'البرتغال', 'Portuguese', 'برتغالي'),
(180, 'PR', 'Puerto Rico', 'بورتو ريكو', 'Puerto Rican', 'بورتي'),
(181, 'QA', 'Qatar', 'قطر', 'Qatari', 'قطري'),
(182, 'RE', 'Reunion Island', 'ريونيون', 'Reunionese', 'ريونيوني'),
(183, 'RO', 'Romania', 'رومانيا', 'Romanian', 'روماني'),
(184, 'RU', 'Russian', 'روسيا', 'Russian', 'روسي'),
(185, 'RW', 'Rwanda', 'رواندا', 'Rwandan', 'رواندا'),
(186, 'KN', 'Saint Kitts and Nevis', 'سانت كيتس ونيفس,', 'Kittitian/Nevisian', 'سانت كيتس ونيفس'),
(187, 'MF', 'Saint Martin (French part)', 'ساينت مارتن فرنسي', 'St. Martian(French)', 'ساينت مارتني فرنسي'),
(188, 'SX', 'Sint Maarten (Dutch part)', 'ساينت مارتن هولندي', 'St. Martian(Dutch)', 'ساينت مارتني هولندي'),
(189, 'LC', 'Saint Pierre and Miquelon', 'سان بيير وميكلون', 'St. Pierre and Miquelon', 'سان بيير وميكلوني'),
(190, 'VC', 'Saint Vincent and the Grenadines', 'سانت فنسنت وجزر غرينادين', 'Saint Vincent and the Grenadines', 'سانت فنسنت وجزر غرينادين'),
(191, 'WS', 'Samoa', 'ساموا', 'Samoan', 'ساموي'),
(192, 'SM', 'San Marino', 'سان مارينو', 'Sammarinese', 'ماريني'),
(193, 'ST', 'Sao Tome and Principe', 'ساو تومي وبرينسيبي', 'Sao Tomean', 'ساو تومي وبرينسيبي'),
(194, 'SA', 'Saudi Arabia', 'المملكة العربية السعودية', 'Saudi Arabian', 'سعودي'),
(195, 'SN', 'Senegal', 'السنغال', 'Senegalese', 'سنغالي'),
(196, 'RS', 'Serbia', 'صربيا', 'Serbian', 'صربي'),
(197, 'SC', 'Seychelles', 'سيشيل', 'Seychellois', 'سيشيلي'),
(198, 'SL', 'Sierra Leone', 'سيراليون', 'Sierra Leonean', 'سيراليوني'),
(199, 'SG', 'Singapore', 'سنغافورة', 'Singaporean', 'سنغافوري'),
(200, 'SK', 'Slovakia', 'سلوفاكيا', 'Slovak', 'سولفاكي'),
(201, 'SI', 'Slovenia', 'سلوفينيا', 'Slovenian', 'سولفيني'),
(202, 'SB', 'Solomon Islands', 'جزر سليمان', 'Solomon Island', 'جزر سليمان'),
(203, 'SO', 'Somalia', 'الصومال', 'Somali', 'صومالي'),
(204, 'ZA', 'South Africa', 'جنوب أفريقيا', 'South African', 'أفريقي'),
(205, 'GS', 'South Georgia and the South Sandwich', 'المنطقة القطبية الجنوبية', 'South Georgia and the South Sandwich', 'لمنطقة القطبية الجنوبية'),
(206, 'SS', 'South Sudan', 'السودان الجنوبي', 'South Sudanese', 'سوادني جنوبي'),
(207, 'ES', 'Spain', 'إسبانيا', 'Spanish', 'إسباني'),
(208, 'SH', 'Saint Helena', 'سانت هيلانة', 'St. Helenian', 'هيلاني'),
(209, 'SD', 'Sudan', 'السودان', 'Sudanese', 'سوداني'),
(210, 'SR', 'Suriname', 'سورينام', 'Surinamese', 'سورينامي'),
(211, 'SJ', 'Svalbard and Jan Mayen', 'سفالبارد ويان ماين', 'Svalbardian/Jan Mayenian', 'سفالبارد ويان ماين'),
(212, 'SZ', 'Swaziland', 'سوازيلند', 'Swazi', 'سوازيلندي'),
(213, 'SE', 'Sweden', 'السويد', 'Swedish', 'سويدي'),
(214, 'CH', 'Switzerland', 'سويسرا', 'Swiss', 'سويسري'),
(215, 'SY', 'Syria', 'سوريا', 'Syrian', 'سوري'),
(216, 'TW', 'Taiwan', 'تايوان', 'Taiwanese', 'تايواني'),
(217, 'TJ', 'Tajikistan', 'طاجيكستان', 'Tajikistani', 'طاجيكستاني'),
(218, 'TZ', 'Tanzania', 'تنزانيا', 'Tanzanian', 'تنزانيي'),
(219, 'TH', 'Thailand', 'تايلندا', 'Thai', 'تايلندي'),
(220, 'TL', 'Timor-Leste', 'تيمور الشرقية', 'Timor-Lestian', 'تيموري'),
(221, 'TG', 'Togo', 'توغو', 'Togolese', 'توغي'),
(222, 'TK', 'Tokelau', 'توكيلاو', 'Tokelaian', 'توكيلاوي'),
(223, 'TO', 'Tonga', 'تونغا', 'Tongan', 'تونغي'),
(224, 'TT', 'Trinidad and Tobago', 'ترينيداد وتوباغو', 'Trinidadian/Tobagonian', 'ترينيداد وتوباغو'),
(225, 'TN', 'Tunisia', 'تونس', 'Tunisian', 'تونسي'),
(226, 'TR', 'Turkey', 'تركيا', 'Turkish', 'تركي'),
(227, 'TM', 'Turkmenistan', 'تركمانستان', 'Turkmen', 'تركمانستاني'),
(228, 'TC', 'Turks and Caicos Islands', 'جزر توركس وكايكوس', 'Turks and Caicos Islands', 'جزر توركس وكايكوس'),
(229, 'TV', 'Tuvalu', 'توفالو', 'Tuvaluan', 'توفالي'),
(230, 'UG', 'Uganda', 'أوغندا', 'Ugandan', 'أوغندي'),
(231, 'UA', 'Ukraine', 'أوكرانيا', 'Ukrainian', 'أوكراني'),
(232, 'AE', 'United Arab Emirates', 'الإمارات العربية المتحدة', 'Emirati', 'إماراتي'),
(233, 'GB', 'United Kingdom', 'المملكة المتحدة', 'British', 'بريطاني'),
(234, 'US', 'United States', 'الولايات المتحدة', 'American', 'أمريكي'),
(235, 'UM', 'US Minor Outlying Islands', 'قائمة الولايات والمناطق الأمريكية', 'US Minor Outlying Islander', 'أمريكي'),
(236, 'UY', 'Uruguay', 'أورغواي', 'Uruguayan', 'أورغواي'),
(237, 'UZ', 'Uzbekistan', 'أوزباكستان', 'Uzbek', 'أوزباكستاني'),
(238, 'VU', 'Vanuatu', 'فانواتو', 'Vanuatuan', 'فانواتي'),
(239, 'VE', 'Venezuela', 'فنزويلا', 'Venezuelan', 'فنزويلي'),
(240, 'VN', 'Vietnam', 'فيتنام', 'Vietnamese', 'فيتنامي'),
(241, 'VI', 'Virgin Islands (U.S.)', 'الجزر العذراء الأمريكي', 'American Virgin Islander', 'أمريكي'),
(242, 'VA', 'Vatican City', 'فنزويلا', 'Vatican', 'فاتيكاني'),
(243, 'WF', 'Wallis and Futuna Islands', 'والس وفوتونا', 'Wallisian/Futunan', 'فوتوني'),
(244, 'EH', 'Western Sahara', 'الصحراء الغربية', 'Sahrawian', 'صحراوي'),
(245, 'YE', 'Yemen', 'اليمن', 'Yemeni', 'يمني'),
(246, 'ZM', 'Zambia', 'زامبيا', 'Zambian', 'زامبياني'),
(247, 'ZW', 'Zimbabwe', 'زمبابوي', 'Zimbabwean', 'زمبابوي');

-- --------------------------------------------------------

--
-- Table structure for table `customer_categories`
--

DROP TABLE IF EXISTS `customer_categories`;
CREATE TABLE IF NOT EXISTS `customer_categories` (
  `id` smallint(5) UNSIGNED NOT NULL AUTO_INCREMENT,
  `tenant_id` smallint(5) UNSIGNED NOT NULL,
  `station_id` smallint(5) UNSIGNED NOT NULL,
  `vehicle_type_id` smallint(5) UNSIGNED NOT NULL,
  `space_limit` smallint(5) UNSIGNED NOT NULL DEFAULT 0,
  `used` smallint(5) UNSIGNED NOT NULL DEFAULT 0,
  `left` smallint(5) UNSIGNED NOT NULL DEFAULT 0,
  `status` tinyint(1) NOT NULL DEFAULT 1 COMMENT '1=>Active, 0=>Inactive',
  `deleted_at` timestamp NULL DEFAULT NULL,
  `added_by` int(10) UNSIGNED NOT NULL,
  `updated_by` int(10) UNSIGNED DEFAULT NULL,
  `created_at` timestamp NULL DEFAULT NULL,
  `updated_at` timestamp NULL DEFAULT NULL,
  PRIMARY KEY (`id`)
) ENGINE=InnoDB AUTO_INCREMENT=17 DEFAULT CHARSET=utf8mb4 COLLATE=utf8mb4_unicode_ci;

--
-- Dumping data for table `customer_categories`
--

INSERT INTO `customer_categories` (`id`, `tenant_id`, `station_id`, `vehicle_type_id`, `space_limit`, `used`, `left`, `status`, `deleted_at`, `added_by`, `updated_by`, `created_at`, `updated_at`) VALUES
(2, 1, 1, 1, 1000, 46, 954, 1, NULL, 0, NULL, '2021-03-02 11:41:15', '2021-08-09 11:58:35'),
(3, 1, 1, 2, 1000, 13, 987, 1, NULL, 0, NULL, '2021-03-02 11:41:27', '2021-06-29 03:15:22'),
(4, 3, 1, 1, 0, 0, 0, 1, NULL, 0, NULL, '2021-03-24 07:25:08', '2021-03-24 07:25:08'),
(5, 3, 1, 2, 0, 0, 0, 1, NULL, 0, NULL, '2021-03-24 07:25:24', '2021-03-24 07:25:24'),
(6, 2, 1, 1, 4, 0, 4, 1, NULL, 0, NULL, '2021-03-24 11:04:59', '2021-08-05 05:57:51'),
(7, 2, 1, 2, 8, 2, 6, 1, NULL, 0, NULL, '2021-03-24 11:05:16', '2021-06-29 03:21:45'),
(8, 4, 2, 1, 1000, 0, 1000, 1, NULL, 0, NULL, '2021-04-07 05:38:13', '2021-06-21 11:38:36'),
(9, 8, 1, 1, 9, 0, 9, 1, NULL, 0, NULL, '2021-06-15 05:58:46', '2021-08-08 05:04:41'),
(10, 8, 1, 2, 8, 1, 7, 1, NULL, 0, NULL, '2021-06-15 05:59:11', '2021-06-29 02:44:56'),
(11, 7, 1, 1, 8, 2, 6, 1, NULL, 0, NULL, '2021-06-15 05:59:51', '2021-06-29 03:17:29'),
(12, 7, 1, 2, 12, 1, 11, 1, NULL, 0, NULL, '2021-06-15 06:00:07', '2021-06-29 03:05:52'),
(13, 6, 1, 1, 5, 1, 4, 1, NULL, 0, NULL, '2021-06-21 11:32:11', '2021-08-05 05:21:04'),
(14, 9, 1, 1, 100, 0, 100, 1, NULL, 0, NULL, '2021-06-22 03:08:26', '2021-08-04 05:39:14'),
(15, 9, 1, 2, 100, 10, 90, 1, NULL, 0, NULL, '2021-06-22 03:09:01', '2021-06-30 03:42:47'),
(16, 6, 1, 2, 4, 3, 1, 1, NULL, 0, NULL, '2021-06-28 03:05:42', '2021-06-29 03:20:23');

-- --------------------------------------------------------

--
-- Table structure for table `daily_parkings`
--

DROP TABLE IF EXISTS `daily_parkings`;
CREATE TABLE IF NOT EXISTS `daily_parkings` (
  `id` bigint(20) UNSIGNED NOT NULL AUTO_INCREMENT,
  `vehicle_type_id` smallint(5) UNSIGNED NOT NULL,
  `station_id` smallint(5) UNSIGNED NOT NULL,
  `token_number` smallint(5) UNSIGNED NOT NULL,
  `tenant_id` smallint(5) UNSIGNED NOT NULL,
  `station_parking_id` int(10) UNSIGNED DEFAULT NULL,
  `code_id` smallint(5) UNSIGNED NOT NULL,
  `area_id` smallint(5) UNSIGNED NOT NULL,
  `vehicle_number` varchar(191) COLLATE utf8mb4_unicode_ci NOT NULL,
  `mobile_number` varchar(191) COLLATE utf8mb4_unicode_ci DEFAULT NULL,
  `payment_status` enum('Free','Paid') COLLATE utf8mb4_unicode_ci NOT NULL DEFAULT 'Free',
  `clock_in` varchar(191) COLLATE utf8mb4_unicode_ci NOT NULL,
  `clock_out` varchar(191) COLLATE utf8mb4_unicode_ci DEFAULT NULL,
  `total_time` varchar(191) COLLATE utf8mb4_unicode_ci DEFAULT NULL,
  `payable_amount` double(10,3) NOT NULL DEFAULT 0.000,
  `paid_amount` double(10,3) NOT NULL DEFAULT 0.000,
  `collection_by` int(11) DEFAULT NULL,
  `status` tinyint(1) NOT NULL DEFAULT 1 COMMENT '1=>Active, 0=>Inactive',
  `deleted_at` timestamp NULL DEFAULT NULL,
  `added_by` int(10) UNSIGNED NOT NULL,
  `updated_by` int(10) UNSIGNED DEFAULT NULL,
  `created_at` timestamp NULL DEFAULT NULL,
  `updated_at` timestamp NULL DEFAULT NULL,
  `sync_status` tinyint(1) NOT NULL DEFAULT 0 COMMENT '1=>synccompleted, 0=>notsync',
  PRIMARY KEY (`id`)
) ENGINE=InnoDB AUTO_INCREMENT=1304 DEFAULT CHARSET=utf8mb4 COLLATE=utf8mb4_unicode_ci;

--
-- Dumping data for table `daily_parkings`
--

INSERT INTO `daily_parkings` (`id`, `vehicle_type_id`, `station_id`, `token_number`, `tenant_id`, `station_parking_id`, `code_id`, `area_id`, `vehicle_number`, `mobile_number`, `payment_status`, `clock_in`, `clock_out`, `total_time`, `payable_amount`, `paid_amount`, `collection_by`, `status`, `deleted_at`, `added_by`, `updated_by`, `created_at`, `updated_at`, `sync_status`) VALUES
(1, 1, 1, 1, 3, 1, 1, 1, '15-9896', NULL, 'Paid', '2021-06-21 10:54:34', '2021-06-21 10:57:08', '1', 60.000, 0.000, 106, 1, NULL, 106, 106, '2021-06-21 04:54:34', '2021-06-21 04:57:35', 0),
(2, 1, 1, 2, 1, 2, 1, 1, '52-5632', NULL, 'Free', '2021-06-21 10:56:22', '2021-06-21 10:58:11', '1', 0.000, 0.000, 106, 1, NULL, 106, 106, '2021-06-21 04:56:22', '2021-06-21 04:58:17', 0),
(3, 1, 1, 3, 3, 3, 4, 1, '15-6568', NULL, 'Paid', '2021-06-21 11:02:45', '2021-06-21 11:03:03', '1', 60.000, 0.000, 106, 1, NULL, 106, 106, '2021-06-21 05:02:45', '2021-06-21 05:03:08', 0),
(4, 1, 1, 4, 1, 4, 4, 1, '15-8390', '01713000757', 'Free', '2021-06-21 11:13:50', '2021-06-21 11:33:10', '1', 0.000, 0.000, 106, 1, NULL, 106, 106, '2021-06-21 05:13:50', '2021-06-21 05:33:12', 0),
(5, 2, 1, 5, 1, 5, 7, 1, '42-0678', '01769501421', 'Free', '2021-06-21 11:17:50', '2021-06-21 11:33:01', '1', 0.000, 0.000, 106, 1, NULL, 106, 106, '2021-06-21 05:17:50', '2021-06-21 05:33:06', 0),
(6, 1, 1, 6, 1, 6, 1, 1, '12-3616', '01769501556', 'Free', '2021-06-21 11:48:59', '2021-06-21 11:49:35', '1', 0.000, 0.000, 106, 1, NULL, 106, 106, '2021-06-21 05:48:59', '2021-06-21 05:49:39', 0),
(7, 1, 1, 7, 1, 7, 9, 1, '11-7825', NULL, 'Free', '2021-06-21 11:51:22', '2021-06-21 14:03:27', '3', 0.000, 0.000, 106, 1, NULL, 106, 106, '2021-06-21 05:51:22', '2021-06-21 08:03:30', 0),
(8, 2, 1, 8, 1, 8, 1, 1, '22-070', NULL, 'Free', '2021-06-21 11:57:23', '2021-06-21 11:57:44', '1', 0.000, 0.000, 106, 1, NULL, 106, 106, '2021-06-21 05:57:23', '2021-06-21 05:57:45', 0),
(9, 1, 1, 9, 1, 9, 1, 1, '12-3616', '01769501556', 'Free', '2021-06-21 11:58:00', '2021-06-21 11:58:25', '1', 0.000, 0.000, 106, 1, NULL, 106, 106, '2021-06-21 05:58:00', '2021-06-21 05:58:26', 0),
(10, 2, 1, 10, 8, 10, 8, 1, '11-4307', NULL, 'Free', '2021-06-21 11:59:57', '2021-06-21 12:12:50', '1', 0.000, 0.000, 106, 1, NULL, 106, 106, '2021-06-21 05:59:57', '2021-06-21 06:12:54', 0),
(11, 1, 1, 11, 2, 11, 5, 1, '53-9438', NULL, 'Free', '2021-06-21 12:00:42', '2021-06-21 12:16:21', '1', 0.000, 0.000, 106, 1, NULL, 106, 106, '2021-06-21 06:00:42', '2021-06-21 06:16:24', 0),
(12, 1, 1, 12, 8, 12, 5, 1, '56-1093', NULL, 'Free', '2021-06-21 12:01:33', '2021-06-21 12:16:29', '1', 0.000, 0.000, 106, 1, NULL, 106, 106, '2021-06-21 06:01:33', '2021-06-21 06:16:32', 0),
(13, 1, 1, 13, 2, 13, 3, 1, '11-4260', '01711082159', 'Free', '2021-06-21 12:04:25', '2021-06-21 19:21:00', '8', 0.000, 0.000, 106, 1, NULL, 106, 106, '2021-06-21 06:04:25', '2021-06-21 13:21:02', 0),
(14, 2, 1, 14, 2, 14, 8, 1, '43-3695', '01977452707', 'Free', '2021-06-21 12:06:49', '2021-06-21 20:17:16', '9', 0.000, 0.000, 106, 1, NULL, 106, 106, '2021-06-21 06:06:49', '2021-06-21 14:17:18', 0),
(15, 1, 1, 15, 8, 15, 7, 1, '12-4748', NULL, 'Free', '2021-06-21 12:07:57', '2021-06-21 13:13:14', '2', 0.000, 0.000, 106, 1, NULL, 106, 106, '2021-06-21 06:07:57', '2021-06-21 07:13:15', 0),
(16, 1, 1, 16, 8, 16, 1, 1, '32-2720', NULL, 'Free', '2021-06-21 12:15:57', '2021-06-21 13:23:27', '2', 0.000, 0.000, 106, 1, NULL, 106, 106, '2021-06-21 06:15:57', '2021-06-21 07:23:32', 0),
(17, 2, 1, 17, 8, 17, 8, 1, '19-8324', NULL, 'Free', '2021-06-21 12:17:44', '2021-06-21 13:05:47', '1', 0.000, 0.000, 106, 1, NULL, 106, 106, '2021-06-21 06:17:44', '2021-06-21 07:05:50', 0),
(18, 1, 1, 18, 2, 18, 5, 1, '13-3105', NULL, 'Free', '2021-06-21 12:21:40', '2021-06-21 12:41:18', '1', 0.000, 0.000, 106, 1, NULL, 106, 106, '2021-06-21 06:21:40', '2021-06-21 06:41:21', 0),
(19, 2, 1, 19, 1, 19, 8, 1, '43-0528', NULL, 'Free', '2021-06-21 12:23:20', '2021-06-23 08:13:22', '44', 0.000, 0.000, 106, 1, NULL, 106, 106, '2021-06-21 06:23:20', '2021-06-23 02:13:30', 0),
(20, 1, 1, 20, 1, 20, 1, 1, '37-3882', NULL, 'Free', '2021-06-21 12:27:26', '2021-06-21 12:46:21', '1', 0.000, 0.000, 106, 1, NULL, 106, 106, '2021-06-21 06:27:26', '2021-06-21 06:46:22', 0),
(21, 1, 1, 21, 7, 21, 1, 1, '34-3430', NULL, 'Free', '2021-06-21 12:28:24', '2021-06-22 10:21:44', '22', 0.000, 0.000, 106, 1, NULL, 106, 106, '2021-06-21 06:28:24', '2021-06-22 04:21:46', 0),
(22, 1, 1, 22, 7, 22, 1, 1, '21-2200', NULL, 'Free', '2021-06-21 12:36:32', '2021-06-21 14:42:04', '3', 0.000, 0.000, 106, 1, NULL, 106, 106, '2021-06-21 06:36:32', '2021-06-21 08:42:07', 0),
(23, 1, 1, 23, 8, 23, 1, 1, '26-4192', NULL, 'Free', '2021-06-21 12:37:50', '2021-06-21 12:51:50', '1', 0.000, 0.000, 106, 1, NULL, 106, 106, '2021-06-21 06:37:50', '2021-06-21 06:51:52', 0),
(24, 1, 1, 24, 1, 24, 1, 1, '27-4981', NULL, 'Free', '2021-06-21 12:38:38', '2021-06-21 13:06:27', '1', 0.000, 0.000, 106, 1, NULL, 106, 106, '2021-06-21 06:38:38', '2021-06-21 07:06:29', 0),
(25, 2, 1, 25, 1, 25, 8, 1, '44-2684', NULL, 'Free', '2021-06-21 12:39:41', '2021-06-21 12:54:28', '1', 0.000, 0.000, 106, 1, NULL, 106, 106, '2021-06-21 06:39:41', '2021-06-21 06:54:29', 0),
(26, 2, 1, 26, 1, 26, 8, 1, '50-9974', NULL, 'Free', '2021-06-21 12:40:24', '2021-06-21 14:03:16', '2', 0.000, 0.000, 106, 1, NULL, 106, 106, '2021-06-21 06:40:24', '2021-06-21 08:03:18', 0),
(27, 2, 1, 27, 8, 27, 8, 1, '57-1757', NULL, 'Paid', '2021-06-21 12:40:58', '2021-06-21 13:16:52', '1', 30.000, 0.000, 106, 1, NULL, 106, 106, '2021-06-21 06:40:58', '2021-06-21 07:17:21', 0),
(28, 2, 1, 28, 2, 28, 8, 1, '52-2109', '0170831495', 'Free', '2021-06-21 12:49:12', '2021-06-21 18:25:20', '6', 0.000, 0.000, 106, 1, NULL, 106, 106, '2021-06-21 06:49:12', '2021-06-21 12:25:22', 0),
(29, 1, 1, 29, 8, 29, 1, 1, '31-9726', NULL, 'Free', '2021-06-21 12:55:02', '2021-06-21 13:12:42', '1', 0.000, 0.000, 106, 1, NULL, 106, 106, '2021-06-21 06:55:02', '2021-06-21 07:12:44', 0),
(30, 1, 1, 30, 1, 30, 5, 1, '53-2936', NULL, 'Free', '2021-06-21 12:57:20', '2021-06-21 13:12:05', '1', 0.000, 0.000, 106, 1, NULL, 106, 106, '2021-06-21 06:57:20', '2021-06-21 07:12:08', 0),
(31, 1, 1, 31, 8, 31, 1, 1, '42-9093', NULL, 'Free', '2021-06-21 12:59:09', '2021-06-21 13:02:47', '1', 0.000, 0.000, 106, 1, NULL, 106, 106, '2021-06-21 06:59:09', '2021-06-21 07:02:48', 0),
(32, 1, 1, 32, 8, 32, 1, 1, '42-1461', '01713015978', 'Free', '2021-06-21 13:07:41', '2021-06-21 21:24:28', '9', 0.000, 0.000, 106, 1, NULL, 106, 106, '2021-06-21 07:07:41', '2021-06-21 15:24:31', 0),
(33, 2, 1, 33, 1, 33, 8, 1, '23-7470', NULL, 'Free', '2021-06-21 13:09:00', '2021-06-21 13:38:50', '1', 0.000, 0.000, 106, 1, NULL, 106, 106, '2021-06-21 07:09:00', '2021-06-21 07:38:52', 0),
(34, 1, 1, 34, 1, 34, 1, 1, '35-3225', NULL, 'Free', '2021-06-21 13:17:39', '2021-06-21 13:46:21', '1', 0.000, 0.000, 106, 1, NULL, 106, 106, '2021-06-21 07:17:39', '2021-06-21 07:46:24', 0),
(35, 1, 1, 35, 1, 35, 1, 1, '22-0701', NULL, 'Free', '2021-06-21 13:26:36', '2021-06-21 13:26:56', '1', 0.000, 0.000, 106, 1, NULL, 106, 106, '2021-06-21 07:26:36', '2021-06-21 07:26:59', 0),
(36, 1, 1, 36, 3, 36, 2, 1, '00-0000', NULL, 'Paid', '2021-06-21 13:28:32', '2021-06-21 13:28:41', '1', 60.000, 0.000, 106, 1, NULL, 106, 106, '2021-06-21 07:28:32', '2021-06-21 07:28:52', 0),
(37, 1, 1, 37, 1, 37, 1, 1, '25-4646', NULL, 'Free', '2021-06-21 13:43:42', '2021-06-21 13:53:40', '1', 0.000, 0.000, 106, 1, NULL, 106, 106, '2021-06-21 07:43:42', '2021-06-21 07:53:42', 0),
(38, 1, 1, 38, 1, 38, 1, 1, '29-8002', NULL, 'Free', '2021-06-21 14:03:56', '2021-06-21 14:45:15', '1', 0.000, 0.000, 106, 1, NULL, 106, 106, '2021-06-21 08:03:56', '2021-06-21 08:45:17', 0),
(39, 2, 1, 39, 3, 39, 8, 1, '34-2042', NULL, 'Paid', '2021-06-21 14:10:49', '2021-06-21 14:11:36', '1', 30.000, 0.000, 106, 1, NULL, 106, 106, '2021-06-21 08:10:49', '2021-06-21 08:11:37', 0),
(40, 2, 1, 40, 1, 40, 8, 1, '34-2042', NULL, 'Free', '2021-06-21 14:11:11', '2021-06-21 16:16:25', '3', 0.000, 0.000, 106, 1, NULL, 106, 106, '2021-06-21 08:11:11', '2021-06-21 10:16:27', 0),
(41, 2, 1, 41, 3, 41, 8, 1, '13-8605', NULL, 'Paid', '2021-06-21 14:12:35', '2021-06-21 17:26:22', '4', 85.000, 0.000, 106, 1, NULL, 106, 106, '2021-06-21 08:12:35', '2021-06-21 11:27:08', 0),
(42, 2, 1, 42, 3, 42, 8, 1, '51-1985', NULL, 'Paid', '2021-06-21 14:24:21', '2021-06-21 15:19:38', '1', 25.000, 0.000, 106, 1, NULL, 106, 106, '2021-06-21 08:24:21', '2021-06-21 09:19:43', 0),
(43, 1, 1, 43, 7, 43, 1, 1, '39-1961', '01312835768', 'Free', '2021-06-21 14:25:14', '2021-06-21 15:21:07', '1', 0.000, 0.000, 106, 1, NULL, 106, 106, '2021-06-21 08:25:14', '2021-06-21 09:21:09', 0),
(44, 1, 1, 44, 7, 44, 4, 1, '13-1281', NULL, 'Free', '2021-06-21 14:32:23', '2021-06-21 14:59:13', '1', 0.000, 0.000, 106, 1, NULL, 106, 106, '2021-06-21 08:32:23', '2021-06-21 08:59:15', 0),
(45, 1, 1, 45, 8, 45, 1, 1, '17-4794', NULL, 'Free', '2021-06-21 14:39:23', '2021-06-21 15:03:16', '1', 0.000, 0.000, 106, 1, NULL, 106, 106, '2021-06-21 08:39:23', '2021-06-21 09:03:17', 0),
(46, 1, 1, 46, 3, 46, 3, 1, '13-2497', NULL, 'Paid', '2021-06-21 14:41:49', '2021-06-21 16:19:02', '2', 90.000, 0.000, 106, 1, NULL, 106, 106, '2021-06-21 08:41:49', '2021-06-21 10:19:04', 0),
(47, 1, 1, 47, 1, 47, 1, 1, '31-8086', NULL, 'Free', '2021-06-21 14:42:35', '2021-06-21 15:18:36', '1', 0.000, 0.000, 106, 1, NULL, 106, 106, '2021-06-21 08:42:35', '2021-06-21 09:18:39', 0),
(48, 1, 1, 48, 7, 48, 5, 1, '52-0207', '01749146958', 'Free', '2021-06-21 14:42:58', '2021-06-21 18:30:46', '4', 0.000, 0.000, 106, 1, NULL, 106, 106, '2021-06-21 08:42:58', '2021-06-21 12:30:47', 0),
(49, 1, 1, 49, 1, 49, 1, 1, '31-8166', NULL, 'Free', '2021-06-21 14:51:44', '2021-06-21 16:26:59', '2', 0.000, 0.000, 106, 1, NULL, 106, 106, '2021-06-21 08:51:44', '2021-06-21 10:27:18', 0),
(50, 1, 1, 50, 1, 50, 1, 1, '25-4646', NULL, 'Free', '2021-06-21 14:56:10', '2021-06-21 17:29:44', '3', 0.000, 0.000, 106, 1, NULL, 106, 106, '2021-06-21 08:56:10', '2021-06-21 11:29:45', 0),
(51, 1, 1, 51, 1, 51, 5, 1, '53-1030', NULL, 'Free', '2021-06-21 15:06:27', '2021-06-22 08:01:29', '17', 0.000, 0.000, 106, 1, NULL, 106, 106, '2021-06-21 09:06:27', '2021-06-22 02:01:32', 0),
(52, 1, 1, 52, 1, 52, 5, 1, '53-2183', NULL, 'Free', '2021-06-21 15:09:36', '2021-06-21 17:17:37', '3', 0.000, 0.000, 106, 1, NULL, 106, 106, '2021-06-21 09:09:36', '2021-06-21 11:17:39', 0),
(53, 1, 1, 53, 1, 53, 1, 1, '27-4781', NULL, 'Free', '2021-06-21 15:10:46', '2021-06-21 15:28:38', '1', 0.000, 0.000, 106, 1, NULL, 106, 106, '2021-06-21 09:10:46', '2021-06-21 09:28:39', 0),
(54, 1, 1, 54, 1, 54, 4, 1, '15-6651', NULL, 'Free', '2021-06-21 15:15:18', '2021-06-21 16:54:21', '2', 0.000, 0.000, 106, 1, NULL, 106, 106, '2021-06-21 09:15:18', '2021-06-21 10:54:35', 0),
(55, 1, 1, 55, 1, 55, 1, 1, '35-8318', '01755648455', 'Free', '2021-06-21 15:16:22', '2021-06-21 15:35:08', '1', 0.000, 0.000, 106, 1, NULL, 106, 106, '2021-06-21 09:16:22', '2021-06-21 09:35:11', 0),
(56, 1, 1, 56, 3, 56, 4, 1, '21-1297', NULL, 'Paid', '2021-06-21 15:22:01', '2021-06-21 16:07:17', '1', 60.000, 0.000, 106, 1, NULL, 106, 106, '2021-06-21 09:22:01', '2021-06-21 10:07:19', 0),
(57, 1, 1, 57, 1, 57, 1, 1, '29-4891', NULL, 'Free', '2021-06-21 15:24:30', '2021-06-21 19:19:18', '4', 0.000, 0.000, 106, 1, NULL, 106, 106, '2021-06-21 09:24:30', '2021-06-21 13:19:20', 0),
(58, 1, 1, 58, 8, 58, 5, 1, '53-7523', NULL, 'Free', '2021-06-21 15:28:06', '2021-06-21 15:30:24', '1', 0.000, 0.000, 106, 1, NULL, 106, 106, '2021-06-21 09:28:06', '2021-06-21 09:30:26', 0),
(59, 1, 1, 59, 1, 59, 1, 1, '26-5890', NULL, 'Free', '2021-06-21 15:32:28', '2021-06-21 17:30:20', '2', 0.000, 0.000, 106, 1, NULL, 106, 106, '2021-06-21 09:32:28', '2021-06-21 11:30:28', 0),
(60, 1, 1, 60, 1, 60, 1, 1, '37-9882', NULL, 'Free', '2021-06-21 15:37:50', '2021-06-23 08:13:59', '41', 0.000, 0.000, 106, 1, NULL, 106, 106, '2021-06-21 09:37:50', '2021-06-23 02:14:01', 0),
(61, 2, 1, 61, 3, 61, 7, 1, '51-3376', NULL, 'Paid', '2021-06-21 15:39:28', '2021-06-21 15:58:35', '1', 25.000, 0.000, 106, 1, NULL, 106, 106, '2021-06-21 09:39:28', '2021-06-21 09:58:37', 0),
(62, 1, 1, 62, 8, 62, 4, 1, '150488', NULL, 'Paid', '2021-06-21 15:49:18', '2021-06-21 22:41:33', '7', 240.000, 0.000, 106, 1, NULL, 106, 106, '2021-06-21 09:49:18', '2021-06-21 16:41:47', 0),
(63, 1, 1, 63, 2, 63, 1, 1, '28-6309', NULL, 'Free', '2021-06-21 15:51:35', '2021-06-21 16:24:16', '1', 0.000, 0.000, 106, 1, NULL, 106, 106, '2021-06-21 09:51:35', '2021-06-21 10:24:18', 0),
(64, 1, 1, 64, 3, 64, 3, 1, '17-7602', NULL, 'Paid', '2021-06-21 16:04:15', '2021-06-21 17:05:54', '2', 90.000, 0.000, 106, 1, NULL, 106, 106, '2021-06-21 10:04:15', '2021-06-21 11:06:04', 0),
(65, 2, 1, 65, 1, 65, 7, 1, '12-6627', NULL, 'Free', '2021-06-21 16:05:23', '2021-06-23 08:14:21', '41', 0.000, 0.000, 106, 1, NULL, 106, 106, '2021-06-21 10:05:23', '2021-06-23 02:14:24', 0),
(66, 1, 1, 66, 3, 66, 10, 1, '00-0459', NULL, 'Paid', '2021-06-21 16:11:51', '2021-06-21 17:48:19', '2', 90.000, 0.000, 106, 1, NULL, 106, 106, '2021-06-21 10:11:51', '2021-06-21 11:48:21', 0),
(67, 1, 1, 67, 1, 67, 1, 1, '35-8318', '01755648455', 'Free', '2021-06-21 16:14:37', '2021-06-21 18:35:37', '3', 0.000, 0.000, 106, 1, NULL, 106, 106, '2021-06-21 10:14:37', '2021-06-21 12:35:39', 0),
(68, 2, 1, 68, 1, 68, 7, 1, '32-0382', NULL, 'Free', '2021-06-21 16:15:26', '2021-06-21 16:45:21', '1', 0.000, 0.000, 106, 1, NULL, 106, 106, '2021-06-21 10:15:26', '2021-06-21 10:45:22', 0),
(69, 1, 1, 69, 1, 69, 1, 1, '34-5247', '01769501607', 'Free', '2021-06-21 16:28:44', '2021-06-23 08:14:32', '40', 0.000, 0.000, 106, 1, NULL, 106, 106, '2021-06-21 10:28:44', '2021-06-23 02:14:33', 0),
(70, 1, 1, 70, 1, 70, 1, 1, '34-5567', '01708800777', 'Free', '2021-06-21 16:29:23', '2021-06-21 16:29:35', '1', 0.000, 0.000, 106, 1, NULL, 106, 106, '2021-06-21 10:29:23', '2021-06-21 10:29:36', 0),
(71, 1, 1, 71, 8, 71, 1, 1, '34-3230', '01819214867', 'Paid', '2021-06-21 16:33:32', '2021-06-21 19:10:39', '3', 120.000, 0.000, 106, 1, NULL, 106, 106, '2021-06-21 10:33:32', '2021-06-21 13:10:42', 0),
(72, 1, 1, 72, 1, 72, 9, 1, '13-4511', NULL, 'Free', '2021-06-21 16:42:01', '2021-06-22 11:25:25', '19', 0.000, 0.000, 106, 1, NULL, 106, 106, '2021-06-21 10:42:01', '2021-06-22 05:25:27', 0),
(73, 1, 1, 73, 3, 73, 1, 1, '29-6968', NULL, 'Paid', '2021-06-21 16:44:26', '2021-06-21 19:01:45', '3', 120.000, 0.000, 106, 1, NULL, 106, 106, '2021-06-21 10:44:26', '2021-06-21 13:01:48', 0),
(74, 1, 1, 74, 7, 74, 5, 1, '511483', NULL, 'Free', '2021-06-21 16:50:00', '2021-06-21 18:11:00', '2', 0.000, 0.000, 106, 1, NULL, 106, 106, '2021-06-21 10:50:00', '2021-06-21 12:11:07', 0),
(75, 1, 1, 75, 3, 75, 1, 1, '43-5578', NULL, 'Paid', '2021-06-21 17:07:17', '2021-06-21 18:37:04', '2', 90.000, 0.000, 106, 1, NULL, 106, 106, '2021-06-21 11:07:17', '2021-06-21 12:37:05', 0),
(76, 1, 1, 76, 3, 76, 1, 1, '36-2025', NULL, 'Paid', '2021-06-21 17:10:29', '2021-06-21 20:49:40', '4', 150.000, 0.000, 106, 1, NULL, 106, 106, '2021-06-21 11:10:29', '2021-06-21 14:49:41', 0),
(77, 1, 1, 77, 6, 77, 4, 1, '18-4167', NULL, 'Free', '2021-06-21 17:32:49', '2021-06-21 20:33:14', '4', 0.000, 0.000, 106, 1, NULL, 106, 106, '2021-06-21 11:32:49', '2021-06-21 14:33:16', 0),
(78, 1, 1, 78, 1, 78, 1, 1, '33-5212', NULL, 'Free', '2021-06-21 17:34:37', '2021-06-22 06:37:07', '14', 0.000, 0.000, 106, 1, NULL, 106, 106, '2021-06-21 11:34:37', '2021-06-22 00:37:11', 0),
(79, 1, 1, 79, 1, 79, 1, 1, '318166', NULL, 'Free', '2021-06-21 17:52:55', '2021-06-22 05:57:37', '13', 0.000, 0.000, 106, 1, NULL, 106, 106, '2021-06-21 11:52:55', '2021-06-21 23:57:40', 0),
(80, 1, 1, 80, 1, 80, 1, 1, '34-5567', '01708800777', 'Free', '2021-06-21 18:08:22', '2021-06-23 08:15:21', '39', 0.000, 0.000, 106, 1, NULL, 106, 106, '2021-06-21 12:08:22', '2021-06-23 02:15:23', 0),
(81, 1, 1, 81, 1, 81, 1, 1, '22-0701', NULL, 'Free', '2021-06-21 18:11:58', '2021-06-21 18:17:32', '1', 0.000, 0.000, 106, 1, NULL, 106, 106, '2021-06-21 12:11:58', '2021-06-21 12:17:35', 0),
(82, 2, 1, 82, 1, 82, 5, 1, '53-2183', NULL, 'Free', '2021-06-21 18:16:42', '2021-06-21 21:04:23', '3', 0.000, 0.000, 106, 1, NULL, 106, 106, '2021-06-21 12:16:42', '2021-06-21 15:04:25', 0),
(83, 1, 1, 83, 1, 83, 4, 1, '39-1326', NULL, 'Free', '2021-06-21 18:17:17', '2021-06-22 07:01:25', '13', 0.000, 0.000, 106, 1, NULL, 106, 106, '2021-06-21 12:17:17', '2021-06-22 01:01:27', 0),
(84, 1, 1, 84, 1, 84, 1, 1, '31-8086', NULL, 'Free', '2021-06-21 18:35:22', '2021-06-22 16:10:54', '22', 0.000, 0.000, 106, 1, NULL, 106, 106, '2021-06-21 12:35:22', '2021-06-22 10:10:55', 0),
(85, 2, 1, 85, 1, 85, 7, 1, '11-5134', '01769501537', 'Free', '2021-06-21 18:39:06', '2021-06-21 20:12:30', '2', 0.000, 0.000, 106, 1, NULL, 106, 106, '2021-06-21 12:39:06', '2021-06-21 14:12:36', 0),
(86, 1, 1, 86, 3, 86, 1, 1, '27-7742', NULL, 'Paid', '2021-06-21 19:07:29', '2021-06-21 19:16:23', '1', 60.000, 0.000, 106, 1, NULL, 106, 106, '2021-06-21 13:07:29', '2021-06-21 13:16:25', 0),
(87, 1, 1, 87, 7, 87, 5, 1, '52-0207', '01749146958', 'Free', '2021-06-21 19:08:17', '2021-06-21 20:33:45', '2', 0.000, 0.000, 106, 1, NULL, 106, 106, '2021-06-21 13:08:17', '2021-06-21 14:33:46', 0),
(88, 1, 1, 88, 1, 88, 1, 1, '25-4646', NULL, 'Free', '2021-06-21 19:18:20', '2021-06-22 16:39:41', '22', 0.000, 0.000, 106, 1, NULL, 106, 106, '2021-06-21 13:18:20', '2021-06-22 10:39:42', 0),
(89, 1, 1, 89, 3, 89, 1, 1, '34-3101', NULL, 'Paid', '2021-06-21 19:28:59', '2021-06-21 20:26:49', '1', 60.000, 0.000, 106, 1, NULL, 106, 106, '2021-06-21 13:28:59', '2021-06-21 14:26:51', 0),
(90, 1, 1, 90, 3, 90, 1, 1, '34-3101', NULL, 'Paid', '2021-06-21 19:29:21', '2021-06-21 20:27:31', '1', 60.000, 0.000, 106, 1, NULL, 106, 106, '2021-06-21 13:29:21', '2021-06-21 14:27:33', 0),
(91, 1, 1, 91, 7, 91, 1, 1, '21-2200', NULL, 'Free', '2021-06-21 19:34:56', '2021-06-21 20:35:23', '2', 0.000, 0.000, 106, 1, NULL, 106, 106, '2021-06-21 13:34:56', '2021-06-21 14:35:25', 0),
(92, 2, 1, 92, 3, 92, 8, 1, '00-00000', NULL, 'Paid', '2021-06-21 19:37:55', '2021-06-21 20:21:29', '1', 25.000, 0.000, 106, 1, NULL, 106, 106, '2021-06-21 13:37:55', '2021-06-21 14:21:30', 0),
(93, 2, 1, 93, 3, 93, 8, 1, '39-79-18', NULL, 'Paid', '2021-06-21 19:47:38', '2021-06-21 19:51:08', '1', 25.000, 0.000, 106, 1, NULL, 106, 106, '2021-06-21 13:47:38', '2021-06-21 13:51:11', 0),
(94, 1, 1, 94, 3, 94, 1, 1, '29-4900', NULL, 'Paid', '2021-06-21 19:56:27', '2021-06-21 21:19:17', '2', 90.000, 0.000, 106, 1, NULL, 106, 106, '2021-06-21 13:56:27', '2021-06-21 15:19:18', 0),
(95, 1, 1, 95, 1, 95, 1, 1, '34-6248', NULL, 'Free', '2021-06-21 19:57:03', '2021-06-21 20:16:52', '1', 0.000, 0.000, 106, 1, NULL, 106, 106, '2021-06-21 13:57:03', '2021-06-21 14:16:53', 0),
(96, 2, 1, 96, 3, 96, 7, 1, '32-7946', NULL, 'Paid', '2021-06-21 19:58:38', '2021-06-21 22:12:16', '3', 65.000, 0.000, 106, 1, NULL, 106, 106, '2021-06-21 13:58:38', '2021-06-21 16:12:20', 0),
(97, 2, 1, 97, 3, 97, 8, 1, '35-7038', NULL, 'Paid', '2021-06-21 20:07:32', '2021-06-21 21:34:11', '2', 45.000, 0.000, 106, 1, NULL, 106, 106, '2021-06-21 14:07:32', '2021-06-21 15:34:13', 0),
(98, 2, 1, 98, 3, 98, 8, 1, '38-3034', NULL, 'Paid', '2021-06-21 21:14:24', '2021-06-21 22:13:13', '1', 25.000, 0.000, 106, 1, NULL, 106, 106, '2021-06-21 15:14:24', '2021-06-21 16:13:15', 0),
(99, 1, 1, 99, 1, 99, 1, 1, '25-4645', NULL, 'Free', '2021-06-21 21:34:36', '2021-06-21 22:02:14', '1', 0.000, 0.000, 106, 1, NULL, 106, 106, '2021-06-21 15:34:36', '2021-06-21 16:02:16', 0),
(100, 1, 1, 100, 3, 100, 1, 1, '42-6787', NULL, 'Paid', '2021-06-21 21:37:17', '2021-06-21 22:35:34', '1', 60.000, 0.000, 106, 1, NULL, 106, 106, '2021-06-21 15:37:17', '2021-06-21 16:35:39', 0),
(101, 2, 1, 101, 1, 101, 8, 1, '32-5139', '01746272535', 'Free', '2021-06-22 06:11:28', '2021-06-22 13:49:50', '8', 0.000, 0.000, 106, 1, NULL, 106, 106, '2021-06-22 00:11:28', '2021-06-22 07:49:52', 0),
(102, 1, 1, 102, 1, 102, 5, 1, '53-5352', NULL, 'Free', '2021-06-22 06:36:51', '2021-06-22 07:01:10', '1', 0.000, 0.000, 106, 1, NULL, 106, 106, '2021-06-22 00:36:51', '2021-06-22 01:01:13', 0),
(103, 1, 1, 103, 1, 103, 1, 1, '33-5212', NULL, 'Free', '2021-06-22 06:40:44', '2021-06-22 08:06:14', '2', 0.000, 0.000, 106, 1, NULL, 106, 106, '2021-06-22 00:40:44', '2021-06-22 02:06:18', 0),
(104, 2, 1, 104, 1, 104, 8, 1, '51-7377', NULL, 'Free', '2021-06-22 06:42:51', '2021-06-22 15:25:34', '9', 0.000, 0.000, 106, 1, NULL, 106, 106, '2021-06-22 00:42:51', '2021-06-22 09:25:36', 0),
(105, 1, 1, 105, 1, 105, 1, 1, '22-0701', NULL, 'Free', '2021-06-22 06:43:18', '2021-06-22 08:25:15', '2', 0.000, 0.000, 106, 1, NULL, 106, 106, '2021-06-22 00:43:18', '2021-06-22 02:25:17', 0),
(106, 1, 1, 106, 1, 106, 1, 1, '25-4645', NULL, 'Free', '2021-06-22 06:43:36', '2021-06-22 09:21:14', '3', 0.000, 0.000, 106, 1, NULL, 106, 106, '2021-06-22 00:43:36', '2021-06-22 03:21:16', 0),
(107, 2, 1, 107, 1, 107, 8, 1, '20-3103', '01680101606', 'Free', '2021-06-22 07:02:53', '2021-06-22 17:02:07', '10', 0.000, 0.000, 106, 1, NULL, 106, 106, '2021-06-22 01:02:53', '2021-06-22 11:02:09', 0),
(108, 1, 1, 108, 1, 108, 1, 1, '31-8086', NULL, 'Free', '2021-06-22 07:57:52', '2021-06-22 10:35:43', '3', 0.000, 0.000, 106, 1, NULL, 106, 106, '2021-06-22 01:57:52', '2021-06-22 04:35:45', 0),
(109, 1, 1, 109, 1, 109, 1, 1, '17-3479', '01713178896', 'Free', '2021-06-22 08:09:25', '2021-06-22 18:12:58', '11', 0.000, 0.000, 106, 1, NULL, 106, 106, '2021-06-22 02:09:25', '2021-06-22 12:13:00', 0),
(110, 1, 1, 110, 1, 110, 1, 1, '33-5212', NULL, 'Free', '2021-06-22 08:26:02', '2021-06-22 10:41:04', '3', 0.000, 0.000, 106, 1, NULL, 106, 106, '2021-06-22 02:26:02', '2021-06-22 04:41:05', 0),
(111, 1, 1, 111, 1, 111, 1, 1, '22-8700', '01713178918', 'Free', '2021-06-22 08:26:44', '2021-06-22 08:27:13', '1', 0.000, 0.000, 106, 1, NULL, 106, 106, '2021-06-22 02:26:44', '2021-06-22 02:27:14', 0),
(112, 1, 1, 112, 6, 112, 5, 1, '19-0881', NULL, 'Free', '2021-06-22 08:30:36', '2021-06-22 10:31:31', '3', 0.000, 0.000, 106, 1, NULL, 106, 106, '2021-06-22 02:30:36', '2021-06-22 04:31:33', 0),
(113, 1, 1, 113, 7, 113, 1, 1, '39-1961', '01312835768', 'Paid', '2021-06-22 08:38:40', '2021-06-22 12:17:32', '4', 150.000, 0.000, 106, 1, NULL, 106, 106, '2021-06-22 02:38:40', '2021-06-22 06:17:41', 0),
(114, 1, 1, 114, 1, 114, 1, 1, '34-9447', '01708800978', 'Free', '2021-06-22 08:43:30', '2021-06-22 12:39:37', '4', 0.000, 0.000, 106, 1, NULL, 106, 106, '2021-06-22 02:43:30', '2021-06-22 06:39:39', 0),
(115, 2, 1, 115, 7, 115, 8, 1, '46-7080', NULL, 'Free', '2021-06-22 08:47:40', '2021-06-22 20:22:16', '12', 0.000, 0.000, 106, 1, NULL, 106, 106, '2021-06-22 02:47:40', '2021-06-22 14:22:19', 0),
(116, 1, 1, 116, 1, 116, 1, 1, '29-4891', NULL, 'Free', '2021-06-22 08:50:16', '2021-06-22 08:50:21', '1', 0.000, 0.000, 106, 1, NULL, 106, 106, '2021-06-22 02:50:16', '2021-06-22 02:50:22', 0),
(117, 1, 1, 117, 1, 117, 7, 1, '50-8922', '01708800819', 'Free', '2021-06-22 08:52:14', '2021-06-22 17:25:57', '9', 0.000, 0.000, 106, 1, NULL, 106, 106, '2021-06-22 02:52:14', '2021-06-22 11:25:59', 0),
(118, 2, 1, 118, 1, 118, 4, 1, '39-1326', NULL, 'Free', '2021-06-22 08:57:15', '2021-06-22 15:16:21', '7', 0.000, 0.000, 106, 1, NULL, 106, 106, '2021-06-22 02:57:15', '2021-06-22 09:16:27', 0),
(119, 1, 1, 119, 1, 119, 1, 1, '42-2541', NULL, 'Free', '2021-06-22 08:58:07', '2021-06-22 10:51:37', '2', 0.000, 0.000, 106, 1, NULL, 106, 106, '2021-06-22 02:58:07', '2021-06-22 04:51:38', 0),
(120, 2, 1, 120, 1, 120, 7, 1, '57-7611', '01708800723', 'Free', '2021-06-22 08:58:28', '2021-06-22 17:40:20', '9', 0.000, 0.000, 106, 1, NULL, 106, 106, '2021-06-22 02:58:28', '2021-06-22 11:40:23', 0),
(121, 2, 1, 121, 1, 121, 7, 1, '27-0394', '01769501543', 'Free', '2021-06-22 09:00:31', '2021-06-22 18:00:23', '9', 0.000, 0.000, 106, 1, NULL, 106, 106, '2021-06-22 03:00:31', '2021-06-22 12:00:25', 0),
(122, 2, 1, 122, 1, 122, 7, 1, '55-1364', '01720957771', 'Free', '2021-06-22 09:02:02', '2021-06-22 18:29:31', '10', 0.000, 0.000, 106, 1, NULL, 106, 106, '2021-06-22 03:02:02', '2021-06-22 12:29:33', 0),
(123, 2, 1, 123, 1, 123, 8, 1, '38-8674', '01708800969', 'Free', '2021-06-22 09:02:31', '2021-06-22 18:07:32', '10', 0.000, 0.000, 106, 1, NULL, 106, 106, '2021-06-22 03:02:31', '2021-06-22 12:07:34', 0),
(124, 2, 1, 124, 1, 124, 7, 1, '56-6447', '01769501521', 'Free', '2021-06-22 09:03:00', '2021-06-22 17:40:31', '9', 0.000, 0.000, 106, 1, NULL, 106, 106, '2021-06-22 03:03:00', '2021-06-22 11:40:32', 0),
(125, 1, 1, 125, 1, 125, 1, 1, '25-4646', NULL, 'Free', '2021-06-22 09:04:37', '2021-06-22 11:42:38', '3', 0.000, 0.000, 106, 1, NULL, 106, 106, '2021-06-22 03:04:37', '2021-06-22 05:42:40', 0),
(126, 1, 1, 126, 8, 126, 1, 1, '26-0720', '01717593177', 'Paid', '2021-06-22 09:04:52', '2021-06-22 18:04:29', '9', 300.000, 0.000, 106, 1, NULL, 106, 106, '2021-06-22 03:04:52', '2021-06-22 12:04:32', 0),
(127, 1, 1, 127, 1, 127, 5, 1, '53-1030', NULL, 'Free', '2021-06-22 09:05:25', '2021-06-22 17:57:01', '9', 0.000, 0.000, 106, 1, NULL, 106, 106, '2021-06-22 03:05:25', '2021-06-22 11:57:02', 0),
(128, 1, 1, 128, 7, 128, 1, 1, '17-2415', NULL, 'Paid', '2021-06-22 09:06:09', '2021-06-22 19:34:27', '11', 360.000, 0.000, 106, 1, NULL, 106, 106, '2021-06-22 03:06:09', '2021-06-22 13:34:31', 0),
(129, 2, 1, 129, 1, 129, 7, 1, '34-0574', '01769501570', 'Free', '2021-06-22 09:07:45', '2021-06-22 17:13:37', '9', 0.000, 0.000, 106, 1, NULL, 106, 106, '2021-06-22 03:07:45', '2021-06-22 11:13:38', 0),
(130, 2, 1, 130, 1, 130, 7, 1, '64-9304', '01708800825', 'Free', '2021-06-22 09:07:59', '2021-06-22 17:47:09', '9', 0.000, 0.000, 106, 1, NULL, 106, 106, '2021-06-22 03:07:59', '2021-06-22 11:47:10', 0),
(131, 2, 1, 131, 3, 131, 1, 1, '26-3176', NULL, 'Paid', '2021-06-22 09:09:36', '2021-06-22 09:34:16', '1', 25.000, 0.000, 106, 1, NULL, 106, 106, '2021-06-22 03:09:36', '2021-06-22 03:34:38', 0),
(132, 1, 1, 132, 7, 132, 1, 1, '51-1483', NULL, 'Paid', '2021-06-22 09:10:17', '2021-06-22 16:59:18', '8', 270.000, 0.000, 106, 1, NULL, 106, 106, '2021-06-22 03:10:17', '2021-06-22 10:59:22', 0),
(133, 1, 1, 133, 1, 133, 5, 1, '53-5352', NULL, 'Free', '2021-06-22 09:10:43', '2021-06-22 10:54:29', '2', 0.000, 0.000, 106, 1, NULL, 106, 106, '2021-06-22 03:10:43', '2021-06-22 04:54:30', 0),
(134, 1, 1, 134, 6, 134, 1, 1, '12-7303', '01944530813', 'Free', '2021-06-22 09:11:33', '2021-06-23 08:15:27', '24', 0.000, 0.000, 106, 1, NULL, 106, 106, '2021-06-22 03:11:33', '2021-06-23 02:15:30', 0),
(135, 2, 1, 135, 1, 135, 7, 1, '42-0678', '01769501421', 'Free', '2021-06-22 09:13:17', '2021-06-23 08:15:35', '24', 0.000, 0.000, 106, 1, NULL, 106, 106, '2021-06-22 03:13:17', '2021-06-23 02:15:40', 0),
(136, 2, 1, 136, 7, 136, 7, 1, '54-2806', NULL, 'Free', '2021-06-22 09:13:50', '2021-06-22 21:08:08', '12', 0.000, 0.000, 106, 1, NULL, 106, 106, '2021-06-22 03:13:50', '2021-06-22 15:08:11', 0),
(137, 1, 1, 137, 1, 137, 1, 1, '22-0701', NULL, 'Free', '2021-06-22 09:14:01', '2021-06-22 09:45:03', '1', 0.000, 0.000, 106, 1, NULL, 106, 106, '2021-06-22 03:14:01', '2021-06-22 03:45:05', 0),
(138, 1, 1, 138, 8, 138, 1, 1, '34-8820', '01716381881', 'Paid', '2021-06-22 09:15:44', '2021-06-22 17:39:43', '9', 300.000, 0.000, 106, 1, NULL, 106, 106, '2021-06-22 03:15:44', '2021-06-22 11:39:49', 0),
(139, 1, 1, 139, 1, 139, 1, 1, '35-8318', '01755648455', 'Free', '2021-06-22 09:16:33', '2021-06-22 10:11:52', '1', 0.000, 0.000, 106, 1, NULL, 106, 106, '2021-06-22 03:16:33', '2021-06-22 04:11:54', 0),
(140, 2, 1, 140, 2, 140, 8, 1, '50-9064', '01717691113', 'Paid', '2021-06-22 09:17:05', '2021-06-22 15:28:16', '7', 145.000, 0.000, 106, 1, NULL, 106, 106, '2021-06-22 03:17:05', '2021-06-22 09:28:20', 0),
(141, 1, 1, 141, 9, 141, 1, 1, '13-6694', '01708800787', 'Free', '2021-06-22 09:17:25', '2021-06-22 18:07:00', '9', 0.000, 0.000, 106, 1, NULL, 106, 106, '2021-06-22 03:17:25', '2021-06-22 12:07:01', 0),
(142, 2, 1, 142, 2, 142, 7, 1, '66-2821', '01735381920', 'Paid', '2021-06-22 09:18:15', '2021-06-22 13:04:08', '4', 85.000, 0.000, 106, 1, NULL, 106, 106, '2021-06-22 03:18:15', '2021-06-22 07:04:10', 0),
(143, 2, 1, 143, 9, 143, 7, 1, '24-4152', '01775827127', 'Free', '2021-06-22 09:18:34', '2021-06-22 18:49:02', '10', 0.000, 0.000, 106, 1, NULL, 106, 106, '2021-06-22 03:18:34', '2021-06-22 12:49:06', 0),
(144, 1, 1, 144, 2, 144, 1, 1, '23-2886', '01719367310', 'Paid', '2021-06-22 09:20:29', '2021-06-22 20:56:06', '12', 390.000, 0.000, 106, 1, NULL, 106, 106, '2021-06-22 03:20:29', '2021-06-22 14:56:16', 0),
(145, 1, 1, 145, 8, 145, 1, 1, '32-5015', '01711417777', 'Paid', '2021-06-22 09:21:46', '2021-06-23 08:15:46', '23', 720.000, 0.000, 106, 1, NULL, 106, 106, '2021-06-22 03:21:46', '2021-06-23 02:15:51', 0),
(146, 2, 1, 146, 9, 146, 8, 1, '58-3693', '01712996998', 'Free', '2021-06-22 09:24:19', '2021-06-22 13:55:55', '5', 0.000, 0.000, 106, 1, NULL, 106, 106, '2021-06-22 03:24:19', '2021-06-22 07:55:56', 0),
(147, 2, 1, 147, 1, 147, 7, 1, '42-3880', '01769501412', 'Free', '2021-06-22 09:27:03', '2021-06-22 09:32:28', '1', 0.000, 0.000, 106, 1, NULL, 106, 106, '2021-06-22 03:27:03', '2021-06-22 03:32:30', 0),
(148, 1, 1, 148, 6, 148, 4, 1, '17-2697', '01712296657', 'Free', '2021-06-22 09:29:54', '2021-06-23 08:15:57', '23', 0.000, 0.000, 106, 1, NULL, 106, 106, '2021-06-22 03:29:54', '2021-06-23 02:16:02', 0),
(149, 1, 1, 149, 6, 149, 4, 1, '18-4167', NULL, 'Paid', '2021-06-22 09:30:31', '2021-06-22 13:06:38', '4', 150.000, 0.000, 106, 1, NULL, 106, 106, '2021-06-22 03:30:31', '2021-06-22 07:06:42', 0),
(150, 1, 1, 150, 2, 150, 1, 1, '45-2385', '01716435270', 'Paid', '2021-06-22 09:31:22', '2021-06-22 21:24:29', '12', 390.000, 0.000, 106, 1, NULL, 106, 106, '2021-06-22 03:31:22', '2021-06-22 15:24:42', 0),
(151, 2, 1, 151, 1, 151, 7, 1, '42-3880', '01769501412', 'Free', '2021-06-22 09:32:44', '2021-06-22 18:27:02', '9', 0.000, 0.000, 106, 1, NULL, 106, 106, '2021-06-22 03:32:44', '2021-06-22 12:27:03', 0),
(152, 1, 1, 152, 7, 152, 5, 1, '11-6948', '01911955980', 'Paid', '2021-06-22 09:51:43', '2021-06-22 11:00:54', '2', 90.000, 0.000, 106, 1, NULL, 106, 106, '2021-06-22 03:51:43', '2021-06-22 05:00:56', 0),
(153, 1, 1, 153, 8, 153, 1, 1, '43-3536', NULL, 'Paid', '2021-06-22 09:53:36', '2021-06-22 19:44:52', '10', 330.000, 0.000, 106, 1, NULL, 106, 106, '2021-06-22 03:53:36', '2021-06-22 13:44:54', 0),
(154, 1, 1, 154, 1, 154, 5, 1, '56-2320', NULL, 'Free', '2021-06-22 09:53:56', '2021-06-22 11:51:39', '2', 0.000, 0.000, 106, 1, NULL, 106, 106, '2021-06-22 03:53:56', '2021-06-22 05:51:40', 0),
(155, 1, 1, 155, 2, 155, 1, 1, '22-3275', '01715593455', 'Paid', '2021-06-22 09:54:30', '2021-06-22 20:20:41', '11', 360.000, 0.000, 106, 1, NULL, 106, 106, '2021-06-22 03:54:30', '2021-06-22 14:20:48', 0),
(156, 2, 1, 156, 2, 156, 7, 1, '36-1731', NULL, 'Paid', '2021-06-22 09:56:00', '2021-06-22 12:45:43', '3', 65.000, 0.000, 106, 1, NULL, 106, 106, '2021-06-22 03:56:00', '2021-06-22 06:45:48', 0),
(157, 2, 1, 157, 8, 157, 7, 1, '36-1810', '01712568137', 'Paid', '2021-06-22 10:01:22', '2021-06-22 16:22:45', '7', 145.000, 0.000, 106, 1, NULL, 106, 106, '2021-06-22 04:01:22', '2021-06-22 10:23:04', 0),
(158, 1, 1, 158, 1, 158, 1, 1, '39-2228', NULL, 'Free', '2021-06-22 10:02:44', '2021-06-22 11:12:13', '2', 0.000, 0.000, 106, 1, NULL, 106, 106, '2021-06-22 04:02:44', '2021-06-22 05:12:15', 0),
(159, 2, 1, 159, 2, 159, 8, 1, '46-8088', '01716102783', 'Paid', '2021-06-22 10:08:25', '2021-06-22 18:09:11', '9', 185.000, 0.000, 106, 1, NULL, 106, 106, '2021-06-22 04:08:25', '2021-06-22 12:09:12', 0),
(160, 1, 1, 160, 8, 160, 1, 1, '28-6322', NULL, 'Paid', '2021-06-22 10:09:44', '2021-06-22 10:23:11', '1', 60.000, 0.000, 106, 1, NULL, 106, 106, '2021-06-22 04:09:44', '2021-06-22 04:23:18', 0),
(161, 1, 1, 161, 8, 161, 1, 1, '31-3713', NULL, 'Paid', '2021-06-22 10:14:35', '2021-06-22 10:51:08', '1', 60.000, 0.000, 106, 1, NULL, 106, 106, '2021-06-22 04:14:35', '2021-06-22 04:51:14', 0),
(162, 2, 1, 162, 8, 162, 8, 1, '31-3309', '01711139405', 'Paid', '2021-06-22 10:16:45', '2021-06-22 17:56:21', '8', 165.000, 0.000, 106, 1, NULL, 106, 106, '2021-06-22 04:16:45', '2021-06-22 11:56:23', 0),
(163, 2, 1, 163, 8, 163, 7, 1, '34-7737', NULL, 'Paid', '2021-06-22 10:18:33', '2021-06-22 17:26:57', '8', 165.000, 0.000, 106, 1, NULL, 106, 106, '2021-06-22 04:18:33', '2021-06-22 11:26:58', 0),
(164, 1, 1, 164, 8, 164, 1, 1, '42-1461', '01713015978', 'Free', '2021-06-22 10:20:40', '2021-06-22 19:44:04', '10', 0.000, 0.000, 106, 1, NULL, 106, 106, '2021-06-22 04:20:40', '2021-06-22 13:44:06', 0),
(165, 2, 1, 165, 7, 165, 8, 1, '51-6375', '01980001509', 'Free', '2021-06-22 10:26:35', '2021-06-22 19:28:06', '10', 0.000, 0.000, 106, 1, NULL, 106, 106, '2021-06-22 04:26:35', '2021-06-22 13:28:07', 0),
(166, 1, 1, 166, 1, 166, 1, 1, '22-0701', NULL, 'Free', '2021-06-22 10:28:20', '2021-06-22 10:54:51', '1', 0.000, 0.000, 106, 1, NULL, 106, 106, '2021-06-22 04:28:20', '2021-06-22 04:55:23', 0),
(167, 1, 1, 167, 1, 167, 1, 1, '34-0436', NULL, 'Free', '2021-06-22 10:34:15', '2021-06-23 08:16:11', '22', 0.000, 0.000, 106, 1, NULL, 106, 106, '2021-06-22 04:34:15', '2021-06-23 02:16:13', 0),
(168, 1, 1, 168, 8, 168, 1, 1, '36-1992', NULL, 'Free', '2021-06-22 10:34:57', '2021-06-22 10:48:05', '1', 0.000, 0.000, 106, 1, NULL, 106, 106, '2021-06-22 04:34:57', '2021-06-22 04:48:06', 0),
(169, 2, 1, 169, 2, 169, 8, 1, '39-6753', '01877323077', 'Paid', '2021-06-22 10:35:57', '2021-06-23 08:16:18', '22', 445.000, 0.000, 106, 1, NULL, 106, 106, '2021-06-22 04:35:57', '2021-06-23 02:16:22', 0),
(170, 1, 1, 170, 1, 170, 4, 1, '15-8390', '01713000757', 'Free', '2021-06-22 10:38:59', '2021-06-22 10:39:39', '1', 0.000, 0.000, 106, 1, NULL, 106, 106, '2021-06-22 04:38:59', '2021-06-22 04:39:41', 0),
(171, 1, 1, 171, 2, 171, 1, 1, '32-0283', NULL, 'Paid', '2021-06-22 10:39:19', '2021-06-22 18:42:26', '9', 300.000, 0.000, 106, 1, NULL, 106, 106, '2021-06-22 04:39:19', '2021-06-22 12:42:27', 0),
(172, 1, 1, 172, 1, 172, 1, 1, '25-4645', NULL, 'Free', '2021-06-22 10:41:14', '2021-06-22 13:46:38', '4', 0.000, 0.000, 106, 1, NULL, 106, 106, '2021-06-22 04:41:14', '2021-06-22 07:46:39', 0),
(173, 2, 1, 173, 1, 173, 8, 1, '11-2605', '01708800782', 'Free', '2021-06-22 10:44:53', '2021-06-22 17:36:12', '7', 0.000, 0.000, 106, 1, NULL, 106, 106, '2021-06-22 04:44:53', '2021-06-22 11:36:14', 0),
(174, 1, 1, 174, 8, 174, 1, 1, '36-1955', NULL, 'Free', '2021-06-22 10:45:57', '2021-06-22 17:28:59', '7', 0.000, 0.000, 106, 1, NULL, 106, 106, '2021-06-22 04:45:57', '2021-06-22 11:29:03', 0),
(175, 1, 1, 175, 8, 175, 4, 1, '15-9408', NULL, 'Free', '2021-06-22 10:50:31', '2021-06-22 11:53:35', '2', 0.000, 0.000, 106, 1, NULL, 106, 106, '2021-06-22 04:50:31', '2021-06-22 05:53:36', 0),
(176, 1, 1, 176, 8, 176, 1, 1, '33-6322', NULL, 'Free', '2021-06-22 10:52:13', '2021-06-22 11:21:29', '1', 0.000, 0.000, 106, 1, NULL, 106, 106, '2021-06-22 04:52:13', '2021-06-22 05:21:32', 0),
(177, 1, 1, 177, 1, 177, 10, 1, '11-2231', NULL, 'Free', '2021-06-22 10:52:44', '2021-06-22 13:20:29', '3', 0.000, 0.000, 106, 1, NULL, 106, 106, '2021-06-22 04:52:44', '2021-06-22 07:20:30', 0),
(178, 1, 1, 178, 1, 178, 1, 1, '29-4891', NULL, 'Free', '2021-06-22 11:02:23', '2021-06-22 11:33:52', '1', 0.000, 0.000, 106, 1, NULL, 106, 106, '2021-06-22 05:02:23', '2021-06-22 05:33:54', 0),
(179, 1, 1, 179, 1, 179, 5, 1, '53-9519', NULL, 'Free', '2021-06-22 11:09:41', '2021-06-22 13:16:58', '3', 0.000, 0.000, 106, 1, NULL, 106, 106, '2021-06-22 05:09:41', '2021-06-22 07:17:00', 0),
(180, 1, 1, 180, 7, 180, 1, 1, '34-8329', '01980001500', 'Free', '2021-06-22 11:17:33', '2021-06-22 21:05:08', '10', 0.000, 0.000, 106, 1, NULL, 106, 106, '2021-06-22 05:17:33', '2021-06-22 15:05:16', 0),
(181, 2, 1, 181, 2, 181, 8, 1, '51-0261', NULL, 'Paid', '2021-06-22 11:21:15', '2021-06-22 13:58:55', '3', 65.000, 0.000, 106, 1, NULL, 106, 106, '2021-06-22 05:21:15', '2021-06-22 07:59:07', 0),
(182, 1, 1, 182, 1, 182, 1, 1, '22-0701', NULL, 'Free', '2021-06-22 11:26:23', '2021-06-22 16:17:30', '5', 0.000, 0.000, 106, 1, NULL, 106, 106, '2021-06-22 05:26:23', '2021-06-22 10:17:33', 0),
(183, 1, 1, 183, 1, 183, 5, 1, '53-4463', NULL, 'Free', '2021-06-22 11:26:44', '2021-06-22 16:17:45', '5', 0.000, 0.000, 106, 1, NULL, 106, 106, '2021-06-22 05:26:44', '2021-06-22 10:17:46', 0),
(184, 1, 1, 184, 8, 184, 1, 1, '34-3230', '01819214867', 'Free', '2021-06-22 11:27:46', '2021-06-22 11:28:34', '1', 0.000, 0.000, 106, 1, NULL, 106, 106, '2021-06-22 05:27:46', '2021-06-22 05:28:36', 0),
(185, 1, 1, 185, 8, 185, 1, 1, '34-3230', '01819214867', 'Free', '2021-06-22 11:28:54', '2021-06-22 20:02:06', '9', 0.000, 0.000, 106, 1, NULL, 106, 106, '2021-06-22 05:28:54', '2021-06-22 14:02:08', 0),
(186, 2, 1, 186, 2, 186, 8, 1, '43-3695', '01977452707', 'Paid', '2021-06-22 11:30:04', '2021-06-22 19:57:14', '9', 185.000, 0.000, 106, 1, NULL, 106, 106, '2021-06-22 05:30:04', '2021-06-22 13:57:17', 0),
(187, 1, 1, 187, 3, 187, 4, 1, '15-6793', NULL, 'Paid', '2021-06-22 11:37:48', '2021-06-22 12:46:28', '2', 90.000, 0.000, 106, 1, NULL, 106, 106, '2021-06-22 05:37:48', '2021-06-22 06:46:30', 0),
(188, 1, 1, 188, 3, 188, 4, 1, '13-7578', NULL, 'Paid', '2021-06-22 11:38:12', '2021-06-22 12:46:59', '2', 90.000, 0.000, 106, 1, NULL, 106, 106, '2021-06-22 05:38:12', '2021-06-22 06:49:39', 0),
(189, 2, 1, 189, 2, 189, 8, 1, '52-2109', '0170831495', 'Paid', '2021-06-22 11:39:06', '2021-06-22 14:21:57', '3', 65.000, 0.000, 106, 1, NULL, 106, 106, '2021-06-22 05:39:06', '2021-06-22 08:21:58', 0),
(190, 1, 1, 190, 1, 190, 1, 1, '39-0854', NULL, 'Free', '2021-06-22 11:45:54', '2021-06-22 12:13:38', '1', 0.000, 0.000, 106, 1, NULL, 106, 106, '2021-06-22 05:45:54', '2021-06-22 06:13:39', 0),
(191, 1, 1, 191, 1, 191, 1, 1, '45-1477', NULL, 'Free', '2021-06-22 11:51:21', '2021-06-22 12:43:02', '1', 0.000, 0.000, 106, 1, NULL, 106, 106, '2021-06-22 05:51:21', '2021-06-22 06:43:04', 0),
(192, 1, 1, 192, 8, 192, 5, 1, '11-7593', NULL, 'Free', '2021-06-22 11:54:14', '2021-06-22 11:54:57', '1', 0.000, 0.000, 106, 1, NULL, 106, 106, '2021-06-22 05:54:14', '2021-06-22 05:54:59', 0),
(193, 1, 1, 193, 7, 193, 1, 1, '19-2569', '01680486592', 'Free', '2021-06-22 11:58:45', '2021-06-22 18:03:27', '7', 0.000, 0.000, 106, 1, NULL, 106, 106, '2021-06-22 05:58:45', '2021-06-22 12:03:28', 0),
(194, 1, 1, 194, 8, 194, 5, 1, '13-0167', NULL, 'Free', '2021-06-22 12:02:09', '2021-06-22 12:05:22', '1', 0.000, 0.000, 106, 1, NULL, 106, 106, '2021-06-22 06:02:09', '2021-06-22 06:05:23', 0),
(195, 1, 1, 195, 1, 195, 1, 1, '27-8972', NULL, 'Free', '2021-06-22 12:03:06', '2021-06-23 07:21:19', '20', 0.000, 0.000, 106, 1, NULL, 106, 106, '2021-06-22 06:03:06', '2021-06-23 01:21:27', 0),
(196, 1, 1, 196, 8, 196, 5, 1, '11-7593', NULL, 'Free', '2021-06-22 12:05:57', '2021-06-22 12:09:33', '1', 0.000, 0.000, 106, 1, NULL, 106, 106, '2021-06-22 06:05:57', '2021-06-22 06:09:34', 0),
(197, 1, 1, 197, 1, 197, 9, 1, '15-0124', NULL, 'Free', '2021-06-22 12:09:10', '2021-06-22 12:22:25', '1', 0.000, 0.000, 106, 1, NULL, 106, 106, '2021-06-22 06:09:10', '2021-06-22 06:23:28', 0),
(198, 1, 1, 198, 7, 198, 5, 1, '56-1093', NULL, 'Free', '2021-06-22 12:11:30', '2021-06-22 12:17:13', '1', 0.000, 0.000, 106, 1, NULL, 106, 106, '2021-06-22 06:11:30', '2021-06-22 06:17:15', 0),
(199, 1, 1, 199, 8, 199, 4, 1, '103-1951', NULL, 'Free', '2021-06-22 12:18:54', '2021-06-22 13:07:34', '1', 0.000, 0.000, 106, 1, NULL, 106, 106, '2021-06-22 06:18:54', '2021-06-22 07:07:36', 0),
(200, 2, 1, 200, 7, 200, 8, 1, '22-5240', '01980001552', 'Free', '2021-06-22 12:21:33', '2021-06-22 19:54:04', '8', 0.000, 0.000, 106, 1, NULL, 106, 106, '2021-06-22 06:21:33', '2021-06-22 13:54:05', 0),
(201, 1, 1, 201, 8, 201, 1, 1, '25-7217', NULL, 'Free', '2021-06-22 12:24:10', '2021-06-22 13:04:25', '1', 0.000, 0.000, 106, 1, NULL, 106, 106, '2021-06-22 06:24:10', '2021-06-22 07:04:36', 0),
(202, 1, 1, 202, 7, 202, 5, 1, '52-0207', '01749146958', 'Free', '2021-06-22 12:33:21', '2021-06-22 13:18:25', '1', 0.000, 0.000, 106, 1, NULL, 106, 106, '2021-06-22 06:33:21', '2021-06-22 07:18:27', 0),
(203, 2, 1, 203, 1, 203, 7, 1, '12-5647', NULL, 'Free', '2021-06-22 12:33:59', '2021-06-22 17:26:33', '5', 0.000, 0.000, 106, 1, NULL, 106, 106, '2021-06-22 06:33:59', '2021-06-22 11:26:34', 0),
(204, 1, 1, 204, 1, 204, 1, 1, '25-4646', NULL, 'Free', '2021-06-22 12:43:44', '2021-06-22 16:39:48', '4', 0.000, 0.000, 106, 1, NULL, 106, 106, '2021-06-22 06:43:44', '2021-06-22 10:39:49', 0),
(205, 2, 1, 205, 1, 205, 7, 1, '11-3511', NULL, 'Free', '2021-06-22 12:50:18', '2021-06-23 08:16:39', '20', 0.000, 0.000, 106, 1, NULL, 106, 106, '2021-06-22 06:50:18', '2021-06-23 02:16:45', 0),
(206, 1, 1, 206, 1, 206, 1, 1, '34-5567', '01708800777', 'Free', '2021-06-22 12:50:31', '2021-06-22 20:07:10', '8', 0.000, 0.000, 106, 1, NULL, 106, 106, '2021-06-22 06:50:31', '2021-06-22 14:07:11', 0),
(207, 2, 1, 207, 3, 207, 7, 1, '38-9978', NULL, 'Paid', '2021-06-22 12:58:22', '2021-06-22 13:10:38', '1', 25.000, 0.000, 106, 1, NULL, 106, 106, '2021-06-22 06:58:22', '2021-06-22 07:10:40', 0),
(208, 1, 1, 208, 3, 208, 1, 1, '17-5014', NULL, 'Paid', '2021-06-22 13:05:19', '2021-06-22 13:39:19', '1', 60.000, 0.000, 106, 1, NULL, 106, 106, '2021-06-22 07:05:19', '2021-06-22 07:39:21', 0),
(209, 1, 1, 209, 1, 209, 1, 1, '33-5212', NULL, 'Free', '2021-06-22 13:06:06', '2021-06-22 14:51:59', '2', 0.000, 0.000, 106, 1, NULL, 106, 106, '2021-06-22 07:06:06', '2021-06-22 08:52:01', 0),
(210, 1, 1, 210, 1, 210, 1, 1, '22-8700', '01713178918', 'Free', '2021-06-22 13:08:12', '2021-06-22 13:16:39', '1', 0.000, 0.000, 106, 1, NULL, 106, 106, '2021-06-22 07:08:12', '2021-06-22 07:16:41', 0),
(211, 1, 1, 211, 1, 211, 1, 1, '12-3616', '01769501556', 'Free', '2021-06-22 13:09:22', '2021-06-22 13:47:45', '1', 0.000, 0.000, 106, 1, NULL, 106, 106, '2021-06-22 07:09:22', '2021-06-22 07:47:46', 0),
(212, 2, 1, 212, 8, 212, 7, 1, '52-3922', NULL, 'Paid', '2021-06-22 13:14:07', '2021-06-22 13:14:28', '1', 25.000, 0.000, 106, 1, NULL, 106, 106, '2021-06-22 07:14:07', '2021-06-22 07:14:30', 0),
(213, 2, 1, 213, 8, 213, 7, 1, '46-9976', NULL, 'Paid', '2021-06-22 13:14:55', '2021-06-23 08:18:00', '20', 405.000, 0.000, 106, 1, NULL, 106, 106, '2021-06-22 07:14:55', '2021-06-23 02:18:02', 0),
(214, 2, 1, 214, 8, 214, 7, 1, '11-3511', NULL, 'Paid', '2021-06-22 13:16:22', '2021-06-22 13:37:38', '1', 25.000, 0.000, 106, 1, NULL, 106, 106, '2021-06-22 07:16:22', '2021-06-22 07:37:42', 0),
(215, 1, 1, 215, 3, 215, 4, 1, '35-9214', NULL, 'Paid', '2021-06-22 13:19:11', '2021-06-22 13:22:30', '1', 60.000, 0.000, 106, 1, NULL, 106, 106, '2021-06-22 07:19:11', '2021-06-22 07:22:31', 0),
(216, 1, 1, 216, 1, 216, 1, 1, '39-2228', NULL, 'Free', '2021-06-22 13:21:12', '2021-06-22 13:21:40', '1', 0.000, 0.000, 106, 1, NULL, 106, 106, '2021-06-22 07:21:12', '2021-06-22 07:21:41', 0),
(217, 1, 1, 217, 1, 217, 1, 1, '39-2228', NULL, 'Free', '2021-06-22 13:29:43', '2021-06-22 13:56:55', '1', 0.000, 0.000, 106, 1, NULL, 106, 106, '2021-06-22 07:29:43', '2021-06-22 07:56:57', 0),
(218, 1, 1, 218, 1, 218, 1, 1, '35-8318', '01755648455', 'Free', '2021-06-22 13:36:29', '2021-06-23 08:16:57', '19', 0.000, 0.000, 106, 1, NULL, 106, 106, '2021-06-22 07:36:29', '2021-06-23 02:17:01', 0),
(219, 1, 1, 219, 1, 219, 5, 1, '53-1030', NULL, 'Free', '2021-06-22 13:43:01', '2021-06-22 14:23:22', '1', 0.000, 0.000, 106, 1, NULL, 106, 106, '2021-06-22 07:43:01', '2021-06-22 08:23:23', 0),
(220, 1, 1, 220, 7, 220, 5, 1, '52-0207', '01749146958', 'Free', '2021-06-22 13:43:58', '2021-06-22 15:27:19', '2', 0.000, 0.000, 106, 1, NULL, 106, 106, '2021-06-22 07:43:58', '2021-06-22 09:27:21', 0),
(221, 1, 1, 221, 1, 221, 1, 1, '31-8086', NULL, 'Free', '2021-06-22 13:50:50', '2021-06-22 15:13:01', '2', 0.000, 0.000, 106, 1, NULL, 106, 106, '2021-06-22 07:50:50', '2021-06-22 09:13:03', 0),
(222, 1, 1, 222, 7, 222, 1, 1, '34-3430', NULL, 'Free', '2021-06-22 13:51:10', '2021-06-22 14:47:11', '1', 0.000, 0.000, 106, 1, NULL, 106, 106, '2021-06-22 07:51:10', '2021-06-22 08:47:18', 0),
(223, 2, 1, 223, 2, 223, 7, 1, '66-1731', '01926662432', 'Paid', '2021-06-22 13:56:14', '2021-06-22 18:47:48', '5', 105.000, 0.000, 106, 1, NULL, 106, 106, '2021-06-22 07:56:14', '2021-06-22 12:47:50', 0),
(224, 1, 1, 224, 9, 224, 1, 1, '42-8376', NULL, 'Free', '2021-06-22 14:05:02', '2021-06-22 16:50:11', '3', 0.000, 0.000, 106, 1, NULL, 106, 106, '2021-06-22 08:05:02', '2021-06-22 10:50:12', 0),
(225, 1, 1, 225, 8, 225, 1, 1, '32-9797', NULL, 'Free', '2021-06-22 14:06:47', '2021-06-22 14:13:10', '1', 0.000, 0.000, 106, 1, NULL, 106, 106, '2021-06-22 08:06:47', '2021-06-22 08:13:11', 0),
(226, 1, 1, 226, 1, 226, 1, 1, '22-3592', NULL, 'Free', '2021-06-22 14:10:54', '2021-06-22 14:36:17', '1', 0.000, 0.000, 106, 1, NULL, 106, 106, '2021-06-22 08:10:54', '2021-06-22 08:36:19', 0),
(227, 1, 1, 227, 1, 227, 1, 1, '34-7701', NULL, 'Free', '2021-06-22 14:13:48', '2021-06-22 15:06:59', '1', 0.000, 0.000, 106, 1, NULL, 106, 106, '2021-06-22 08:13:48', '2021-06-22 09:07:00', 0),
(228, 1, 1, 228, 1, 228, 2, 1, '000000', NULL, 'Free', '2021-06-22 14:15:53', '2021-06-22 14:15:58', '1', 0.000, 0.000, 106, 1, NULL, 106, 106, '2021-06-22 08:15:53', '2021-06-22 08:15:59', 0),
(229, 1, 1, 229, 6, 229, 4, 1, '18-4167', NULL, 'Free', '2021-06-22 14:18:11', '2021-06-22 20:07:23', '6', 0.000, 0.000, 106, 1, NULL, 106, 106, '2021-06-22 08:18:11', '2021-06-22 14:07:24', 0),
(230, 2, 1, 230, 1, 230, 8, 1, '35-3099', '01769501544', 'Free', '2021-06-22 14:20:51', '2021-06-22 17:07:19', '3', 0.000, 0.000, 106, 1, NULL, 106, 106, '2021-06-22 08:20:51', '2021-06-22 11:07:20', 0),
(231, 1, 1, 231, 1, 231, 1, 1, '12-3616', '01769501556', 'Free', '2021-06-22 14:21:13', '2021-06-22 15:26:09', '2', 0.000, 0.000, 106, 1, NULL, 106, 106, '2021-06-22 08:21:13', '2021-06-22 09:26:11', 0),
(232, 1, 1, 232, 8, 232, 5, 1, '53-6115', NULL, 'Free', '2021-06-22 14:25:29', '2021-06-22 14:52:49', '1', 0.000, 0.000, 106, 1, NULL, 106, 106, '2021-06-22 08:25:29', '2021-06-22 08:52:50', 0),
(233, 1, 1, 233, 8, 233, 4, 1, '17-0236', NULL, 'Free', '2021-06-22 14:26:38', '2021-06-22 14:40:56', '1', 0.000, 0.000, 106, 1, NULL, 106, 106, '2021-06-22 08:26:38', '2021-06-22 08:40:58', 0),
(234, 2, 1, 234, 3, 234, 8, 1, '25-6206', NULL, 'Paid', '2021-06-22 14:31:25', '2021-06-22 14:48:40', '1', 25.000, 0.000, 106, 1, NULL, 106, 106, '2021-06-22 08:31:25', '2021-06-22 08:48:42', 0),
(235, 1, 1, 235, 1, 235, 5, 1, '53-1030', NULL, 'Free', '2021-06-22 14:32:51', '2021-06-22 17:57:06', '4', 0.000, 0.000, 106, 1, NULL, 106, 106, '2021-06-22 08:32:51', '2021-06-22 11:57:08', 0),
(236, 2, 1, 236, 1, 236, 8, 1, '51-1985', NULL, 'Free', '2021-06-22 14:33:52', '2021-06-22 16:28:06', '2', 0.000, 0.000, 106, 1, NULL, 106, 106, '2021-06-22 08:33:52', '2021-06-22 10:28:07', 0),
(237, 1, 1, 237, 1, 237, 1, 1, '29-4891', NULL, 'Free', '2021-06-22 14:39:10', '2021-06-22 17:26:13', '3', 0.000, 0.000, 106, 1, NULL, 106, 106, '2021-06-22 08:39:10', '2021-06-22 11:26:16', 0),
(238, 1, 1, 238, 1, 238, 4, 1, '14-2483', NULL, 'Free', '2021-06-22 14:40:31', '2021-06-22 15:01:38', '1', 0.000, 0.000, 106, 1, NULL, 106, 106, '2021-06-22 08:40:31', '2021-06-22 09:01:42', 0),
(239, 1, 1, 239, 1, 239, 1, 1, '14-5314', NULL, 'Free', '2021-06-22 14:45:24', '2021-06-23 08:17:07', '18', 0.000, 0.000, 106, 1, NULL, 106, 106, '2021-06-22 08:45:24', '2021-06-23 02:17:08', 0),
(240, 2, 1, 240, 2, 240, 8, 1, '51-0261', NULL, 'Paid', '2021-06-22 14:47:41', '2021-06-22 18:10:40', '4', 85.000, 0.000, 106, 1, NULL, 106, 106, '2021-06-22 08:47:41', '2021-06-22 12:10:43', 0),
(241, 2, 1, 241, 3, 241, 8, 1, '6949', NULL, 'Paid', '2021-06-22 15:03:32', '2021-06-22 19:26:12', '5', 105.000, 0.000, 106, 1, NULL, 106, 106, '2021-06-22 09:03:32', '2021-06-22 13:26:18', 0),
(242, 1, 1, 242, 7, 242, 5, 1, '11-6948', '01911955980', 'Free', '2021-06-22 15:05:02', '2021-06-22 18:09:01', '4', 0.000, 0.000, 106, 1, NULL, 106, 106, '2021-06-22 09:05:02', '2021-06-22 12:09:02', 0),
(243, 1, 1, 243, 1, 243, 1, 1, '25-4645', NULL, 'Free', '2021-06-22 15:10:01', '2021-06-22 17:54:17', '3', 0.000, 0.000, 106, 1, NULL, 106, 106, '2021-06-22 09:10:01', '2021-06-22 11:54:18', 0),
(244, 1, 1, 244, 1, 244, 1, 1, '31-8086', NULL, 'Free', '2021-06-22 15:19:39', '2021-06-22 16:11:08', '1', 0.000, 0.000, 106, 1, NULL, 106, 106, '2021-06-22 09:19:39', '2021-06-22 10:11:09', 0),
(245, 1, 1, 245, 8, 245, 1, 1, '22-0650', NULL, 'Free', '2021-06-22 15:33:11', '2021-06-22 16:20:06', '1', 0.000, 0.000, 106, 1, NULL, 106, 106, '2021-06-22 09:33:11', '2021-06-22 10:20:07', 0),
(246, 2, 1, 246, 1, 246, 7, 1, '11-5134', '01769501537', 'Free', '2021-06-22 15:36:02', '2021-06-22 17:52:02', '3', 0.000, 0.000, 106, 1, NULL, 106, 106, '2021-06-22 09:36:02', '2021-06-22 11:52:03', 0),
(247, 1, 1, 247, 2, 247, 3, 1, '11-4260', '01711082159', 'Paid', '2021-06-22 15:37:41', '2021-06-22 19:02:11', '4', 150.000, 0.000, 106, 1, NULL, 106, 106, '2021-06-22 09:37:41', '2021-06-22 13:02:15', 0),
(248, 2, 1, 248, 2, 248, 7, 1, '66-2821', '01735381920', 'Paid', '2021-06-22 15:44:05', '2021-06-22 19:01:06', '4', 85.000, 0.000, 106, 1, NULL, 106, 106, '2021-06-22 09:44:05', '2021-06-22 13:01:58', 0),
(249, 1, 1, 249, 6, 249, 5, 1, '19-0881', NULL, 'Paid', '2021-06-22 15:53:26', '2021-06-23 08:17:14', '17', 540.000, 0.000, 106, 1, NULL, 106, 106, '2021-06-22 09:53:26', '2021-06-23 02:17:17', 0),
(250, 2, 1, 250, 1, 250, 7, 1, '24-9904', '0173776522', 'Free', '2021-06-22 16:05:55', '2021-06-22 20:18:00', '5', 0.000, 0.000, 106, 1, NULL, 106, 106, '2021-06-22 10:05:55', '2021-06-22 14:18:02', 0),
(251, 1, 1, 251, 6, 251, 1, 1, '36-0436', NULL, 'Paid', '2021-06-22 16:07:34', '2021-06-22 17:34:55', '2', 90.000, 0.000, 106, 1, NULL, 106, 106, '2021-06-22 10:07:34', '2021-06-22 11:35:00', 0),
(252, 1, 1, 252, 1, 252, 1, 1, '34-5247', '01769501607', 'Free', '2021-06-22 16:11:24', '2021-06-22 18:10:57', '2', 0.000, 0.000, 106, 1, NULL, 106, 106, '2021-06-22 10:11:24', '2021-06-22 12:10:58', 0),
(253, 1, 1, 253, 1, 253, 1, 1, '33-5211', NULL, 'Free', '2021-06-22 16:29:50', '2021-06-22 16:43:27', '1', 0.000, 0.000, 106, 1, NULL, 106, 106, '2021-06-22 10:29:50', '2021-06-22 10:43:29', 0),
(254, 1, 1, 254, 1, 254, 4, 1, '17-4773', NULL, 'Free', '2021-06-22 16:49:19', '2021-06-22 17:57:37', '2', 0.000, 0.000, 106, 1, NULL, 106, 106, '2021-06-22 10:49:19', '2021-06-22 11:57:39', 0);
INSERT INTO `daily_parkings` (`id`, `vehicle_type_id`, `station_id`, `token_number`, `tenant_id`, `station_parking_id`, `code_id`, `area_id`, `vehicle_number`, `mobile_number`, `payment_status`, `clock_in`, `clock_out`, `total_time`, `payable_amount`, `paid_amount`, `collection_by`, `status`, `deleted_at`, `added_by`, `updated_by`, `created_at`, `updated_at`, `sync_status`) VALUES
(255, 1, 1, 255, 1, 255, 5, 1, '53-2183', NULL, 'Free', '2021-06-22 16:58:34', '2021-06-22 22:45:08', '6', 0.000, 0.000, 106, 1, NULL, 106, 106, '2021-06-22 10:58:34', '2021-06-22 16:45:12', 0),
(256, 1, 1, 256, 1, 256, 1, 1, '31-8166', NULL, 'Free', '2021-06-22 17:06:20', '2021-06-23 06:01:12', '13', 0.000, 0.000, 106, 1, NULL, 106, 106, '2021-06-22 11:06:20', '2021-06-23 00:01:15', 0),
(257, 1, 1, 257, 1, 257, 9, 1, '13-4511', NULL, 'Free', '2021-06-22 17:06:37', '2021-06-23 08:30:49', '16', 0.000, 0.000, 106, 1, NULL, 106, 106, '2021-06-22 11:06:37', '2021-06-23 02:30:51', 0),
(258, 2, 1, 258, 1, 258, 7, 1, '57-3098', NULL, 'Free', '2021-06-22 17:07:43', '2021-06-22 17:08:18', '1', 0.000, 0.000, 106, 1, NULL, 106, 106, '2021-06-22 11:07:43', '2021-06-22 11:08:20', 0),
(259, 2, 1, 259, 1, 259, 7, 1, '57-3058', NULL, 'Free', '2021-06-22 17:08:39', '2021-06-22 17:45:43', '1', 0.000, 0.000, 106, 1, NULL, 106, 106, '2021-06-22 11:08:39', '2021-06-22 11:45:44', 0),
(260, 1, 1, 260, 1, 260, 1, 1, '12-7303', '01944530813', 'Free', '2021-06-22 17:15:40', '2021-06-22 17:32:44', '1', 0.000, 0.000, 106, 1, NULL, 106, 106, '2021-06-22 11:15:40', '2021-06-22 11:32:48', 0),
(261, 1, 1, 261, 1, 261, 1, 1, '12-3616', '01769501556', 'Free', '2021-06-22 17:20:43', '2021-06-22 17:56:07', '1', 0.000, 0.000, 106, 1, NULL, 106, 106, '2021-06-22 11:20:43', '2021-06-22 11:56:09', 0),
(262, 1, 1, 262, 1, 262, 1, 1, '29-4891', NULL, 'Free', '2021-06-22 17:36:30', '2021-06-22 19:16:50', '2', 0.000, 0.000, 106, 1, NULL, 106, 106, '2021-06-22 11:36:30', '2021-06-22 13:16:52', 0),
(263, 1, 1, 263, 3, 263, 1, 1, '33-9596', NULL, 'Paid', '2021-06-22 17:43:25', '2021-06-22 19:13:18', '2', 90.000, 0.000, 106, 1, NULL, 106, 106, '2021-06-22 11:43:25', '2021-06-22 13:13:19', 0),
(264, 1, 1, 264, 3, 264, 1, 1, '13-7349', NULL, 'Paid', '2021-06-22 17:49:28', '2021-06-22 17:49:41', '1', 60.000, 0.000, 106, 1, NULL, 106, 106, '2021-06-22 11:49:28', '2021-06-22 11:49:48', 0),
(265, 2, 1, 265, 3, 265, 8, 1, '44-7242', NULL, 'Paid', '2021-06-22 18:01:04', '2021-06-22 19:39:28', '2', 45.000, 0.000, 106, 1, NULL, 106, 106, '2021-06-22 12:01:04', '2021-06-22 13:39:30', 0),
(266, 1, 1, 266, 7, 266, 1, 1, '34-3430', NULL, 'Free', '2021-06-22 18:10:16', '2021-06-23 07:12:30', '14', 0.000, 0.000, 106, 1, NULL, 106, 106, '2021-06-22 12:10:16', '2021-06-23 01:12:34', 0),
(267, 2, 1, 267, 1, 267, 8, 1, '39-6753', '01877323077', 'Free', '2021-06-22 18:20:34', '2021-06-22 19:19:33', '1', 0.000, 0.000, 106, 1, NULL, 106, 106, '2021-06-22 12:20:34', '2021-06-22 13:19:35', 0),
(268, 1, 1, 268, 3, 268, 1, 1, '45-0613', NULL, 'Paid', '2021-06-22 18:25:13', '2021-06-22 19:36:50', '2', 90.000, 0.000, 106, 1, NULL, 106, 106, '2021-06-22 12:25:13', '2021-06-22 13:36:52', 0),
(269, 2, 1, 269, 1, 269, 8, 1, '57-3098', NULL, 'Free', '2021-06-22 18:32:08', '2021-06-22 19:16:22', '1', 0.000, 0.000, 106, 1, NULL, 106, 106, '2021-06-22 12:32:08', '2021-06-22 13:16:24', 0),
(270, 1, 1, 270, 1, 270, 1, 1, '31-8086', NULL, 'Free', '2021-06-22 18:35:53', '2021-06-23 07:22:11', '13', 0.000, 0.000, 106, 1, NULL, 106, 106, '2021-06-22 12:35:53', '2021-06-23 01:22:16', 0),
(271, 2, 1, 271, 1, 271, 8, 1, '56-7771', NULL, 'Free', '2021-06-22 18:40:48', '2021-06-22 18:41:02', '1', 0.000, 0.000, 106, 1, NULL, 106, 106, '2021-06-22 12:40:48', '2021-06-22 12:41:04', 0),
(272, 2, 1, 272, 3, 272, 8, 1, '41-8532', NULL, 'Paid', '2021-06-22 18:57:02', '2021-06-22 20:02:23', '2', 45.000, 0.000, 106, 1, NULL, 106, 106, '2021-06-22 12:57:02', '2021-06-22 14:02:42', 0),
(273, 1, 1, 273, 1, 273, 1, 1, '42-6787', NULL, 'Free', '2021-06-22 19:00:33', '2021-06-22 19:00:42', '1', 0.000, 0.000, 106, 1, NULL, 106, 106, '2021-06-22 13:00:33', '2021-06-22 13:00:44', 0),
(274, 1, 1, 274, 1, 274, 5, 1, '53-1030', NULL, 'Free', '2021-06-22 19:05:43', '2021-06-23 08:06:10', '14', 0.000, 0.000, 106, 1, NULL, 106, 106, '2021-06-22 13:05:43', '2021-06-23 02:06:13', 0),
(275, 1, 1, 275, 1, 275, 1, 1, '25-4646', NULL, 'Free', '2021-06-22 19:43:54', '2021-06-23 06:34:50', '11', 0.000, 0.000, 106, 1, NULL, 106, 106, '2021-06-22 13:43:54', '2021-06-23 00:34:53', 0),
(276, 1, 1, 276, 6, 276, 4, 1, '17-2697', '01712296657', 'Paid', '2021-06-22 19:54:34', '2021-06-22 20:37:25', '1', 60.000, 0.000, 106, 1, NULL, 106, 106, '2021-06-22 13:54:34', '2021-06-22 14:37:26', 0),
(277, 1, 1, 277, 3, 277, 5, 1, '16-2662', NULL, 'Paid', '2021-06-22 19:58:07', '2021-06-22 20:38:30', '1', 60.000, 0.000, 106, 1, NULL, 106, 106, '2021-06-22 13:58:07', '2021-06-22 14:38:31', 0),
(278, 2, 1, 278, 9, 278, 8, 1, '20-8808', '01769501620', 'Free', '2021-06-22 20:36:26', '2021-06-23 08:17:25', '12', 0.000, 0.000, 106, 1, NULL, 106, 106, '2021-06-22 14:36:26', '2021-06-23 02:17:27', 0),
(279, 1, 1, 279, 1, 279, 1, 1, '47-5555', NULL, 'Free', '2021-06-22 20:42:49', '2021-06-22 21:56:40', '2', 0.000, 0.000, 106, 1, NULL, 106, 106, '2021-06-22 14:42:49', '2021-06-22 15:56:43', 0),
(280, 1, 1, 280, 1, 280, 1, 1, '77-4444', NULL, 'Free', '2021-06-22 20:44:54', '2021-06-22 20:45:15', '1', 0.000, 0.000, 106, 1, NULL, 106, 106, '2021-06-22 14:44:54', '2021-06-22 14:45:18', 0),
(281, 1, 1, 281, 1, 281, 4, 1, '39-1326', NULL, 'Free', '2021-06-22 21:31:28', '2021-06-23 21:38:54', '25', 0.000, 0.000, 106, 1, NULL, 106, 106, '2021-06-22 15:31:28', '2021-06-23 15:38:55', 0),
(282, 1, 1, 282, 1, 282, 1, 1, '33-5212', NULL, 'Free', '2021-06-22 21:47:15', '2021-06-23 07:22:46', '10', 0.000, 0.000, 106, 1, NULL, 106, 106, '2021-06-22 15:47:15', '2021-06-23 01:22:49', 0),
(283, 2, 1, 283, 3, 283, 7, 1, '33-0477', NULL, 'Paid', '2021-06-22 22:13:18', '2021-06-22 22:33:47', '1', 25.000, 0.000, 106, 1, NULL, 106, 106, '2021-06-22 16:13:18', '2021-06-22 16:33:49', 0),
(284, 1, 1, 284, 1, 284, 5, 1, '534463', NULL, 'Free', '2021-06-22 22:29:22', '2021-06-23 20:49:07', '23', 0.000, 0.000, 106, 1, NULL, 106, 106, '2021-06-22 16:29:22', '2021-06-23 14:49:10', 0),
(285, 1, 1, 285, 1, 285, 5, 1, '53-2936', NULL, 'Free', '2021-06-23 00:05:28', '2021-06-23 08:23:59', '9', 0.000, 0.000, 106, 1, NULL, 106, 106, '2021-06-22 18:05:28', '2021-06-23 02:24:00', 0),
(286, 1, 1, 286, 1, 286, 1, 1, '22-0701', NULL, 'Free', '2021-06-23 06:06:24', '2021-06-23 20:49:20', '15', 0.000, 0.000, 106, 1, NULL, 106, 106, '2021-06-23 00:06:24', '2021-06-23 14:49:25', 0),
(287, 1, 1, 287, 1, 287, 5, 1, '53-5352', NULL, 'Free', '2021-06-23 06:23:28', '2021-06-23 08:10:39', '2', 0.000, 0.000, 106, 1, NULL, 106, 106, '2021-06-23 00:23:28', '2021-06-23 02:10:41', 0),
(288, 1, 1, 288, 1, 288, 1, 1, '292228', NULL, 'Free', '2021-06-23 06:29:23', '2021-06-23 06:33:06', '1', 0.000, 0.000, 106, 1, NULL, 106, 106, '2021-06-23 00:29:23', '2021-06-23 00:33:16', 0),
(289, 1, 1, 289, 1, 289, 1, 1, '29-2228', NULL, 'Free', '2021-06-23 06:33:52', '2021-06-23 07:38:44', '2', 0.000, 0.000, 106, 1, NULL, 106, 106, '2021-06-23 00:33:52', '2021-06-23 01:38:48', 0),
(290, 2, 1, 290, 1, 290, 8, 1, '51-7377', NULL, 'Free', '2021-06-23 06:37:07', '2021-06-23 15:22:50', '9', 0.000, 0.000, 106, 1, NULL, 106, 106, '2021-06-23 00:37:07', '2021-06-23 09:22:51', 0),
(291, 2, 1, 291, 9, 291, 8, 1, '31-0996', NULL, 'Free', '2021-06-23 06:50:34', '2021-06-23 16:22:25', '10', 0.000, 0.000, 106, 1, NULL, 106, 106, '2021-06-23 00:50:34', '2021-06-23 10:22:27', 0),
(292, 2, 1, 292, 1, 292, 2, 1, '33-5212', NULL, 'Free', '2021-06-23 06:52:59', '2021-06-23 21:36:29', '15', 0.000, 0.000, 106, 1, NULL, 106, 106, '2021-06-23 00:52:59', '2021-06-23 15:36:31', 0),
(293, 1, 1, 293, 1, 293, 5, 1, '53-4463', NULL, 'Free', '2021-06-23 07:31:28', '2021-06-23 15:13:57', '8', 0.000, 0.000, 106, 1, NULL, 106, 106, '2021-06-23 01:31:28', '2021-06-23 09:13:59', 0),
(294, 2, 1, 294, 1, 294, 7, 1, '14-8287', NULL, 'Free', '2021-06-23 07:40:24', '2021-06-23 18:51:10', '12', 0.000, 0.000, 106, 1, NULL, 106, 106, '2021-06-23 01:40:24', '2021-06-23 12:51:13', 0),
(295, 2, 1, 295, 1, 295, 7, 1, '57-7611', '01708800723', 'Free', '2021-06-23 07:40:42', '2021-06-23 07:40:51', '1', 0.000, 0.000, 106, 1, NULL, 106, 106, '2021-06-23 01:40:42', '2021-06-23 01:40:53', 0),
(296, 1, 1, 296, 1, 296, 1, 1, '27-8972', NULL, 'Free', '2021-06-23 07:45:23', '2021-06-23 10:51:42', '4', 0.000, 0.000, 106, 1, NULL, 106, 106, '2021-06-23 01:45:23', '2021-06-23 04:51:45', 0),
(297, 1, 1, 297, 1, 297, 1, 1, '33-5212', NULL, 'Free', '2021-06-23 07:49:44', '2021-06-23 09:31:51', '2', 0.000, 0.000, 106, 1, NULL, 106, 106, '2021-06-23 01:49:44', '2021-06-23 03:31:53', 0),
(298, 1, 1, 298, 1, 298, 1, 1, '17-3479', '01713178896', 'Free', '2021-06-23 08:08:51', '2021-06-23 20:33:05', '13', 0.000, 0.000, 106, 1, NULL, 106, 106, '2021-06-23 02:08:51', '2021-06-23 14:33:13', 0),
(299, 2, 1, 299, 7, 299, 8, 1, '46-7080', NULL, 'Free', '2021-06-23 08:15:09', '2021-06-23 21:20:43', '14', 0.000, 0.000, 106, 1, NULL, 106, 106, '2021-06-23 02:15:09', '2021-06-23 15:20:44', 0),
(300, 2, 1, 300, 1, 300, 8, 1, '54-2806', NULL, 'Free', '2021-06-23 08:19:01', '2021-06-23 20:54:22', '13', 0.000, 0.000, 106, 1, NULL, 106, 106, '2021-06-23 02:19:01', '2021-06-23 14:54:25', 0),
(301, 1, 1, 301, 1, 301, 5, 1, '56-2320', NULL, 'Free', '2021-06-23 08:22:13', '2021-06-23 10:56:41', '3', 0.000, 0.000, 106, 1, NULL, 106, 106, '2021-06-23 02:22:13', '2021-06-23 04:56:42', 0),
(302, 1, 1, 302, 3, 302, 4, 1, '15-3323', NULL, 'Paid', '2021-06-23 08:22:53', '2021-06-23 08:44:49', '1', 60.000, 0.000, 106, 1, NULL, 106, 106, '2021-06-23 02:22:53', '2021-06-23 02:44:52', 0),
(303, 1, 1, 303, 9, 303, 1, 1, '29-1735', '01708800866', 'Free', '2021-06-23 08:25:39', '2021-06-23 21:06:10', '13', 0.000, 0.000, 106, 1, NULL, 106, 106, '2021-06-23 02:25:39', '2021-06-23 15:06:11', 0),
(304, 2, 1, 304, 9, 304, 7, 1, '22-3435', '01769501582', 'Free', '2021-06-23 08:29:52', '2021-06-23 19:42:00', '12', 0.000, 0.000, 106, 1, NULL, 106, 106, '2021-06-23 02:29:52', '2021-06-23 13:42:01', 0),
(305, 2, 1, 305, 1, 305, 8, 1, '32-6994', '01313709200', 'Free', '2021-06-23 08:30:15', '2021-06-23 20:41:11', '13', 0.000, 0.000, 106, 1, NULL, 106, 106, '2021-06-23 02:30:15', '2021-06-23 14:41:13', 0),
(306, 2, 1, 306, 1, 306, 8, 1, '35-3099', '01769501544', 'Free', '2021-06-23 08:40:49', '2021-06-23 09:28:30', '1', 0.000, 0.000, 106, 1, NULL, 106, 106, '2021-06-23 02:40:49', '2021-06-23 03:28:32', 0),
(307, 1, 1, 307, 7, 307, 1, 1, '39-1961', '01312835768', 'Free', '2021-06-23 08:45:26', '2021-06-23 21:28:43', '13', 0.000, 0.000, 106, 1, NULL, 106, 106, '2021-06-23 02:45:26', '2021-06-23 15:28:44', 0),
(308, 1, 1, 308, 1, 308, 1, 1, '34-6248', NULL, 'Free', '2021-06-23 08:45:39', '2021-06-23 13:18:17', '5', 0.000, 0.000, 106, 1, NULL, 106, 106, '2021-06-23 02:45:39', '2021-06-23 07:18:19', 0),
(309, 1, 1, 309, 1, 309, 1, 1, '31-8166', NULL, 'Free', '2021-06-23 08:47:21', '2021-06-23 11:01:26', '3', 0.000, 0.000, 106, 1, NULL, 106, 106, '2021-06-23 02:47:21', '2021-06-23 05:01:28', 0),
(310, 2, 1, 310, 9, 310, 8, 1, '34-4661', '01708800826', 'Free', '2021-06-23 08:47:40', '2021-06-23 21:34:19', '13', 0.000, 0.000, 106, 1, NULL, 106, 106, '2021-06-23 02:47:40', '2021-06-23 15:34:20', 0),
(311, 2, 1, 311, 1, 311, 7, 1, '57-7611', '01708800723', 'Free', '2021-06-23 08:47:57', '2021-06-23 17:18:46', '9', 0.000, 0.000, 106, 1, NULL, 106, 106, '2021-06-23 02:47:57', '2021-06-23 11:18:48', 0),
(312, 2, 1, 312, 1, 312, 8, 2, '18-6735', '01313709244', 'Free', '2021-06-23 08:48:56', '2021-06-23 18:24:51', '10', 0.000, 0.000, 106, 1, NULL, 106, 106, '2021-06-23 02:48:56', '2021-06-23 12:24:56', 0),
(313, 2, 1, 313, 1, 313, 7, 1, '11-5134', '01769501537', 'Free', '2021-06-23 08:52:10', '2021-06-23 11:38:04', '3', 0.000, 0.000, 106, 1, NULL, 106, 106, '2021-06-23 02:52:10', '2021-06-23 05:38:06', 0),
(314, 1, 1, 314, 1, 314, 1, 1, '29-4891', NULL, 'Free', '2021-06-23 08:52:21', '2021-06-23 13:38:57', '5', 0.000, 0.000, 106, 1, NULL, 106, 106, '2021-06-23 02:52:21', '2021-06-23 07:38:58', 0),
(315, 2, 1, 315, 1, 315, 8, 1, '11-2605', '01708800782', 'Free', '2021-06-23 08:53:49', '2021-06-23 10:15:32', '2', 0.000, 0.000, 106, 1, NULL, 106, 106, '2021-06-23 02:53:49', '2021-06-23 04:15:37', 0),
(316, 2, 1, 316, 9, 316, 8, 1, '11-1892', '01769949262', 'Free', '2021-06-23 08:55:43', '2021-06-23 18:22:00', '10', 0.000, 0.000, 106, 1, NULL, 106, 106, '2021-06-23 02:55:43', '2021-06-23 12:22:01', 0),
(317, 1, 1, 317, 1, 317, 1, 1, '22-0701', NULL, 'Free', '2021-06-23 08:55:59', '2021-06-23 11:47:31', '3', 0.000, 0.000, 106, 1, NULL, 106, 106, '2021-06-23 02:55:59', '2021-06-23 05:47:32', 0),
(318, 1, 1, 318, 3, 318, 1, 1, '45-2108', NULL, 'Paid', '2021-06-23 08:56:28', '2021-06-23 09:34:14', '1', 60.000, 0.000, 106, 1, NULL, 106, 106, '2021-06-23 02:56:28', '2021-06-23 03:34:15', 0),
(319, 1, 1, 319, 1, 319, 1, 1, '34-5567', '01708800777', 'Free', '2021-06-23 08:56:49', '2021-06-23 09:25:57', '1', 0.000, 0.000, 106, 1, NULL, 106, 106, '2021-06-23 02:56:49', '2021-06-23 03:25:58', 0),
(320, 2, 1, 320, 2, 320, 1, 1, '56-7337', NULL, 'Paid', '2021-06-23 08:57:13', '2021-06-23 16:53:11', '8', 165.000, 0.000, 106, 1, NULL, 106, 106, '2021-06-23 02:57:13', '2021-06-23 10:53:13', 0),
(321, 1, 1, 321, 7, 321, 5, 1, '51-9243', NULL, 'Free', '2021-06-23 08:58:20', '2021-06-23 08:58:43', '1', 0.000, 0.000, 106, 1, NULL, 106, 106, '2021-06-23 02:58:20', '2021-06-23 02:58:44', 0),
(322, 2, 1, 322, 1, 322, 7, 1, '34-0574', '01769501570', 'Free', '2021-06-23 08:58:55', '2021-06-23 17:52:58', '9', 0.000, 0.000, 106, 1, NULL, 106, 106, '2021-06-23 02:58:55', '2021-06-23 11:52:59', 0),
(323, 2, 1, 323, 1, 323, 7, 1, '27-0394', '01769501543', 'Free', '2021-06-23 08:59:52', '2021-06-23 17:39:18', '9', 0.000, 0.000, 106, 1, NULL, 106, 106, '2021-06-23 02:59:52', '2021-06-23 11:39:19', 0),
(324, 1, 1, 324, 8, 324, 1, 1, '26-0720', '01717593177', 'Free', '2021-06-23 09:00:28', '2021-06-23 09:00:34', '1', 0.000, 0.000, 106, 1, NULL, 106, 106, '2021-06-23 03:00:28', '2021-06-23 03:00:35', 0),
(325, 2, 1, 325, 1, 325, 1, 1, '25-4645', NULL, 'Free', '2021-06-23 09:01:23', '2021-06-23 11:16:01', '3', 0.000, 0.000, 106, 1, NULL, 106, 106, '2021-06-23 03:01:23', '2021-06-23 05:16:02', 0),
(326, 2, 1, 326, 1, 326, 7, 1, '50-8922', '01708800819', 'Free', '2021-06-23 09:02:16', '2021-06-23 17:22:09', '9', 0.000, 0.000, 106, 1, NULL, 106, 106, '2021-06-23 03:02:16', '2021-06-23 11:22:11', 0),
(327, 2, 1, 327, 9, 327, 7, 1, '24-7161', '01769501422', 'Free', '2021-06-23 09:02:29', '2021-06-23 19:04:05', '11', 0.000, 0.000, 106, 1, NULL, 106, 106, '2021-06-23 03:02:29', '2021-06-23 13:04:07', 0),
(328, 2, 1, 328, 1, 328, 7, 1, '56-6447', '01769501521', 'Free', '2021-06-23 09:02:54', '2021-06-23 18:06:32', '10', 0.000, 0.000, 106, 1, NULL, 106, 106, '2021-06-23 03:02:54', '2021-06-23 12:06:33', 0),
(329, 2, 1, 329, 1, 329, 7, 1, '42-3880', '01769501412', 'Free', '2021-06-23 09:03:08', '2021-06-23 17:44:46', '9', 0.000, 0.000, 106, 1, NULL, 106, 106, '2021-06-23 03:03:08', '2021-06-23 11:44:48', 0),
(330, 2, 1, 330, 1, 330, 7, 1, '42-0678', '01769501421', 'Free', '2021-06-23 09:03:18', '2021-06-23 21:30:28', '13', 0.000, 0.000, 106, 1, NULL, 106, 106, '2021-06-23 03:03:18', '2021-06-23 15:30:30', 0),
(331, 1, 1, 331, 1, 331, 1, 1, '35-8318', '01755648455', 'Free', '2021-06-23 09:03:52', '2021-06-23 09:32:07', '1', 0.000, 0.000, 106, 1, NULL, 106, 106, '2021-06-23 03:03:52', '2021-06-23 03:32:08', 0),
(332, 1, 1, 332, 7, 332, 1, 1, '17-2415', NULL, 'Free', '2021-06-23 09:04:46', '2021-06-23 19:30:41', '11', 0.000, 0.000, 106, 1, NULL, 106, 106, '2021-06-23 03:04:46', '2021-06-23 13:30:43', 0),
(333, 1, 1, 333, 6, 333, 1, 1, '12-7303', '01944530813', 'Free', '2021-06-23 09:06:53', '2021-06-23 09:07:13', '1', 0.000, 0.000, 106, 1, NULL, 106, 106, '2021-06-23 03:06:53', '2021-06-23 03:07:14', 0),
(334, 1, 1, 334, 7, 334, 5, 1, '11-6948', '01911955980', 'Free', '2021-06-23 09:07:36', '2021-06-23 18:04:22', '9', 0.000, 0.000, 106, 1, NULL, 106, 106, '2021-06-23 03:07:36', '2021-06-23 12:04:23', 0),
(335, 1, 1, 335, 1, 335, 5, 1, '53-5352', NULL, 'Free', '2021-06-23 09:07:59', '2021-06-23 15:13:11', '7', 0.000, 0.000, 106, 1, NULL, 106, 106, '2021-06-23 03:07:59', '2021-06-23 09:13:13', 0),
(336, 2, 1, 336, 2, 336, 7, 1, '66-2821', '01735381920', 'Paid', '2021-06-23 09:09:23', '2021-06-23 20:08:30', '11', 225.000, 0.000, 106, 1, NULL, 106, 106, '2021-06-23 03:09:23', '2021-06-23 14:08:44', 0),
(337, 1, 1, 337, 1, 337, 1, 1, '25-4646', NULL, 'Free', '2021-06-23 09:10:21', '2021-06-23 11:18:45', '3', 0.000, 0.000, 106, 1, NULL, 106, 106, '2021-06-23 03:10:21', '2021-06-23 05:18:47', 0),
(338, 1, 1, 338, 1, 338, 5, 1, '53-1030', NULL, 'Free', '2021-06-23 09:10:35', '2021-06-23 14:31:02', '6', 0.000, 0.000, 106, 1, NULL, 106, 106, '2021-06-23 03:10:35', '2021-06-23 08:31:03', 0),
(339, 2, 1, 339, 9, 339, 8, 1, '58-3693', '01712996998', 'Free', '2021-06-23 09:10:55', '2021-06-23 17:54:10', '9', 0.000, 0.000, 106, 1, NULL, 106, 106, '2021-06-23 03:10:55', '2021-06-23 11:54:11', 0),
(340, 1, 1, 340, 1, 340, 7, 1, '64-9304', '01708800825', 'Free', '2021-06-23 09:11:14', '2021-06-23 18:33:35', '10', 0.000, 0.000, 106, 1, NULL, 106, 106, '2021-06-23 03:11:14', '2021-06-23 12:33:37', 0),
(341, 2, 1, 341, 7, 341, 8, 1, '11-5548', '01980001668', 'Free', '2021-06-23 09:11:25', '2021-06-23 21:30:36', '13', 0.000, 0.000, 106, 1, NULL, 106, 106, '2021-06-23 03:11:25', '2021-06-23 15:30:38', 0),
(342, 1, 1, 342, 1, 342, 1, 1, '31-8086', NULL, 'Free', '2021-06-23 09:13:03', '2021-06-23 12:24:04', '4', 0.000, 0.000, 106, 1, NULL, 106, 106, '2021-06-23 03:13:03', '2021-06-23 06:24:05', 0),
(343, 2, 1, 343, 9, 343, 8, 1, '59-9859', '01851308761', 'Free', '2021-06-23 09:14:10', '2021-06-23 18:16:35', '10', 0.000, 0.000, 106, 1, NULL, 106, 106, '2021-06-23 03:14:10', '2021-06-23 12:16:36', 0),
(344, 2, 1, 344, 1, 344, 8, 1, '38-8674', '01708800969', 'Free', '2021-06-23 09:14:30', '2021-06-23 20:05:37', '11', 0.000, 0.000, 106, 1, NULL, 106, 106, '2021-06-23 03:14:30', '2021-06-23 14:05:38', 0),
(345, 2, 1, 345, 2, 345, 8, 1, '50-9064', '01717691113', 'Free', '2021-06-23 09:14:53', '2021-06-23 11:02:20', '2', 0.000, 0.000, 106, 1, NULL, 106, 106, '2021-06-23 03:14:53', '2021-06-23 05:02:21', 0),
(346, 2, 1, 346, 9, 346, 8, 1, '19-8488', NULL, 'Free', '2021-06-23 09:18:36', '2021-06-23 18:26:05', '10', 0.000, 0.000, 106, 1, NULL, 106, 106, '2021-06-23 03:18:36', '2021-06-23 12:26:06', 0),
(347, 1, 1, 347, 6, 347, 5, 1, '19-0881', NULL, 'Free', '2021-06-23 09:18:53', '2021-06-23 09:48:42', '1', 0.000, 0.000, 106, 1, NULL, 106, 106, '2021-06-23 03:18:53', '2021-06-23 03:48:44', 0),
(348, 1, 1, 348, 2, 348, 1, 1, '45-2385', '01716435270', 'Free', '2021-06-23 09:21:55', '2021-06-23 21:30:45', '13', 0.000, 0.000, 106, 1, NULL, 106, 106, '2021-06-23 03:21:55', '2021-06-23 15:30:49', 0),
(349, 1, 1, 349, 1, 349, 1, 1, '12-3616', '01769501556', 'Free', '2021-06-23 09:22:31', '2021-06-23 09:23:59', '1', 0.000, 0.000, 106, 1, NULL, 106, 106, '2021-06-23 03:22:31', '2021-06-23 03:24:01', 0),
(350, 1, 1, 350, 1, 350, 1, 1, '12-3616', '01769501556', 'Free', '2021-06-23 09:23:38', '2021-06-23 18:13:23', '9', 0.000, 0.000, 106, 1, NULL, 106, 106, '2021-06-23 03:23:38', '2021-06-23 12:13:24', 0),
(351, 1, 1, 351, 2, 351, 1, 1, '32-0283', NULL, 'Free', '2021-06-23 09:24:30', '2021-06-23 18:36:42', '10', 0.000, 0.000, 106, 1, NULL, 106, 106, '2021-06-23 03:24:30', '2021-06-23 12:36:44', 0),
(352, 1, 1, 352, 1, 352, 1, 1, '34-9447', '01708800978', 'Free', '2021-06-23 09:27:54', '2021-06-23 19:29:50', '11', 0.000, 0.000, 106, 1, NULL, 106, 106, '2021-06-23 03:27:54', '2021-06-23 13:30:29', 0),
(353, 1, 1, 353, 8, 353, 1, 1, '32-5880', NULL, 'Free', '2021-06-23 09:29:46', '2021-06-23 21:32:10', '13', 0.000, 0.000, 106, 1, NULL, 106, 106, '2021-06-23 03:29:46', '2021-06-23 15:32:14', 0),
(354, 1, 1, 354, 2, 354, 1, 1, '23-2886', '01719367310', 'Free', '2021-06-23 09:30:07', '2021-06-23 20:27:16', '11', 0.000, 0.000, 106, 1, NULL, 106, 106, '2021-06-23 03:30:07', '2021-06-23 14:27:18', 0),
(355, 2, 1, 355, 8, 355, 8, 1, '24-9904', '0173776522', 'Paid', '2021-06-23 09:35:53', '2021-06-23 12:21:05', '3', 65.000, 0.000, 106, 1, NULL, 106, 106, '2021-06-23 03:35:53', '2021-06-23 06:21:08', 0),
(356, 2, 1, 356, 7, 356, 8, 1, '11-3369', '01980001598', 'Free', '2021-06-23 09:36:11', '2021-06-23 15:01:51', '6', 0.000, 0.000, 106, 1, NULL, 106, 106, '2021-06-23 03:36:11', '2021-06-23 09:01:52', 0),
(357, 1, 1, 357, 8, 357, 1, 1, '34-3230', '01819214867', 'Free', '2021-06-23 09:36:43', '2021-06-23 12:19:46', '3', 0.000, 0.000, 106, 1, NULL, 106, 106, '2021-06-23 03:36:43', '2021-06-23 06:19:47', 0),
(358, 2, 1, 358, 1, 358, 8, 1, '11-1411', NULL, 'Free', '2021-06-23 09:37:38', '2021-06-23 11:12:30', '2', 0.000, 0.000, 106, 1, NULL, 106, 106, '2021-06-23 03:37:38', '2021-06-23 05:12:32', 0),
(359, 1, 1, 359, 6, 359, 4, 1, '18-4167', NULL, 'Free', '2021-06-23 09:38:06', '2021-06-23 20:34:32', '11', 0.000, 0.000, 106, 1, NULL, 106, 106, '2021-06-23 03:38:06', '2021-06-23 14:34:34', 0),
(360, 1, 1, 360, 7, 360, 5, 1, '51-1483', NULL, 'Free', '2021-06-23 09:38:55', '2021-06-23 18:16:42', '9', 0.000, 0.000, 106, 1, NULL, 106, 106, '2021-06-23 03:38:55', '2021-06-23 12:16:44', 0),
(361, 1, 1, 361, 7, 361, 1, 1, '32-5797', '01715175864', 'Free', '2021-06-23 09:39:15', '2021-06-24 10:44:38', '26', 0.000, 0.000, 106, 1, NULL, 106, 106, '2021-06-23 03:39:15', '2021-06-24 04:44:42', 0),
(362, 1, 1, 362, 2, 362, 1, 1, '22-2575', NULL, 'Free', '2021-06-23 09:39:31', '2021-06-23 20:29:28', '11', 0.000, 0.000, 106, 1, NULL, 106, 106, '2021-06-23 03:39:31', '2021-06-23 14:29:29', 0),
(363, 1, 1, 363, 1, 363, 4, 1, '15-8390', '01713000757', 'Free', '2021-06-23 09:39:43', '2021-06-23 21:32:33', '12', 0.000, 0.000, 106, 1, NULL, 106, 106, '2021-06-23 03:39:43', '2021-06-23 15:32:34', 0),
(364, 2, 1, 364, 8, 364, 7, 1, '36-1810', '01712568137', 'Paid', '2021-06-23 09:41:22', '2021-06-23 17:12:16', '8', 165.000, 0.000, 106, 1, NULL, 106, 106, '2021-06-23 03:41:22', '2021-06-23 11:12:22', 0),
(365, 2, 1, 365, 3, 365, 8, 1, '51-1985', NULL, 'Paid', '2021-06-23 09:42:58', '2021-06-23 10:01:55', '1', 25.000, 0.000, 106, 1, NULL, 106, 106, '2021-06-23 03:42:58', '2021-06-23 04:01:57', 0),
(366, 2, 1, 366, 2, 366, 8, 1, '46-8088', '01716102783', 'Free', '2021-06-23 09:44:00', '2021-06-23 19:17:52', '10', 0.000, 0.000, 106, 1, NULL, 106, 106, '2021-06-23 03:44:00', '2021-06-23 13:17:53', 0),
(367, 1, 1, 367, 8, 367, 1, 1, '32-5015', '01711417777', 'Free', '2021-06-23 09:45:00', '2021-06-23 19:56:02', '11', 0.000, 0.000, 106, 1, NULL, 106, 106, '2021-06-23 03:45:00', '2021-06-23 13:56:04', 0),
(368, 2, 1, 368, 1, 368, 8, 1, '27-5047', NULL, 'Free', '2021-06-23 09:49:52', '2021-06-23 21:32:45', '12', 0.000, 0.000, 106, 1, NULL, 106, 106, '2021-06-23 03:49:52', '2021-06-23 15:32:47', 0),
(369, 2, 1, 369, 8, 369, 8, 1, '31-3309', '01711139405', 'Paid', '2021-06-23 09:50:37', '2021-06-23 19:43:16', '10', 205.000, 0.000, 106, 1, NULL, 106, 106, '2021-06-23 03:50:37', '2021-06-23 13:43:20', 0),
(370, 2, 1, 370, 8, 370, 7, 1, '22-3351', NULL, 'Paid', '2021-06-23 09:58:28', '2021-06-23 21:32:53', '12', 245.000, 0.000, 106, 1, NULL, 106, 106, '2021-06-23 03:58:28', '2021-06-23 15:32:58', 0),
(371, 1, 1, 371, 2, 371, 3, 1, '11-4260', '01711082159', 'Paid', '2021-06-23 09:58:44', '2021-06-23 19:25:13', '10', 330.000, 0.000, 106, 1, NULL, 106, 106, '2021-06-23 03:58:44', '2021-06-23 13:25:26', 0),
(372, 1, 1, 372, 1, 372, 1, 1, '33-5212', NULL, 'Free', '2021-06-23 10:04:47', '2021-06-23 10:09:22', '1', 0.000, 0.000, 106, 1, NULL, 106, 106, '2021-06-23 04:04:47', '2021-06-23 04:09:24', 0),
(373, 1, 1, 373, 8, 373, 4, 1, '17-2915', NULL, 'Free', '2021-06-23 10:07:01', '2021-06-23 10:20:38', '1', 0.000, 0.000, 106, 1, NULL, 106, 106, '2021-06-23 04:07:01', '2021-06-23 04:20:40', 0),
(374, 1, 1, 374, 8, 374, 5, 1, '53-7523', NULL, 'Free', '2021-06-23 10:08:23', '2021-06-23 10:11:56', '1', 0.000, 0.000, 106, 1, NULL, 106, 106, '2021-06-23 04:08:23', '2021-06-23 04:11:58', 0),
(375, 1, 1, 375, 1, 375, 1, 1, '45-1477', NULL, 'Free', '2021-06-23 10:09:43', '2021-06-23 11:03:07', '1', 0.000, 0.000, 106, 1, NULL, 106, 106, '2021-06-23 04:09:43', '2021-06-23 05:03:08', 0),
(376, 1, 1, 376, 2, 376, 9, 1, '11-7316', NULL, 'Paid', '2021-06-23 10:17:57', '2021-06-23 10:26:39', '1', 60.000, 0.000, 106, 1, NULL, 106, 106, '2021-06-23 04:17:57', '2021-06-23 04:26:40', 0),
(377, 1, 1, 377, 8, 377, 1, 1, '29-4941', NULL, 'Free', '2021-06-23 10:19:07', '2021-06-23 11:08:11', '1', 0.000, 0.000, 106, 1, NULL, 106, 106, '2021-06-23 04:19:07', '2021-06-23 05:08:13', 0),
(378, 1, 1, 378, 8, 378, 4, 1, '53-7523', NULL, 'Free', '2021-06-23 10:21:04', '2021-06-23 10:24:15', '1', 0.000, 0.000, 106, 1, NULL, 106, 106, '2021-06-23 04:21:04', '2021-06-23 04:24:17', 0),
(379, 2, 1, 379, 8, 379, 7, 1, '34-7737', NULL, 'Paid', '2021-06-23 10:21:29', '2021-06-23 19:09:20', '9', 185.000, 0.000, 106, 1, NULL, 106, 106, '2021-06-23 04:21:29', '2021-06-23 13:09:23', 0),
(380, 2, 1, 380, 2, 380, 8, 1, '39-6753', '01877323077', 'Paid', '2021-06-23 10:30:08', '2021-06-23 16:51:35', '7', 145.000, 0.000, 106, 1, NULL, 106, 106, '2021-06-23 04:30:08', '2021-06-23 10:51:37', 0),
(381, 2, 1, 381, 8, 381, 6, 1, '20-1990', NULL, 'Paid', '2021-06-23 10:31:49', '2021-06-23 10:53:02', '1', 25.000, 0.000, 106, 1, NULL, 106, 106, '2021-06-23 04:31:49', '2021-06-23 04:53:03', 0),
(382, 2, 1, 382, 8, 382, 7, 1, '58-7530', NULL, 'Paid', '2021-06-23 10:32:45', '2021-06-23 10:49:16', '1', 25.000, 0.000, 106, 1, NULL, 106, 106, '2021-06-23 04:32:45', '2021-06-23 04:49:18', 0),
(383, 1, 1, 383, 8, 383, 1, 1, '04-0206', NULL, 'Free', '2021-06-23 10:36:45', '2021-06-23 10:56:58', '1', 0.000, 0.000, 106, 1, NULL, 106, 106, '2021-06-23 04:36:45', '2021-06-23 04:57:00', 0),
(384, 2, 1, 384, 2, 384, 7, 1, '66-1731', '01926662432', 'Paid', '2021-06-23 10:37:02', '2021-06-23 16:30:38', '6', 125.000, 0.000, 106, 1, NULL, 106, 106, '2021-06-23 04:37:02', '2021-06-23 10:30:39', 0),
(385, 1, 1, 385, 1, 385, 10, 1, '11-2231', NULL, 'Free', '2021-06-23 10:37:23', '2021-06-23 21:34:27', '11', 0.000, 0.000, 106, 1, NULL, 106, 106, '2021-06-23 04:37:23', '2021-06-23 15:34:29', 0),
(386, 1, 1, 386, 8, 386, 1, 1, '18-3558', '01713015978', 'Free', '2021-06-23 10:40:48', '2021-06-23 11:07:46', '1', 0.000, 0.000, 106, 1, NULL, 106, 106, '2021-06-23 04:40:48', '2021-06-23 05:07:48', 0),
(387, 2, 1, 387, 8, 387, 8, 1, '47-5481', '01725732242', 'Paid', '2021-06-23 10:41:05', '2021-06-23 20:36:56', '10', 205.000, 0.000, 106, 1, NULL, 106, 106, '2021-06-23 04:41:05', '2021-06-23 14:37:42', 0),
(388, 1, 1, 388, 8, 388, 1, 1, '15-4325', NULL, 'Paid', '2021-06-23 10:42:05', '2021-06-23 12:21:36', '2', 90.000, 0.000, 106, 1, NULL, 106, 106, '2021-06-23 04:42:05', '2021-06-23 06:21:42', 0),
(389, 1, 1, 389, 1, 389, 1, 1, '39-2228', NULL, 'Free', '2021-06-23 10:43:26', '2021-06-23 13:05:25', '3', 0.000, 0.000, 106, 1, NULL, 106, 106, '2021-06-23 04:43:26', '2021-06-23 07:05:27', 0),
(390, 1, 1, 390, 8, 390, 1, 1, '37-9024', NULL, 'Paid', '2021-06-23 10:44:22', '2021-06-23 12:22:47', '2', 90.000, 0.000, 106, 1, NULL, 106, 106, '2021-06-23 04:44:22', '2021-06-23 06:22:50', 0),
(391, 1, 1, 391, 7, 391, 1, 1, '34-8329', '01980001500', 'Free', '2021-06-23 10:45:04', '2021-06-23 11:41:37', '1', 0.000, 0.000, 106, 1, NULL, 106, 106, '2021-06-23 04:45:04', '2021-06-23 05:41:38', 0),
(392, 1, 1, 392, 8, 392, 1, 1, '42-8538', NULL, 'Paid', '2021-06-23 10:47:09', '2021-06-23 10:59:50', '1', 60.000, 0.000, 106, 1, NULL, 106, 106, '2021-06-23 04:47:09', '2021-06-23 04:59:53', 0),
(393, 2, 1, 393, 1, 393, 8, 1, '29-1810', '01715025359', 'Free', '2021-06-23 10:48:50', '2021-06-23 17:50:42', '8', 0.000, 0.000, 106, 1, NULL, 106, 106, '2021-06-23 04:48:50', '2021-06-23 11:50:43', 0),
(394, 1, 1, 394, 6, 394, 4, 1, '17-2697', '01712296657', 'Free', '2021-06-23 10:49:03', '2021-06-23 21:57:52', '12', 0.000, 0.000, 106, 1, NULL, 106, 106, '2021-06-23 04:49:03', '2021-06-23 15:57:53', 0),
(395, 2, 1, 395, 1, 395, 8, 1, '13-7154', NULL, 'Free', '2021-06-23 10:49:45', '2021-06-23 10:52:04', '1', 0.000, 0.000, 106, 1, NULL, 106, 106, '2021-06-23 04:49:45', '2021-06-23 04:52:07', 0),
(396, 2, 1, 396, 1, 396, 8, 1, '17-6977', NULL, 'Free', '2021-06-23 10:50:20', '2021-06-23 11:51:20', '2', 0.000, 0.000, 106, 1, NULL, 106, 106, '2021-06-23 04:50:20', '2021-06-23 05:51:23', 0),
(397, 2, 1, 397, 2, 397, 8, 1, '52-2109', '0170831495', 'Paid', '2021-06-23 10:50:40', '2021-06-23 16:53:26', '7', 145.000, 0.000, 106, 1, NULL, 106, 106, '2021-06-23 04:50:40', '2021-06-23 10:53:31', 0),
(398, 1, 1, 398, 8, 398, 1, 1, '22-5506', NULL, 'Paid', '2021-06-23 10:54:32', '2021-06-23 11:28:30', '1', 60.000, 0.000, 106, 1, NULL, 106, 106, '2021-06-23 04:54:32', '2021-06-23 05:28:31', 0),
(399, 2, 1, 399, 1, 399, 7, 1, '50-6237', NULL, 'Free', '2021-06-23 10:55:04', '2021-06-23 15:23:34', '5', 0.000, 0.000, 106, 1, NULL, 106, 106, '2021-06-23 04:55:04', '2021-06-23 09:23:35', 0),
(400, 2, 1, 400, 1, 400, 8, 1, '14-6794', NULL, 'Free', '2021-06-23 10:57:26', '2021-06-23 11:23:00', '1', 0.000, 0.000, 106, 1, NULL, 106, 106, '2021-06-23 04:57:26', '2021-06-23 05:23:01', 0),
(401, 2, 1, 401, 1, 401, 7, 1, '21-4010', NULL, 'Free', '2021-06-23 11:15:41', '2021-06-23 13:09:17', '2', 0.000, 0.000, 106, 1, NULL, 106, 106, '2021-06-23 05:15:41', '2021-06-23 07:09:18', 0),
(402, 1, 1, 402, 8, 402, 3, 1, '12-9044', NULL, 'Free', '2021-06-23 11:17:23', '2021-06-23 21:34:35', '11', 0.000, 0.000, 106, 1, NULL, 106, 106, '2021-06-23 05:17:23', '2021-06-23 15:34:37', 0),
(403, 1, 1, 403, 6, 403, 5, 1, '19-0881', NULL, 'Free', '2021-06-23 11:19:51', '2021-06-23 12:02:50', '1', 0.000, 0.000, 106, 1, NULL, 106, 106, '2021-06-23 05:19:51', '2021-06-23 06:02:51', 0),
(404, 1, 1, 404, 8, 404, 1, 1, '14-2054', NULL, 'Free', '2021-06-23 11:20:44', '2021-06-23 21:34:58', '11', 0.000, 0.000, 106, 1, NULL, 106, 106, '2021-06-23 05:20:44', '2021-06-23 15:35:01', 0),
(405, 1, 1, 405, 7, 405, 1, 1, '34-3430', NULL, 'Free', '2021-06-23 11:22:27', '2021-06-23 13:57:59', '3', 0.000, 0.000, 106, 1, NULL, 106, 106, '2021-06-23 05:22:27', '2021-06-23 07:58:00', 0),
(406, 1, 1, 406, 1, 406, 1, 1, '34-7701', NULL, 'Free', '2021-06-23 11:24:48', '2021-06-23 12:10:23', '1', 0.000, 0.000, 106, 1, NULL, 106, 106, '2021-06-23 05:24:48', '2021-06-23 06:10:24', 0),
(407, 1, 1, 407, 8, 407, 1, 1, '29-4941', NULL, 'Free', '2021-06-23 11:25:19', '2021-06-23 11:47:17', '1', 0.000, 0.000, 106, 1, NULL, 106, 106, '2021-06-23 05:25:19', '2021-06-23 05:47:19', 0),
(408, 1, 1, 408, 7, 408, 1, 1, '19-2569', '01680486592', 'Paid', '2021-06-23 11:25:50', '2021-06-23 18:23:20', '7', 240.000, 0.000, 106, 1, NULL, 106, 106, '2021-06-23 05:25:50', '2021-06-23 12:23:22', 0),
(409, 2, 1, 409, 1, 409, 8, 1, '38-5819', NULL, 'Free', '2021-06-23 11:30:29', '2021-06-23 21:35:51', '11', 0.000, 0.000, 106, 1, NULL, 106, 106, '2021-06-23 05:30:29', '2021-06-23 15:35:52', 0),
(410, 2, 1, 410, 1, 410, 8, 1, '11-2605', '01708800782', 'Free', '2021-06-23 11:31:43', '2021-06-23 17:48:22', '7', 0.000, 0.000, 106, 1, NULL, 106, 106, '2021-06-23 05:31:43', '2021-06-23 11:48:23', 0),
(411, 1, 1, 411, 1, 411, 4, 1, '18-2900', NULL, 'Free', '2021-06-23 11:35:23', '2021-06-23 21:35:14', '10', 0.000, 0.000, 106, 1, NULL, 106, 106, '2021-06-23 05:35:23', '2021-06-23 15:35:16', 0),
(412, 2, 1, 412, 1, 412, 8, 1, '26-0470', NULL, 'Free', '2021-06-23 11:37:12', '2021-06-23 12:27:29', '1', 0.000, 0.000, 106, 1, NULL, 106, 106, '2021-06-23 05:37:12', '2021-06-23 06:27:31', 0),
(413, 2, 1, 413, 7, 413, 8, 1, '58-3288', NULL, 'Free', '2021-06-23 11:40:12', '2021-06-23 17:12:38', '6', 0.000, 0.000, 106, 1, NULL, 106, 106, '2021-06-23 05:40:12', '2021-06-23 11:12:41', 0),
(414, 1, 1, 414, 8, 414, 1, 1, '12-9174', NULL, 'Paid', '2021-06-23 11:40:50', '2021-06-23 12:06:50', '1', 60.000, 0.000, 106, 1, NULL, 106, 106, '2021-06-23 05:40:50', '2021-06-23 06:06:53', 0),
(415, 1, 1, 415, 6, 415, 4, 1, '18-4167', NULL, 'Paid', '2021-06-23 11:54:50', '2021-06-23 11:55:38', '1', 60.000, 0.000, 106, 1, NULL, 106, 106, '2021-06-23 05:54:50', '2021-06-23 05:55:43', 0),
(416, 1, 1, 416, 8, 416, 5, 1, '53-7612', NULL, 'Free', '2021-06-23 11:59:00', '2021-06-23 12:29:50', '1', 0.000, 0.000, 106, 1, NULL, 106, 106, '2021-06-23 05:59:00', '2021-06-23 06:29:52', 0),
(417, 1, 1, 417, 3, 417, 1, 1, '27-3815', NULL, 'Paid', '2021-06-23 12:02:11', '2021-06-23 12:43:42', '1', 60.000, 0.000, 106, 1, NULL, 106, 106, '2021-06-23 06:02:11', '2021-06-23 06:43:44', 0),
(418, 1, 1, 418, 1, 418, 1, 1, '27-8972', NULL, 'Free', '2021-06-23 12:03:13', '2021-06-24 13:37:41', '26', 0.000, 0.000, 106, 1, NULL, 106, 106, '2021-06-23 06:03:13', '2021-06-24 07:37:42', 0),
(419, 1, 1, 419, 1, 419, 1, 1, '42-8376', NULL, 'Free', '2021-06-23 12:03:57', '2021-06-23 18:24:43', '7', 0.000, 0.000, 106, 1, NULL, 106, 106, '2021-06-23 06:03:57', '2021-06-23 12:24:44', 0),
(420, 1, 1, 420, 7, 420, 1, 1, '39-1961', '01312835768', 'Free', '2021-06-23 12:04:41', '2021-06-23 14:58:17', '3', 0.000, 0.000, 106, 1, NULL, 106, 106, '2021-06-23 06:04:41', '2021-06-23 08:58:18', 0),
(421, 1, 1, 421, 1, 421, 1, 1, '11-9386', NULL, 'Free', '2021-06-23 12:13:06', '2021-06-23 21:36:00', '10', 0.000, 0.000, 106, 1, NULL, 106, 106, '2021-06-23 06:13:06', '2021-06-23 15:36:01', 0),
(422, 1, 1, 422, 8, 422, 4, 1, '17-1126', NULL, 'Paid', '2021-06-23 12:14:36', '2021-06-23 12:58:19', '1', 60.000, 0.000, 106, 1, NULL, 106, 106, '2021-06-23 06:14:36', '2021-06-23 06:58:22', 0),
(423, 2, 1, 423, 1, 423, 8, 1, '23-7470', NULL, 'Free', '2021-06-23 12:14:53', '2021-06-23 13:09:04', '1', 0.000, 0.000, 106, 1, NULL, 106, 106, '2021-06-23 06:14:53', '2021-06-23 07:09:06', 0),
(424, 2, 1, 424, 3, 424, 8, 1, '38-3010', NULL, 'Paid', '2021-06-23 12:15:32', '2021-06-23 15:46:39', '4', 85.000, 0.000, 106, 1, NULL, 106, 106, '2021-06-23 06:15:32', '2021-06-23 09:46:43', 0),
(425, 1, 1, 425, 8, 425, 1, 1, '37-0762', NULL, 'Free', '2021-06-23 12:20:07', '2021-06-23 12:20:29', '1', 0.000, 0.000, 106, 1, NULL, 106, 106, '2021-06-23 06:20:07', '2021-06-23 06:20:31', 0),
(426, 1, 1, 426, 1, 426, 3, 1, '17-5138', NULL, 'Free', '2021-06-23 12:21:25', '2021-06-23 13:11:41', '1', 0.000, 0.000, 106, 1, NULL, 106, 106, '2021-06-23 06:21:25', '2021-06-23 07:11:42', 0),
(427, 2, 1, 427, 1, 427, 7, 1, '36-3643', NULL, 'Free', '2021-06-23 12:28:47', '2021-06-23 12:44:31', '1', 0.000, 0.000, 106, 1, NULL, 106, 106, '2021-06-23 06:28:47', '2021-06-23 06:44:33', 0),
(428, 1, 1, 428, 1, 428, 1, 1, '34-3648', NULL, 'Free', '2021-06-23 12:34:10', '2021-06-23 21:35:38', '10', 0.000, 0.000, 106, 1, NULL, 106, 106, '2021-06-23 06:34:10', '2021-06-23 15:35:45', 0),
(429, 2, 1, 429, 2, 429, 8, 1, '50-9064', '01717691113', 'Free', '2021-06-23 12:35:43', '2021-06-23 18:54:56', '7', 0.000, 0.000, 106, 1, NULL, 106, 106, '2021-06-23 06:35:43', '2021-06-23 12:54:59', 0),
(430, 2, 1, 430, 8, 430, 7, 1, '38-5819', NULL, 'Paid', '2021-06-23 12:37:20', '2021-06-23 13:59:26', '2', 45.000, 0.000, 106, 1, NULL, 106, 106, '2021-06-23 06:37:20', '2021-06-23 07:59:30', 0),
(431, 2, 1, 431, 1, 431, 8, 1, '12-5647', NULL, 'Free', '2021-06-23 12:38:11', '2021-06-23 13:00:00', '1', 0.000, 0.000, 106, 1, NULL, 106, 106, '2021-06-23 06:38:11', '2021-06-23 07:00:02', 0),
(432, 1, 1, 432, 1, 432, 1, 1, '25-4646', NULL, 'Free', '2021-06-23 12:39:46', '2021-06-23 17:59:20', '6', 0.000, 0.000, 106, 1, NULL, 106, 106, '2021-06-23 06:39:46', '2021-06-23 11:59:21', 0),
(433, 2, 1, 433, 1, 433, 7, 1, '11-5134', '01769501537', 'Free', '2021-06-23 12:40:45', '2021-06-23 21:39:29', '9', 0.000, 0.000, 106, 1, NULL, 106, 106, '2021-06-23 06:40:45', '2021-06-23 15:39:30', 0),
(434, 1, 1, 434, 3, 434, 1, 1, '33-5536', NULL, 'Paid', '2021-06-23 12:44:42', '2021-06-23 13:17:08', '1', 60.000, 0.000, 106, 1, NULL, 106, 106, '2021-06-23 06:44:42', '2021-06-23 07:17:09', 0),
(435, 1, 1, 435, 7, 435, 1, 1, '34-8329', '01980001500', 'Paid', '2021-06-23 12:45:23', '2021-06-23 14:37:25', '2', 90.000, 0.000, 106, 1, NULL, 106, 106, '2021-06-23 06:45:23', '2021-06-23 08:37:29', 0),
(436, 2, 1, 436, 1, 436, 7, 1, '000000', NULL, 'Free', '2021-06-23 12:50:00', '2021-06-23 13:22:35', '1', 0.000, 0.000, 106, 1, NULL, 106, 106, '2021-06-23 06:50:00', '2021-06-23 07:22:38', 0),
(437, 2, 1, 437, 8, 437, 7, 1, '24-9904', '0173776522', 'Paid', '2021-06-23 12:50:18', '2021-06-23 21:39:36', '9', 185.000, 0.000, 106, 1, NULL, 106, 106, '2021-06-23 06:50:18', '2021-06-23 15:39:40', 0),
(438, 1, 1, 438, 1, 438, 4, 2, '53-8313', NULL, 'Free', '2021-06-23 12:51:33', '2021-06-23 14:24:57', '2', 0.000, 0.000, 106, 1, NULL, 106, 106, '2021-06-23 06:51:33', '2021-06-23 08:24:58', 0),
(439, 1, 1, 439, 8, 439, 1, 1, '31-4565', NULL, 'Free', '2021-06-23 12:53:46', '2021-06-23 13:09:43', '1', 0.000, 0.000, 106, 1, NULL, 106, 106, '2021-06-23 06:53:46', '2021-06-23 07:09:45', 0),
(440, 1, 1, 440, 3, 440, 1, 1, '21-4640', NULL, 'Paid', '2021-06-23 12:58:43', '2021-06-23 15:05:20', '3', 120.000, 0.000, 106, 1, NULL, 106, 106, '2021-06-23 06:58:43', '2021-06-23 09:05:29', 0),
(441, 1, 1, 441, 8, 441, 1, 1, '42-1461', '01713015978', 'Free', '2021-06-23 13:10:03', '2021-06-23 15:25:55', '3', 0.000, 0.000, 106, 1, NULL, 106, 106, '2021-06-23 07:10:03', '2021-06-23 09:25:56', 0),
(442, 2, 1, 442, 8, 442, 8, 1, '29-1686', NULL, 'Paid', '2021-06-23 13:22:18', '2021-06-23 13:46:56', '1', 25.000, 0.000, 106, 1, NULL, 106, 106, '2021-06-23 07:22:18', '2021-06-23 07:47:17', 0),
(443, 1, 1, 443, 1, 443, 1, 1, '31-8166', NULL, 'Free', '2021-06-23 13:22:56', '2021-06-23 13:26:11', '1', 0.000, 0.000, 106, 1, NULL, 106, 106, '2021-06-23 07:22:56', '2021-06-23 07:26:16', 0),
(444, 1, 1, 444, 1, 444, 1, 1, '31-8166', NULL, 'Free', '2021-06-23 13:23:15', '2021-06-23 16:03:35', '3', 0.000, 0.000, 106, 1, NULL, 106, 106, '2021-06-23 07:23:15', '2021-06-23 10:03:43', 0),
(445, 2, 1, 445, 1, 445, 8, 1, '41-0339', NULL, 'Free', '2021-06-23 13:25:17', '2021-06-23 13:42:05', '1', 0.000, 0.000, 106, 1, NULL, 106, 106, '2021-06-23 07:25:17', '2021-06-23 07:42:07', 0),
(446, 2, 1, 446, 8, 446, 8, 1, '37-1643', NULL, 'Paid', '2021-06-23 13:26:00', '2021-06-23 13:51:01', '1', 25.000, 0.000, 106, 1, NULL, 106, 106, '2021-06-23 07:26:00', '2021-06-23 07:51:03', 0),
(447, 2, 1, 447, 8, 447, 8, 1, '13-6805', NULL, 'Paid', '2021-06-23 13:33:09', '2021-06-23 14:25:47', '1', 25.000, 0.000, 106, 1, NULL, 106, 106, '2021-06-23 07:33:09', '2021-06-23 08:25:53', 0),
(448, 1, 1, 448, 1, 448, 5, 1, '56-2320', NULL, 'Free', '2021-06-23 13:33:26', '2021-06-23 17:53:58', '5', 0.000, 0.000, 106, 1, NULL, 106, 106, '2021-06-23 07:33:26', '2021-06-23 11:54:00', 0),
(449, 2, 1, 449, 7, 449, 8, 1, '11-5548', '01980001668', 'Paid', '2021-06-23 13:33:43', '2021-06-23 15:02:45', '2', 45.000, 0.000, 106, 1, NULL, 106, 106, '2021-06-23 07:33:43', '2021-06-23 09:02:47', 0),
(450, 2, 1, 450, 8, 450, 8, 1, '33-1568', NULL, 'Paid', '2021-06-23 13:34:56', '2021-06-23 15:03:01', '2', 45.000, 0.000, 106, 1, NULL, 106, 106, '2021-06-23 07:34:56', '2021-06-23 09:03:05', 0),
(451, 1, 1, 451, 1, 451, 1, 1, '35-8318', '01755648455', 'Free', '2021-06-23 13:41:22', '2021-06-23 21:39:54', '8', 0.000, 0.000, 106, 1, NULL, 106, 106, '2021-06-23 07:41:22', '2021-06-23 15:39:57', 0),
(452, 1, 1, 452, 6, 452, 1, 1, '12-7303', '01944530813', 'Free', '2021-06-23 13:55:24', '2021-06-23 17:07:02', '4', 0.000, 0.000, 106, 1, NULL, 106, 106, '2021-06-23 07:55:24', '2021-06-23 11:07:04', 0),
(453, 1, 1, 453, 1, 453, 1, 1, '34-7701', NULL, 'Free', '2021-06-23 14:01:20', '2021-06-23 15:30:20', '2', 0.000, 0.000, 106, 1, NULL, 106, 106, '2021-06-23 08:01:20', '2021-06-23 09:30:22', 0),
(454, 1, 1, 454, 1, 454, 1, 1, '34-6248', NULL, 'Free', '2021-06-23 14:02:09', '2021-06-23 21:40:03', '8', 0.000, 0.000, 106, 1, NULL, 106, 106, '2021-06-23 08:02:09', '2021-06-23 15:40:15', 0),
(455, 2, 1, 455, 1, 455, 8, 1, '11-3511', NULL, 'Free', '2021-06-23 14:05:00', '2021-06-23 14:32:53', '1', 0.000, 0.000, 106, 1, NULL, 106, 106, '2021-06-23 08:05:00', '2021-06-23 08:32:55', 0),
(456, 1, 1, 456, 1, 456, 1, 1, '22-0701', NULL, 'Free', '2021-06-23 14:06:29', '2021-06-23 17:46:53', '4', 0.000, 0.000, 106, 1, NULL, 106, 106, '2021-06-23 08:06:29', '2021-06-23 11:46:54', 0),
(457, 1, 1, 457, 6, 457, 5, 1, '19-0881', NULL, 'Paid', '2021-06-23 14:17:49', '2021-06-23 21:57:15', '8', 270.000, 0.000, 106, 1, NULL, 106, 106, '2021-06-23 08:17:49', '2021-06-23 15:57:17', 0),
(458, 1, 1, 458, 1, 458, 1, 1, '33-5212', NULL, 'Free', '2021-06-23 14:31:52', '2021-06-23 15:04:24', '1', 0.000, 0.000, 106, 1, NULL, 106, 106, '2021-06-23 08:31:52', '2021-06-23 09:04:27', 0),
(459, 1, 1, 459, 1, 459, 1, 1, '29-4891', NULL, 'Free', '2021-06-23 14:35:05', '2021-06-23 18:47:06', '5', 0.000, 0.000, 106, 1, NULL, 106, 106, '2021-06-23 08:35:05', '2021-06-23 12:47:09', 0),
(460, 1, 1, 460, 8, 460, 4, 1, '11-1511', NULL, 'Free', '2021-06-23 14:38:25', '2021-06-23 15:15:01', '1', 0.000, 0.000, 106, 1, NULL, 106, 106, '2021-06-23 08:38:25', '2021-06-23 09:15:03', 0),
(461, 1, 1, 461, 1, 461, 7, 1, '57-6993', NULL, 'Free', '2021-06-23 14:39:19', '2021-06-23 21:41:14', '8', 0.000, 0.000, 106, 1, NULL, 106, 106, '2021-06-23 08:39:19', '2021-06-23 15:41:16', 0),
(462, 1, 1, 462, 1, 462, 5, 1, '53-8514', NULL, 'Free', '2021-06-23 14:53:37', '2021-06-23 17:23:44', '3', 0.000, 0.000, 106, 1, NULL, 106, 106, '2021-06-23 08:53:37', '2021-06-23 11:23:56', 0),
(463, 1, 1, 463, 3, 463, 1, 1, '27-6268', NULL, 'Paid', '2021-06-23 15:01:21', '2021-06-23 16:06:40', '2', 90.000, 0.000, 106, 1, NULL, 106, 106, '2021-06-23 09:01:21', '2021-06-23 10:06:45', 0),
(464, 1, 1, 464, 1, 464, 9, 1, '13-1374', NULL, 'Free', '2021-06-23 15:04:11', '2021-06-23 15:10:13', '1', 0.000, 0.000, 106, 1, NULL, 106, 106, '2021-06-23 09:04:11', '2021-06-23 09:10:16', 0),
(465, 1, 1, 465, 1, 465, 1, 1, '12-7601', NULL, 'Free', '2021-06-23 15:07:46', '2021-06-23 15:38:20', '1', 0.000, 0.000, 106, 1, NULL, 106, 106, '2021-06-23 09:07:46', '2021-06-23 09:38:22', 0),
(466, 2, 1, 466, 1, 466, 1, 1, '22-5240', NULL, 'Free', '2021-06-23 15:11:27', '2021-06-23 19:50:54', '5', 0.000, 0.000, 106, 1, NULL, 106, 106, '2021-06-23 09:11:27', '2021-06-23 13:50:57', 0),
(467, 1, 1, 467, 1, 467, 1, 1, '31-8086', NULL, 'Free', '2021-06-23 15:16:40', '2021-06-23 17:53:05', '3', 0.000, 0.000, 106, 1, NULL, 106, 106, '2021-06-23 09:16:40', '2021-06-23 11:53:09', 0),
(468, 1, 1, 468, 3, 468, 1, 1, '36-0625', NULL, 'Paid', '2021-06-23 15:17:45', '2021-06-23 18:54:15', '4', 150.000, 0.000, 106, 1, NULL, 106, 106, '2021-06-23 09:17:45', '2021-06-23 12:54:27', 0),
(469, 1, 1, 469, 1, 469, 1, 1, '43-7778', NULL, 'Free', '2021-06-23 15:27:40', '2021-06-23 21:42:38', '7', 0.000, 0.000, 106, 1, NULL, 106, 106, '2021-06-23 09:27:40', '2021-06-23 15:42:40', 0),
(470, 2, 1, 470, 1, 470, 7, 1, '57-1757', NULL, 'Free', '2021-06-23 15:28:25', '2021-06-23 15:40:20', '1', 0.000, 0.000, 106, 1, NULL, 106, 106, '2021-06-23 09:28:25', '2021-06-23 09:40:22', 0),
(471, 1, 1, 471, 7, 471, 5, 1, '52-0207', '01749146958', 'Free', '2021-06-23 15:35:54', '2021-06-23 19:48:11', '5', 0.000, 0.000, 106, 1, NULL, 106, 106, '2021-06-23 09:35:54', '2021-06-23 13:48:12', 0),
(472, 1, 1, 472, 1, 472, 5, 1, '53-1030', NULL, 'Free', '2021-06-23 15:37:22', '2021-06-23 18:13:13', '3', 0.000, 0.000, 106, 1, NULL, 106, 106, '2021-06-23 09:37:22', '2021-06-23 12:13:15', 0),
(473, 1, 1, 473, 1, 473, 1, 1, '33-5212', NULL, 'Free', '2021-06-23 15:39:54', '2021-06-23 16:29:15', '1', 0.000, 0.000, 106, 1, NULL, 106, 106, '2021-06-23 09:39:54', '2021-06-23 10:29:17', 0),
(474, 1, 1, 474, 1, 474, 5, 1, '53-4463', NULL, 'Free', '2021-06-23 15:40:49', '2021-06-24 07:23:29', '16', 0.000, 0.000, 106, 1, NULL, 106, 106, '2021-06-23 09:40:49', '2021-06-24 01:23:38', 0),
(475, 1, 1, 475, 3, 475, 1, 1, '29-4890', NULL, 'Paid', '2021-06-23 15:49:45', '2021-06-23 16:38:10', '1', 60.000, 0.000, 106, 1, NULL, 106, 106, '2021-06-23 09:49:45', '2021-06-23 10:38:12', 0),
(476, 1, 1, 476, 1, 476, 1, 1, '25-4645', NULL, 'Free', '2021-06-23 16:00:58', '2021-06-23 18:16:07', '3', 0.000, 0.000, 106, 1, NULL, 106, 106, '2021-06-23 10:00:58', '2021-06-23 12:16:09', 0),
(477, 1, 1, 477, 1, 477, 5, 1, '53-2183', NULL, 'Free', '2021-06-23 16:07:08', '2021-06-23 16:17:30', '1', 0.000, 0.000, 106, 1, NULL, 106, 106, '2021-06-23 10:07:08', '2021-06-23 10:17:33', 0),
(478, 1, 1, 478, 3, 478, 1, 1, '21-3926', NULL, 'Paid', '2021-06-23 16:08:21', '2021-06-23 16:49:20', '1', 60.000, 0.000, 106, 1, NULL, 106, 106, '2021-06-23 10:08:21', '2021-06-23 10:49:26', 0),
(479, 1, 1, 479, 1, 479, 1, 1, '34-5567', '01708800777', 'Free', '2021-06-23 16:39:13', '2021-06-23 17:54:28', '2', 0.000, 0.000, 106, 1, NULL, 106, 106, '2021-06-23 10:39:13', '2021-06-23 11:54:29', 0),
(480, 1, 1, 480, 3, 480, 1, 1, '25-2888', NULL, 'Paid', '2021-06-23 16:41:10', '2021-06-23 16:58:55', '1', 60.000, 0.000, 106, 1, NULL, 106, 106, '2021-06-23 10:41:10', '2021-06-23 10:58:56', 0),
(481, 1, 1, 481, 8, 481, 7, 1, '57-1757', NULL, 'Free', '2021-06-23 16:52:17', '2021-06-23 17:33:11', '1', 0.000, 0.000, 106, 1, NULL, 106, 106, '2021-06-23 10:52:17', '2021-06-23 11:33:12', 0),
(482, 2, 1, 482, 1, 482, 7, 1, '15-5135', NULL, 'Free', '2021-06-23 17:03:30', '2021-06-23 20:38:20', '4', 0.000, 0.000, 106, 1, NULL, 106, 106, '2021-06-23 11:03:30', '2021-06-23 14:38:22', 0),
(483, 2, 1, 483, 1, 483, 1, 1, '36-1810', NULL, 'Free', '2021-06-23 17:11:13', '2021-06-23 19:43:37', '3', 0.000, 0.000, 106, 1, NULL, 106, 106, '2021-06-23 11:11:13', '2021-06-23 13:43:44', 0),
(484, 1, 1, 484, 1, 484, 1, 1, '34-3430', NULL, 'Free', '2021-06-23 17:15:55', '2021-06-23 19:03:40', '2', 0.000, 0.000, 106, 1, NULL, 106, 106, '2021-06-23 11:15:55', '2021-06-23 13:03:43', 0),
(485, 2, 1, 485, 1, 485, 7, 1, '57-3098', NULL, 'Free', '2021-06-23 17:26:55', '2021-06-23 21:37:34', '5', 0.000, 0.000, 106, 1, NULL, 106, 106, '2021-06-23 11:26:55', '2021-06-23 15:37:40', 0),
(486, 2, 1, 486, 1, 486, 6, 1, '506237', NULL, 'Free', '2021-06-23 17:30:14', '2021-06-23 18:38:19', '2', 0.000, 0.000, 106, 1, NULL, 106, 106, '2021-06-23 11:30:14', '2021-06-23 12:38:22', 0),
(487, 1, 1, 487, 8, 487, 1, 1, '26-0720', '01717593177', 'Free', '2021-06-23 17:31:09', '2021-06-23 18:27:59', '1', 0.000, 0.000, 106, 1, NULL, 106, 106, '2021-06-23 11:31:09', '2021-06-23 12:28:00', 0),
(488, 1, 1, 488, 3, 488, 1, 1, '29-6968', NULL, 'Paid', '2021-06-23 17:41:34', '2021-06-23 18:49:46', '2', 90.000, 0.000, 106, 1, NULL, 106, 106, '2021-06-23 11:41:34', '2021-06-23 12:49:48', 0),
(489, 1, 1, 489, 3, 489, 1, 1, '21-6839', NULL, 'Paid', '2021-06-23 17:45:25', '2021-06-23 19:16:52', '2', 90.000, 0.000, 106, 1, NULL, 106, 106, '2021-06-23 11:45:25', '2021-06-23 13:16:53', 0),
(490, 1, 1, 490, 1, 490, 9, 1, '13-4511', NULL, 'Free', '2021-06-23 17:45:52', '2021-06-24 08:15:42', '15', 0.000, 0.000, 106, 1, NULL, 106, 106, '2021-06-23 11:45:52', '2021-06-24 02:15:43', 0),
(491, 1, 1, 491, 6, 491, 4, 1, '18-4167', NULL, 'Free', '2021-06-23 17:58:52', '2021-06-23 22:02:21', '5', 0.000, 0.000, 106, 1, NULL, 106, 106, '2021-06-23 11:58:52', '2021-06-23 16:02:23', 0),
(492, 1, 1, 492, 6, 492, 9, 1, '13-5839', NULL, 'Paid', '2021-06-23 18:06:46', '2021-06-23 21:57:40', '4', 150.000, 0.000, 106, 1, NULL, 106, 106, '2021-06-23 12:06:46', '2021-06-23 15:57:42', 0),
(493, 1, 1, 493, 1, 493, 1, 1, '31-8166', NULL, 'Free', '2021-06-23 18:09:05', '2021-06-24 05:50:23', '12', 0.000, 0.000, 106, 1, NULL, 106, 106, '2021-06-23 12:09:05', '2021-06-23 23:50:26', 0),
(494, 1, 1, 494, 3, 494, 1, 1, '14-51367', NULL, 'Paid', '2021-06-23 18:11:02', '2021-06-23 19:59:00', '2', 90.000, 0.000, 106, 1, NULL, 106, 106, '2021-06-23 12:11:02', '2021-06-23 13:59:02', 0),
(495, 1, 1, 495, 3, 495, 4, 1, '18-5774', NULL, 'Paid', '2021-06-23 18:11:27', '2021-06-23 18:12:45', '1', 60.000, 0.000, 106, 1, NULL, 106, 106, '2021-06-23 12:11:27', '2021-06-23 12:12:50', 0),
(496, 2, 1, 496, 8, 496, 7, 1, '17-3899', NULL, 'Paid', '2021-06-23 18:18:26', '2021-06-23 18:32:23', '1', 25.000, 0.000, 106, 1, NULL, 106, 106, '2021-06-23 12:18:26', '2021-06-23 12:32:25', 0),
(497, 2, 1, 497, 1, 497, 8, 1, '44-9389', NULL, 'Free', '2021-06-23 18:20:04', '2021-06-23 18:38:57', '1', 0.000, 0.000, 106, 1, NULL, 106, 106, '2021-06-23 12:20:04', '2021-06-23 12:39:02', 0),
(498, 1, 1, 498, 3, 498, 1, 1, '42-6789', NULL, 'Paid', '2021-06-23 18:23:59', '2021-06-23 19:56:53', '2', 90.000, 0.000, 106, 1, NULL, 106, 106, '2021-06-23 12:23:59', '2021-06-23 13:56:55', 0),
(499, 2, 1, 499, 3, 499, 8, 1, '24-1522', NULL, 'Paid', '2021-06-23 18:27:22', '2021-06-23 19:40:35', '2', 45.000, 0.000, 106, 1, NULL, 106, 106, '2021-06-23 12:27:22', '2021-06-23 13:41:07', 0),
(500, 2, 1, 500, 3, 500, 7, 1, '22-2029', NULL, 'Paid', '2021-06-23 18:30:09', '2021-06-23 19:55:24', '2', 45.000, 0.000, 106, 1, NULL, 106, 106, '2021-06-23 12:30:09', '2021-06-23 13:55:29', 0),
(501, 1, 1, 501, 1, 501, 5, 1, '53-2183', NULL, 'Free', '2021-06-23 18:30:24', '2021-06-24 08:46:32', '15', 0.000, 0.000, 106, 1, NULL, 106, 106, '2021-06-23 12:30:24', '2021-06-24 02:46:33', 0),
(502, 1, 1, 502, 1, 502, 3, 1, '33-5212', NULL, 'Free', '2021-06-23 18:37:58', '2021-06-24 06:38:43', '13', 0.000, 0.000, 106, 1, NULL, 106, 106, '2021-06-23 12:37:58', '2021-06-24 00:38:48', 0),
(503, 1, 1, 503, 1, 503, 1, 1, '39-1326', NULL, 'Free', '2021-06-23 18:44:12', '2021-06-24 05:20:14', '11', 0.000, 0.000, 106, 1, NULL, 106, 106, '2021-06-23 12:44:12', '2021-06-23 23:20:16', 0),
(504, 2, 1, 504, 2, 504, 8, 1, '39-6753', '01877323077', 'Free', '2021-06-23 18:58:02', '2021-06-23 21:06:21', '3', 0.000, 0.000, 106, 1, NULL, 106, 106, '2021-06-23 12:58:02', '2021-06-23 15:06:24', 0),
(505, 2, 1, 505, 3, 505, 7, 1, '66-9626', NULL, 'Paid', '2021-06-23 19:12:38', '2021-06-23 21:10:25', '2', 45.000, 0.000, 106, 1, NULL, 106, 106, '2021-06-23 13:12:38', '2021-06-23 15:10:29', 0),
(506, 1, 1, 506, 6, 506, 1, 1, '12-7303', '01944530813', 'Paid', '2021-06-23 19:14:20', '2021-06-23 21:58:02', '3', 120.000, 0.000, 106, 1, NULL, 106, 106, '2021-06-23 13:14:20', '2021-06-23 15:58:03', 0);
INSERT INTO `daily_parkings` (`id`, `vehicle_type_id`, `station_id`, `token_number`, `tenant_id`, `station_parking_id`, `code_id`, `area_id`, `vehicle_number`, `mobile_number`, `payment_status`, `clock_in`, `clock_out`, `total_time`, `payable_amount`, `paid_amount`, `collection_by`, `status`, `deleted_at`, `added_by`, `updated_by`, `created_at`, `updated_at`, `sync_status`) VALUES
(507, 1, 1, 507, 1, 507, 5, 1, '53-1030', NULL, 'Free', '2021-06-23 19:18:44', '2021-06-24 07:56:51', '13', 0.000, 0.000, 106, 1, NULL, 106, 106, '2021-06-23 13:18:44', '2021-06-24 01:56:55', 0),
(508, 1, 1, 508, 1, 508, 1, 1, '31-8086', NULL, 'Free', '2021-06-23 19:27:49', '2021-06-24 07:50:50', '13', 0.000, 0.000, 106, 1, NULL, 106, 106, '2021-06-23 13:27:49', '2021-06-24 01:50:52', 0),
(509, 1, 1, 509, 3, 509, 4, 1, '17-5251', NULL, 'Paid', '2021-06-23 19:48:01', '2021-06-23 20:39:40', '1', 60.000, 0.000, 106, 1, NULL, 106, 106, '2021-06-23 13:48:01', '2021-06-23 14:39:42', 0),
(510, 1, 1, 510, 3, 510, 1, 1, '42-3939', NULL, 'Paid', '2021-06-23 19:54:22', '2021-06-23 20:53:40', '1', 60.000, 0.000, 106, 1, NULL, 106, 106, '2021-06-23 13:54:22', '2021-06-23 14:53:42', 0),
(511, 1, 1, 511, 1, 511, 1, 1, '25-4645', NULL, 'Free', '2021-06-23 20:09:19', '2021-06-23 20:09:29', '1', 0.000, 0.000, 106, 1, NULL, 106, 106, '2021-06-23 14:09:19', '2021-06-23 14:09:30', 0),
(512, 1, 1, 512, 1, 512, 1, 1, '25-4646', NULL, 'Free', '2021-06-23 20:09:42', '2021-06-24 07:41:54', '12', 0.000, 0.000, 106, 1, NULL, 106, 106, '2021-06-23 14:09:42', '2021-06-24 01:41:57', 0),
(513, 1, 1, 513, 3, 513, 1, 1, '28-9298', NULL, 'Paid', '2021-06-23 20:14:38', '2021-06-23 20:47:05', '1', 60.000, 0.000, 106, 1, NULL, 106, 106, '2021-06-23 14:14:38', '2021-06-23 14:47:06', 0),
(514, 2, 1, 514, 2, 514, 8, 1, '52-2109', '0170831495', 'Free', '2021-06-23 20:25:13', '2021-06-23 21:06:31', '1', 0.000, 0.000, 106, 1, NULL, 106, 106, '2021-06-23 14:25:13', '2021-06-23 15:06:32', 0),
(515, 1, 1, 515, 1, 515, 1, 1, '25-4645', NULL, 'Free', '2021-06-23 20:25:40', '2021-06-23 20:43:11', '1', 0.000, 0.000, 106, 1, NULL, 106, 106, '2021-06-23 14:25:40', '2021-06-23 14:43:12', 0),
(516, 1, 1, 516, 6, 516, 9, 1, '13-6785', NULL, 'Free', '2021-06-23 20:44:26', '2021-06-23 21:57:30', '2', 0.000, 0.000, 106, 1, NULL, 106, 106, '2021-06-23 14:44:26', '2021-06-23 15:57:31', 0),
(517, 1, 1, 517, 3, 517, 1, 1, '22-2098', NULL, 'Paid', '2021-06-23 21:03:12', '2021-06-23 22:37:15', '2', 90.000, 0.000, 106, 1, NULL, 106, 106, '2021-06-23 15:03:12', '2021-06-23 16:37:17', 0),
(518, 2, 1, 518, 9, 518, 2, 1, '88-1356', NULL, 'Free', '2021-06-23 21:26:50', '2021-06-23 21:27:04', '1', 0.000, 0.000, 106, 1, NULL, 106, 106, '2021-06-23 15:26:50', '2021-06-23 15:27:13', 0),
(519, 2, 1, 519, 9, 519, 8, 1, '20-8808', '01769501620', 'Free', '2021-06-23 21:34:01', '2021-06-24 10:52:56', '14', 0.000, 0.000, 106, 1, NULL, 106, 106, '2021-06-23 15:34:01', '2021-06-24 04:52:58', 0),
(520, 2, 1, 520, 9, 520, 8, 1, '34-4661', '01708800826', 'Free', '2021-06-23 21:38:05', '2021-06-25 09:30:37', '36', 0.000, 0.000, 106, 1, NULL, 106, 106, '2021-06-23 15:38:05', '2021-06-25 03:30:38', 0),
(521, 1, 1, 521, 3, 521, 1, 1, '25-0687', NULL, 'Paid', '2021-06-23 21:43:36', '2021-06-23 22:41:16', '1', 60.000, 0.000, 106, 1, NULL, 106, 106, '2021-06-23 15:43:36', '2021-06-23 16:41:18', 0),
(522, 1, 1, 522, 7, 522, 1, 1, '34-3430', NULL, 'Free', '2021-06-23 22:03:58', '2021-06-24 10:33:24', '13', 0.000, 0.000, 106, 1, NULL, 106, 106, '2021-06-23 16:03:58', '2021-06-24 04:33:26', 0),
(523, 1, 1, 523, 1, 523, 5, 1, '53-2936', NULL, 'Free', '2021-06-23 23:56:18', '2021-06-24 08:07:42', '9', 0.000, 0.000, 106, 1, NULL, 106, 106, '2021-06-23 17:56:18', '2021-06-24 02:07:46', 0),
(524, 1, 1, 524, 7, 524, 4, 1, '13-1281', NULL, 'Free', '2021-06-24 00:10:46', '2021-06-24 11:33:17', '12', 0.000, 0.000, 106, 1, NULL, 106, 106, '2021-06-23 18:10:46', '2021-06-24 05:33:18', 0),
(525, 1, 1, 525, 1, 525, 4, 1, '39-1326', NULL, 'Free', '2021-06-24 05:46:55', '2021-06-24 10:48:21', '6', 0.000, 0.000, 106, 1, NULL, 106, 106, '2021-06-23 23:46:55', '2021-06-24 04:48:24', 0),
(526, 2, 1, 526, 1, 526, 8, 1, '441483', NULL, 'Free', '2021-06-24 06:27:25', '2021-06-24 16:23:22', '10', 0.000, 0.000, 106, 1, NULL, 106, 106, '2021-06-24 00:27:25', '2021-06-24 10:23:23', 0),
(527, 2, 1, 527, 1, 527, 8, 1, '32 5139', NULL, 'Free', '2021-06-24 06:29:28', '2021-06-24 19:16:48', '13', 0.000, 0.000, 106, 1, NULL, 106, 106, '2021-06-24 00:29:28', '2021-06-24 13:16:49', 0),
(528, 2, 1, 528, 1, 528, 8, 1, '310996', NULL, 'Free', '2021-06-24 06:58:44', '2021-06-24 17:07:21', '11', 0.000, 0.000, 106, 1, NULL, 106, 106, '2021-06-24 00:58:44', '2021-06-24 11:07:23', 0),
(529, 1, 1, 529, 1, 529, 1, 1, '29-4891', NULL, 'Free', '2021-06-24 07:05:28', '2021-06-24 07:07:02', '1', 0.000, 0.000, 106, 1, NULL, 106, 106, '2021-06-24 01:05:28', '2021-06-24 01:07:04', 0),
(530, 1, 1, 530, 1, 530, 5, 1, '535352', NULL, 'Free', '2021-06-24 07:08:50', '2021-06-26 14:52:10', '56', 0.000, 0.000, 106, 1, NULL, 106, 106, '2021-06-24 01:08:50', '2021-06-26 08:52:13', 0),
(531, 1, 1, 531, 1, 531, 1, 1, '22-0701', NULL, 'Free', '2021-06-24 07:14:02', '2021-06-24 08:19:26', '2', 0.000, 0.000, 106, 1, NULL, 106, 106, '2021-06-24 01:14:02', '2021-06-24 02:19:28', 0),
(532, 1, 1, 532, 1, 532, 5, 1, '53-4463', NULL, 'Free', '2021-06-24 07:46:55', '2021-06-24 12:53:10', '6', 0.000, 0.000, 106, 1, NULL, 106, 106, '2021-06-24 01:46:55', '2021-06-24 06:53:12', 0),
(533, 1, 1, 533, 1, 533, 5, 1, '56-2320', NULL, 'Free', '2021-06-24 07:47:26', '2021-06-24 11:49:48', '5', 0.000, 0.000, 106, 1, NULL, 106, 106, '2021-06-24 01:47:26', '2021-06-24 05:49:49', 0),
(534, 1, 1, 534, 1, 534, 1, 1, '17-3479', '01713178896', 'Free', '2021-06-24 07:55:02', '2021-06-24 18:22:36', '11', 0.000, 0.000, 106, 1, NULL, 106, 106, '2021-06-24 01:55:02', '2021-06-24 12:22:39', 0),
(535, 1, 1, 535, 1, 535, 5, 1, '000000', NULL, 'Free', '2021-06-24 07:56:21', '2021-06-24 08:08:26', '1', 0.000, 0.000, 106, 1, NULL, 106, 106, '2021-06-24 01:56:21', '2021-06-24 02:08:29', 0),
(536, 2, 1, 536, 9, 536, 7, 1, '24-4152', '01775827127', 'Free', '2021-06-24 08:16:16', '2021-06-25 09:21:47', '26', 0.000, 0.000, 106, 1, NULL, 106, 106, '2021-06-24 02:16:16', '2021-06-25 03:21:49', 0),
(537, 1, 1, 537, 2, 537, 1, 1, '32-0283', '01715557409', 'Free', '2021-06-24 08:18:43', '2021-06-24 11:35:40', '4', 0.000, 0.000, 106, 1, NULL, 106, 106, '2021-06-24 02:18:43', '2021-06-24 05:35:41', 0),
(538, 2, 1, 538, 7, 538, 5, 1, '46-7080', NULL, 'Free', '2021-06-24 08:19:57', '2021-06-24 19:35:11', '12', 0.000, 0.000, 106, 1, NULL, 106, 106, '2021-06-24 02:19:57', '2021-06-24 13:35:13', 0),
(539, 1, 1, 539, 1, 539, 1, 1, '31-8086', NULL, 'Free', '2021-06-24 08:22:28', '2021-06-24 09:13:46', '1', 0.000, 0.000, 106, 1, NULL, 106, 106, '2021-06-24 02:22:28', '2021-06-24 03:13:47', 0),
(540, 2, 1, 540, 9, 540, 7, 1, '22-3435', '01769501582', 'Free', '2021-06-24 08:28:24', '2021-06-24 17:46:53', '10', 0.000, 0.000, 106, 1, NULL, 106, 106, '2021-06-24 02:28:24', '2021-06-24 11:46:55', 0),
(541, 2, 1, 541, 2, 541, 7, 1, '66-2821', '01735381920', 'Free', '2021-06-24 08:31:37', '2021-06-26 14:52:23', '55', 0.000, 0.000, 106, 1, NULL, 106, 106, '2021-06-24 02:31:37', '2021-06-26 08:52:24', 0),
(542, 2, 1, 542, 1, 542, 7, 1, '50-8922', '01708800819', 'Free', '2021-06-24 08:32:08', '2021-06-24 17:27:22', '9', 0.000, 0.000, 106, 1, NULL, 106, 106, '2021-06-24 02:32:08', '2021-06-24 11:27:27', 0),
(543, 2, 1, 543, 1, 543, 8, 1, '35-3099', '01769501544', 'Free', '2021-06-24 08:34:44', '2021-06-24 08:36:10', '1', 0.000, 0.000, 106, 1, NULL, 106, 106, '2021-06-24 02:34:44', '2021-06-24 02:36:11', 0),
(544, 2, 1, 544, 1, 544, 8, 1, '35-3099', '01769501544', 'Free', '2021-06-24 08:35:03', '2021-06-24 08:36:19', '1', 0.000, 0.000, 106, 1, NULL, 106, 106, '2021-06-24 02:35:03', '2021-06-24 02:36:20', 0),
(545, 2, 1, 545, 1, 545, 8, 1, '35-3099', '01769501544', 'Free', '2021-06-24 08:35:52', '2021-06-24 12:12:30', '4', 0.000, 0.000, 106, 1, NULL, 106, 106, '2021-06-24 02:35:52', '2021-06-24 06:12:31', 0),
(546, 1, 1, 546, 9, 546, 1, 1, '28-7873', '01713211042', 'Free', '2021-06-24 08:37:20', '2021-06-24 18:11:07', '10', 0.000, 0.000, 106, 1, NULL, 106, 106, '2021-06-24 02:37:20', '2021-06-24 12:11:09', 0),
(547, 2, 1, 547, 1, 547, 7, 1, '57-7611', '01708800723', 'Free', '2021-06-24 08:37:31', '2021-06-24 17:07:47', '9', 0.000, 0.000, 106, 1, NULL, 106, 106, '2021-06-24 02:37:31', '2021-06-24 11:07:52', 0),
(548, 1, 1, 548, 9, 548, 1, 1, '29-1735', '01708800866', 'Free', '2021-06-24 08:39:22', '2021-06-24 22:53:57', '15', 0.000, 0.000, 106, 1, NULL, 106, 106, '2021-06-24 02:39:22', '2021-06-24 16:53:59', 0),
(549, 2, 1, 549, 7, 549, 7, 1, '54-2806', NULL, 'Free', '2021-06-24 08:39:44', '2021-06-24 12:07:42', '4', 0.000, 0.000, 106, 1, NULL, 106, 106, '2021-06-24 02:39:44', '2021-06-24 06:07:43', 0),
(550, 1, 1, 550, 7, 550, 1, 1, '39-1961', '01312835768', 'Free', '2021-06-24 08:39:54', '2021-06-24 09:33:12', '1', 0.000, 0.000, 106, 1, NULL, 106, 106, '2021-06-24 02:39:54', '2021-06-24 03:33:13', 0),
(551, 2, 1, 551, 9, 551, 7, 1, '19-8488', NULL, 'Free', '2021-06-24 08:42:09', '2021-06-24 18:28:16', '10', 0.000, 0.000, 106, 1, NULL, 106, 106, '2021-06-24 02:42:09', '2021-06-24 12:28:18', 0),
(552, 1, 1, 552, 1, 552, 1, 1, '34-5567', '01708800777', 'Free', '2021-06-24 08:42:55', '2021-06-24 09:52:33', '2', 0.000, 0.000, 106, 1, NULL, 106, 106, '2021-06-24 02:42:55', '2021-06-24 03:52:35', 0),
(553, 2, 1, 553, 1, 553, 8, 1, '56-3655', NULL, 'Free', '2021-06-24 08:43:30', '2021-06-24 10:19:23', '2', 0.000, 0.000, 106, 1, NULL, 106, 106, '2021-06-24 02:43:30', '2021-06-24 04:19:25', 0),
(554, 2, 1, 554, 1, 554, 7, 1, '27-0394', '01769501543', 'Free', '2021-06-24 08:44:25', '2021-06-24 17:35:49', '9', 0.000, 0.000, 106, 1, NULL, 106, 106, '2021-06-24 02:44:25', '2021-06-24 11:35:53', 0),
(555, 1, 1, 555, 1, 555, 1, 1, '25-4645', NULL, 'Free', '2021-06-24 08:45:55', '2021-06-26 14:52:50', '55', 0.000, 0.000, 106, 1, NULL, 106, 106, '2021-06-24 02:45:55', '2021-06-26 08:52:52', 0),
(556, 1, 1, 556, 1, 556, 1, 1, '29-4891', NULL, 'Free', '2021-06-24 08:50:14', '2021-06-24 09:57:10', '2', 0.000, 0.000, 106, 1, NULL, 106, 106, '2021-06-24 02:50:14', '2021-06-24 03:57:11', 0),
(557, 2, 1, 557, 9, 557, 8, 1, '11-1892', '01769949262', 'Free', '2021-06-24 08:50:50', '2021-06-24 18:23:52', '10', 0.000, 0.000, 106, 1, NULL, 106, 106, '2021-06-24 02:50:50', '2021-06-24 12:23:57', 0),
(558, 1, 1, 558, 1, 558, 1, 1, '35-8318', '01755648455', 'Free', '2021-06-24 08:52:13', '2021-06-24 10:55:52', '3', 0.000, 0.000, 106, 1, NULL, 106, 106, '2021-06-24 02:52:13', '2021-06-24 04:55:54', 0),
(559, 2, 1, 559, 1, 559, 7, 1, '55-1364', '01720957771', 'Free', '2021-06-24 08:53:13', '2021-06-25 18:11:28', '34', 0.000, 0.000, 106, 1, NULL, 106, 106, '2021-06-24 02:53:13', '2021-06-25 12:11:30', 0),
(560, 1, 1, 560, 1, 560, 8, 1, '14-6794', NULL, 'Free', '2021-06-24 08:53:42', '2021-06-24 09:00:59', '1', 0.000, 0.000, 106, 1, NULL, 106, 106, '2021-06-24 02:53:42', '2021-06-24 03:01:00', 0),
(561, 1, 1, 561, 1, 561, 1, 1, '31-8166', NULL, 'Free', '2021-06-24 08:54:19', '2021-06-24 09:56:22', '2', 0.000, 0.000, 106, 1, NULL, 106, 106, '2021-06-24 02:54:19', '2021-06-24 03:56:24', 0),
(562, 2, 1, 562, 2, 562, 8, 1, '50-9064', '01717691113', 'Free', '2021-06-24 08:55:37', '2021-06-24 20:01:10', '12', 0.000, 0.000, 106, 1, NULL, 106, 106, '2021-06-24 02:55:37', '2021-06-24 14:01:14', 0),
(563, 2, 1, 563, 1, 563, 7, 1, '56-6447', '01769501521', 'Free', '2021-06-24 08:56:00', '2021-06-24 17:40:21', '9', 0.000, 0.000, 106, 1, NULL, 106, 106, '2021-06-24 02:56:00', '2021-06-24 11:40:24', 0),
(564, 1, 1, 564, 7, 564, 5, 1, '51-1483', NULL, 'Free', '2021-06-24 08:56:30', '2021-06-24 18:49:15', '10', 0.000, 0.000, 106, 1, NULL, 106, 106, '2021-06-24 02:56:30', '2021-06-24 12:49:18', 0),
(565, 1, 1, 565, 1, 565, 5, 1, '53-1030', NULL, 'Free', '2021-06-24 08:57:07', '2021-06-24 10:26:14', '2', 0.000, 0.000, 106, 1, NULL, 106, 106, '2021-06-24 02:57:07', '2021-06-24 04:26:16', 0),
(566, 1, 1, 566, 1, 566, 1, 1, '34-6248', NULL, 'Free', '2021-06-24 08:58:04', '2021-06-24 17:43:15', '9', 0.000, 0.000, 106, 1, NULL, 106, 106, '2021-06-24 02:58:04', '2021-06-24 11:43:17', 0),
(567, 2, 1, 567, 1, 567, 8, 2, '18-6735', '01313709244', 'Free', '2021-06-24 09:00:30', '2021-06-24 17:37:53', '9', 0.000, 0.000, 106, 1, NULL, 106, 106, '2021-06-24 03:00:30', '2021-06-24 11:37:55', 0),
(568, 2, 1, 568, 1, 568, 7, 1, '34-0574', '01769501570', 'Free', '2021-06-24 09:00:48', '2021-06-24 17:10:10', '9', 0.000, 0.000, 106, 1, NULL, 106, 106, '2021-06-24 03:00:48', '2021-06-24 11:10:12', 0),
(569, 1, 1, 569, 1, 569, 5, 1, '53-5352', NULL, 'Free', '2021-06-24 09:01:54', '2021-06-24 12:08:17', '4', 0.000, 0.000, 106, 1, NULL, 106, 106, '2021-06-24 03:01:54', '2021-06-24 06:08:19', 0),
(570, 2, 1, 570, 1, 570, 8, 1, '11-2605', '01708800782', 'Free', '2021-06-24 09:04:06', '2021-06-24 10:56:05', '2', 0.000, 0.000, 106, 1, NULL, 106, 106, '2021-06-24 03:04:06', '2021-06-24 04:56:07', 0),
(571, 1, 1, 571, 2, 571, 1, 1, '45-2385', '01716435270', 'Free', '2021-06-24 09:05:25', '2021-06-24 20:17:05', '12', 0.000, 0.000, 106, 1, NULL, 106, 106, '2021-06-24 03:05:25', '2021-06-24 14:17:07', 0),
(572, 1, 1, 572, 7, 572, 5, 1, '11-6948', '01911955980', 'Free', '2021-06-24 09:06:07', '2021-06-24 10:31:13', '2', 0.000, 0.000, 106, 1, NULL, 106, 106, '2021-06-24 03:06:07', '2021-06-24 04:31:14', 0),
(573, 1, 1, 573, 1, 573, 1, 1, '22-0701', NULL, 'Free', '2021-06-24 09:06:28', '2021-06-24 10:18:14', '2', 0.000, 0.000, 106, 1, NULL, 106, 106, '2021-06-24 03:06:28', '2021-06-24 04:18:26', 0),
(574, 1, 1, 574, 1, 574, 5, 1, '53-2183', NULL, 'Free', '2021-06-24 09:06:47', '2021-06-24 12:30:32', '4', 0.000, 0.000, 106, 1, NULL, 106, 106, '2021-06-24 03:06:47', '2021-06-24 06:30:33', 0),
(575, 1, 1, 575, 7, 575, 8, 1, '11-5548', '01980001668', 'Free', '2021-06-24 09:07:15', '2021-06-24 18:42:16', '10', 0.000, 0.000, 106, 1, NULL, 106, 106, '2021-06-24 03:07:15', '2021-06-24 12:42:18', 0),
(576, 2, 1, 576, 1, 576, 7, 1, '64-9304', '01708800825', 'Free', '2021-06-24 09:08:22', '2021-06-27 14:40:45', '78', 0.000, 0.000, 106, 1, NULL, 106, 106, '2021-06-24 03:08:22', '2021-06-27 08:40:46', 0),
(577, 2, 1, 577, 7, 577, 7, 1, '51-6675', NULL, 'Free', '2021-06-24 09:08:51', '2021-06-24 19:20:00', '11', 0.000, 0.000, 106, 1, NULL, 106, 106, '2021-06-24 03:08:51', '2021-06-24 13:20:01', 0),
(578, 2, 1, 578, 9, 578, 8, 1, '58-3693', '01712996998', 'Free', '2021-06-24 09:09:12', '2021-06-24 17:42:15', '9', 0.000, 0.000, 106, 1, NULL, 106, 106, '2021-06-24 03:09:12', '2021-06-24 11:42:16', 0),
(579, 2, 1, 579, 9, 579, 8, 1, '59-9859', '01851308761', 'Free', '2021-06-24 09:09:22', '2021-06-24 18:04:30', '9', 0.000, 0.000, 106, 1, NULL, 106, 106, '2021-06-24 03:09:22', '2021-06-24 12:04:32', 0),
(580, 2, 1, 580, 2, 580, 7, 1, '66-1731', '01926662432', 'Paid', '2021-06-24 09:12:25', '2021-06-24 11:48:20', '3', 65.000, 0.000, 106, 1, NULL, 106, 106, '2021-06-24 03:12:25', '2021-06-24 05:48:22', 0),
(581, 1, 1, 581, 1, 581, 1, 1, '33-5212', NULL, 'Free', '2021-06-24 09:12:48', '2021-06-26 14:53:21', '54', 0.000, 0.000, 106, 1, NULL, 106, 106, '2021-06-24 03:12:48', '2021-06-26 08:53:23', 0),
(582, 2, 1, 582, 7, 582, 8, 1, '11-3369', '01980001598', 'Free', '2021-06-24 09:14:14', '2021-06-24 10:47:29', '2', 0.000, 0.000, 106, 1, NULL, 106, 106, '2021-06-24 03:14:14', '2021-06-24 04:47:30', 0),
(583, 2, 1, 583, 1, 583, 7, 1, '53-9820', '01713205313', 'Free', '2021-06-24 09:14:46', '2021-06-24 17:22:41', '9', 0.000, 0.000, 106, 1, NULL, 106, 106, '2021-06-24 03:14:46', '2021-06-24 11:22:48', 0),
(584, 2, 1, 584, 1, 584, 8, 1, '29-1810', '01715025359', 'Free', '2021-06-24 09:16:21', '2021-06-24 19:16:07', '10', 0.000, 0.000, 106, 1, NULL, 106, 106, '2021-06-24 03:16:21', '2021-06-24 13:16:11', 0),
(585, 1, 1, 585, 6, 585, 1, 1, '12-7303', '01944530813', 'Free', '2021-06-24 09:17:45', '2021-06-24 11:47:38', '3', 0.000, 0.000, 106, 1, NULL, 106, 106, '2021-06-24 03:17:45', '2021-06-24 05:47:39', 0),
(586, 1, 1, 586, 6, 586, 5, 1, '19-0881', NULL, 'Free', '2021-06-24 09:20:47', '2021-06-24 11:58:55', '3', 0.000, 0.000, 106, 1, NULL, 106, 106, '2021-06-24 03:20:47', '2021-06-24 05:58:56', 0),
(587, 1, 1, 587, 2, 587, 1, 1, '23-2886', '01719367310', 'Free', '2021-06-24 09:23:33', '2021-06-27 14:44:47', '78', 0.000, 0.000, 106, 1, NULL, 106, 106, '2021-06-24 03:23:33', '2021-06-27 08:44:48', 0),
(588, 2, 1, 588, 1, 588, 8, 1, '47-0735', '01713205292', 'Free', '2021-06-24 09:25:28', '2021-06-24 18:41:59', '10', 0.000, 0.000, 106, 1, NULL, 106, 106, '2021-06-24 03:25:28', '2021-06-24 12:42:01', 0),
(589, 1, 1, 589, 1, 589, 1, 1, '12-3616', '01769501556', 'Free', '2021-06-24 09:26:53', '2021-06-24 16:59:25', '8', 0.000, 0.000, 106, 1, NULL, 106, 106, '2021-06-24 03:26:53', '2021-06-24 10:59:27', 0),
(590, 1, 1, 590, 6, 590, 4, 1, '18-4167', NULL, 'Free', '2021-06-24 09:27:57', '2021-06-24 15:22:40', '6', 0.000, 0.000, 106, 1, NULL, 106, 106, '2021-06-24 03:27:57', '2021-06-24 09:22:41', 0),
(591, 2, 1, 591, 1, 591, 8, 1, '32-6994', '01313709200', 'Free', '2021-06-24 09:30:50', '2021-06-24 20:25:37', '11', 0.000, 0.000, 106, 1, NULL, 106, 106, '2021-06-24 03:30:50', '2021-06-24 14:25:38', 0),
(592, 2, 1, 592, 1, 592, 8, 1, '46-8088', '01716102783', 'Free', '2021-06-24 09:31:43', '2021-06-24 18:18:03', '9', 0.000, 0.000, 106, 1, NULL, 106, 106, '2021-06-24 03:31:43', '2021-06-24 12:18:06', 0),
(593, 1, 1, 593, 8, 593, 1, 1, '32-5015', '01711417777', 'Free', '2021-06-24 09:35:07', '2021-06-24 21:35:32', '13', 0.000, 0.000, 106, 1, NULL, 106, 106, '2021-06-24 03:35:07', '2021-06-24 15:35:50', 0),
(594, 1, 1, 594, 8, 594, 1, 1, '34-8820', '01716381881', 'Free', '2021-06-24 09:35:47', '2021-06-24 21:21:09', '12', 0.000, 0.000, 106, 1, NULL, 106, 106, '2021-06-24 03:35:47', '2021-06-24 15:21:12', 0),
(595, 2, 1, 595, 8, 595, 8, 1, '31-3309', '01711139405', 'Paid', '2021-06-24 09:41:24', '2021-06-24 18:20:10', '9', 185.000, 0.000, 106, 1, NULL, 106, 106, '2021-06-24 03:41:24', '2021-06-24 12:20:24', 0),
(596, 2, 1, 596, 8, 596, 8, 1, '15-5137', '01725732242', 'Paid', '2021-06-24 09:41:44', '2021-06-24 19:30:29', '10', 205.000, 0.000, 106, 1, NULL, 106, 106, '2021-06-24 03:41:44', '2021-06-24 13:30:31', 0),
(597, 2, 1, 597, 2, 597, 8, 1, '39-6753', '01877323077', 'Paid', '2021-06-24 09:42:08', '2021-06-24 19:59:01', '11', 225.000, 0.000, 106, 1, NULL, 106, 106, '2021-06-24 03:42:08', '2021-06-24 13:59:02', 0),
(598, 2, 1, 598, 9, 598, 1, 1, '23-5803', NULL, 'Free', '2021-06-24 09:43:18', '2021-06-24 21:24:30', '12', 0.000, 0.000, 106, 1, NULL, 106, 106, '2021-06-24 03:43:18', '2021-06-24 15:24:56', 0),
(599, 1, 1, 599, 8, 599, 1, 1, '34-3230', '01819214867', 'Free', '2021-06-24 09:44:12', '2021-06-25 22:42:28', '37', 0.000, 0.000, 106, 1, NULL, 106, 106, '2021-06-24 03:44:12', '2021-06-25 16:42:31', 0),
(600, 1, 1, 600, 1, 600, 1, 1, '33-5211', NULL, 'Free', '2021-06-24 09:44:33', '2021-06-24 09:44:33', NULL, 0.000, 0.000, NULL, 1, NULL, 106, NULL, '2021-06-24 03:44:33', '2021-06-24 03:44:33', 0),
(601, 1, 1, 601, 1, 601, 1, 1, '31-8086', NULL, 'Free', '2021-06-24 09:45:51', '2021-06-24 10:07:38', '1', 0.000, 0.000, 106, 1, NULL, 106, 106, '2021-06-24 03:45:51', '2021-06-24 04:07:39', 0),
(602, 1, 1, 602, 1, 602, 1, 1, '34-9447', '01708800978', 'Free', '2021-06-24 09:46:48', '2021-06-24 18:03:58', '9', 0.000, 0.000, 106, 1, NULL, 106, 106, '2021-06-24 03:46:48', '2021-06-24 12:03:59', 0),
(603, 1, 1, 603, 2, 603, 1, 1, '22-3275', '01715593455', 'Free', '2021-06-24 09:47:34', '2021-06-24 09:47:46', '1', 0.000, 0.000, 106, 1, NULL, 106, 106, '2021-06-24 03:47:34', '2021-06-24 03:47:48', 0),
(604, 1, 1, 604, 2, 604, 1, 1, '22-3275', '01715593455', 'Free', '2021-06-24 09:48:02', '2021-06-24 12:08:53', '3', 0.000, 0.000, 106, 1, NULL, 106, 106, '2021-06-24 03:48:02', '2021-06-24 06:08:55', 0),
(605, 2, 1, 605, 8, 605, 7, 1, '52-3388', NULL, 'Paid', '2021-06-24 09:48:54', '2021-06-24 10:54:00', '2', 45.000, 0.000, 106, 1, NULL, 106, 106, '2021-06-24 03:48:54', '2021-06-24 04:54:07', 0),
(606, 2, 1, 606, 2, 606, 8, 1, '43-3695', '01977452707', 'Paid', '2021-06-24 09:50:08', '2021-06-25 09:21:29', '24', 485.000, 0.000, 106, 1, NULL, 106, 106, '2021-06-24 03:50:08', '2021-06-25 03:21:36', 0),
(607, 1, 1, 607, 8, 607, 1, 1, '31-8840', NULL, 'Free', '2021-06-24 09:53:16', '2021-06-24 10:30:50', '1', 0.000, 0.000, 106, 1, NULL, 106, 106, '2021-06-24 03:53:16', '2021-06-24 04:30:53', 0),
(608, 2, 1, 608, 1, 608, 7, 1, '36-1810', '01712568137', 'Free', '2021-06-24 09:57:01', '2021-06-24 19:25:49', '10', 0.000, 0.000, 106, 1, NULL, 106, 106, '2021-06-24 03:57:01', '2021-06-24 13:25:51', 0),
(609, 1, 1, 609, 8, 609, 4, 1, '17-3922', NULL, 'Free', '2021-06-24 09:59:34', '2021-06-24 10:17:34', '1', 0.000, 0.000, 106, 1, NULL, 106, 106, '2021-06-24 03:59:34', '2021-06-24 04:17:36', 0),
(610, 2, 1, 610, 8, 610, 7, 1, '12-7657', NULL, 'Paid', '2021-06-24 10:08:14', '2021-06-24 16:09:14', '7', 145.000, 0.000, 106, 1, NULL, 106, 106, '2021-06-24 04:08:14', '2021-06-24 10:09:19', 0),
(611, 2, 1, 611, 8, 611, 7, 1, '34-7737', NULL, 'Paid', '2021-06-24 10:09:29', '2021-06-24 18:26:55', '9', 185.000, 0.000, 106, 1, NULL, 106, 106, '2021-06-24 04:09:29', '2021-06-24 12:26:57', 0),
(612, 2, 1, 612, 8, 612, 7, 1, '49-7645', NULL, 'Paid', '2021-06-24 10:10:59', '2021-06-24 10:37:44', '1', 25.000, 0.000, 106, 1, NULL, 106, 106, '2021-06-24 04:10:59', '2021-06-24 04:37:46', 0),
(613, 1, 1, 613, 8, 613, 1, 1, '42-1461', '01713015978', 'Free', '2021-06-24 10:12:09', '2021-06-24 20:03:26', '10', 0.000, 0.000, 106, 1, NULL, 106, 106, '2021-06-24 04:12:09', '2021-06-24 14:03:30', 0),
(614, 2, 1, 614, 8, 614, 7, 1, '58-6669', NULL, 'Paid', '2021-06-24 10:12:49', '2021-06-24 10:49:29', '1', 25.000, 0.000, 106, 1, NULL, 106, 106, '2021-06-24 04:12:49', '2021-06-24 04:49:31', 0),
(615, 2, 1, 615, 2, 615, 8, 1, '52-2109', '0170831495', 'Paid', '2021-06-24 10:18:49', '2021-06-24 20:03:46', '10', 205.000, 0.000, 106, 1, NULL, 106, 106, '2021-06-24 04:18:49', '2021-06-24 14:03:47', 0),
(616, 1, 1, 616, 8, 616, 1, 1, '21-2149', NULL, 'Free', '2021-06-24 10:25:59', '2021-06-24 11:02:45', '1', 0.000, 0.000, 106, 1, NULL, 106, 106, '2021-06-24 04:25:59', '2021-06-24 05:02:48', 0),
(617, 1, 1, 617, 1, 617, 1, 1, '29-8106', NULL, 'Free', '2021-06-24 10:26:39', '2021-06-24 12:55:30', '3', 0.000, 0.000, 106, 1, NULL, 106, 106, '2021-06-24 04:26:39', '2021-06-24 06:55:32', 0),
(618, 2, 1, 618, 8, 618, 7, 1, '13-6605', NULL, 'Paid', '2021-06-24 10:27:42', '2021-06-24 10:47:52', '1', 25.000, 0.000, 106, 1, NULL, 106, 106, '2021-06-24 04:27:42', '2021-06-24 04:47:59', 0),
(619, 2, 1, 619, 8, 619, 7, 1, '37-2587', NULL, 'Paid', '2021-06-24 10:29:24', '2021-06-24 11:44:41', '2', 45.000, 0.000, 106, 1, NULL, 106, 106, '2021-06-24 04:29:24', '2021-06-24 05:44:45', 0),
(620, 2, 1, 620, 3, 620, 7, 1, '27-6439', NULL, 'Paid', '2021-06-24 10:31:43', '2021-06-24 10:57:09', '1', 25.000, 0.000, 106, 1, NULL, 106, 106, '2021-06-24 04:31:43', '2021-06-24 04:57:11', 0),
(621, 1, 1, 621, 1, 621, 1, 1, '25-4646', NULL, 'Free', '2021-06-24 10:33:40', '2021-06-24 12:05:03', '2', 0.000, 0.000, 106, 1, NULL, 106, 106, '2021-06-24 04:33:40', '2021-06-24 06:05:04', 0),
(622, 1, 1, 622, 8, 622, 1, 1, '45-2014', NULL, 'Free', '2021-06-24 10:37:04', '2021-06-24 10:53:44', '1', 0.000, 0.000, 106, 1, NULL, 106, 106, '2021-06-24 04:37:04', '2021-06-24 04:53:46', 0),
(623, 2, 1, 623, 8, 623, 7, 1, '29-3307', NULL, 'Paid', '2021-06-24 10:41:44', '2021-06-24 12:01:18', '2', 45.000, 0.000, 106, 1, NULL, 106, 106, '2021-06-24 04:41:44', '2021-06-24 06:01:20', 0),
(624, 1, 1, 624, 6, 624, 4, 1, '17-2697', '01712296657', 'Paid', '2021-06-24 10:41:56', '2021-06-24 14:26:08', '4', 150.000, 0.000, 106, 1, NULL, 106, 106, '2021-06-24 04:41:56', '2021-06-24 08:26:13', 0),
(625, 1, 1, 625, 1, 625, 5, 1, '53-8514', NULL, 'Free', '2021-06-24 10:44:06', '2021-06-24 11:03:08', '1', 0.000, 0.000, 106, 1, NULL, 106, 106, '2021-06-24 04:44:06', '2021-06-24 05:03:10', 0),
(626, 2, 1, 626, 8, 626, 8, 1, '47-5481', '01725732242', 'Paid', '2021-06-24 10:46:10', '2021-06-24 20:07:22', '10', 205.000, 0.000, 106, 1, NULL, 106, 106, '2021-06-24 04:46:10', '2021-06-24 14:07:23', 0),
(627, 2, 1, 627, 3, 627, 7, 1, '28-3026', NULL, 'Paid', '2021-06-24 10:46:42', '2021-06-24 11:11:16', '1', 25.000, 0.000, 106, 1, NULL, 106, 106, '2021-06-24 04:46:42', '2021-06-24 05:11:18', 0),
(628, 1, 1, 628, 8, 628, 1, 1, '22-5505', NULL, 'Free', '2021-06-24 10:49:14', '2021-06-24 10:57:51', '1', 0.000, 0.000, 106, 1, NULL, 106, 106, '2021-06-24 04:49:14', '2021-06-24 04:57:53', 0),
(629, 2, 1, 629, 2, 629, 7, 1, '41-4256', NULL, 'Paid', '2021-06-24 10:52:20', '2021-06-24 11:58:24', '2', 45.000, 0.000, 106, 1, NULL, 106, 106, '2021-06-24 04:52:20', '2021-06-24 05:58:26', 0),
(630, 1, 1, 630, 1, 630, 4, 1, '107-2901', NULL, 'Free', '2021-06-24 10:54:41', '2021-06-24 11:49:41', '1', 0.000, 0.000, 106, 1, NULL, 106, 106, '2021-06-24 04:54:41', '2021-06-24 05:49:42', 0),
(631, 1, 1, 631, 1, 631, 10, 1, '11-2231', NULL, 'Free', '2021-06-24 10:56:34', '2021-06-24 09:44:33', NULL, 0.000, 0.000, NULL, 1, NULL, 106, NULL, '2021-06-24 04:56:34', '2021-06-24 04:56:34', 0),
(632, 1, 1, 632, 1, 632, 1, 1, '35-1462', NULL, 'Free', '2021-06-24 10:58:20', '2021-06-24 09:44:33', NULL, 0.000, 0.000, NULL, 1, NULL, 106, NULL, '2021-06-24 04:58:20', '2021-06-24 04:58:20', 0),
(633, 1, 1, 633, 8, 633, 1, 1, '11-3112', NULL, 'Free', '2021-06-24 10:59:16', '2021-06-24 12:28:16', '2', 0.000, 0.000, 106, 1, NULL, 106, 106, '2021-06-24 04:59:16', '2021-06-24 06:28:18', 0),
(634, 1, 1, 634, 1, 634, 4, 1, '13-9926', NULL, 'Free', '2021-06-24 11:03:32', '2021-06-24 11:50:55', '1', 0.000, 0.000, 106, 1, NULL, 106, 106, '2021-06-24 05:03:32', '2021-06-24 05:50:56', 0),
(635, 1, 1, 635, 8, 635, 1, 1, '26-7141', NULL, 'Free', '2021-06-24 11:04:28', '2021-06-24 11:58:35', '1', 0.000, 0.000, 106, 1, NULL, 106, 106, '2021-06-24 05:04:28', '2021-06-24 05:58:36', 0),
(636, 1, 1, 636, 1, 636, 1, 1, '56-3809', NULL, 'Free', '2021-06-24 11:05:20', '2021-06-24 13:57:03', '3', 0.000, 0.000, 106, 1, NULL, 106, 106, '2021-06-24 05:05:20', '2021-06-24 07:57:06', 0),
(637, 1, 1, 637, 8, 637, 4, 1, '11-7646', NULL, 'Free', '2021-06-24 11:14:38', '2021-06-24 11:34:23', '1', 0.000, 0.000, 106, 1, NULL, 106, 106, '2021-06-24 05:14:38', '2021-06-24 05:34:25', 0),
(638, 1, 1, 638, 8, 638, 1, 1, '21-6732', NULL, 'Paid', '2021-06-24 11:15:57', '2021-06-24 11:35:51', '1', 60.000, 0.000, 106, 1, NULL, 106, 106, '2021-06-24 05:15:57', '2021-06-24 05:35:53', 0),
(639, 1, 1, 639, 1, 639, 1, 1, '31-8086', NULL, 'Free', '2021-06-24 11:19:02', '2021-06-24 11:45:50', '1', 0.000, 0.000, 106, 1, NULL, 106, 106, '2021-06-24 05:19:02', '2021-06-24 05:45:51', 0),
(640, 1, 1, 640, 1, 640, 1, 1, '36-0436', NULL, 'Free', '2021-06-24 11:26:13', '2021-06-24 17:42:35', '7', 0.000, 0.000, 106, 1, NULL, 106, 106, '2021-06-24 05:26:13', '2021-06-24 11:42:38', 0),
(641, 1, 1, 641, 1, 641, 1, 1, '28-3499', NULL, 'Free', '2021-06-24 11:28:34', '2021-06-24 18:24:15', '7', 0.000, 0.000, 106, 1, NULL, 106, 106, '2021-06-24 05:28:34', '2021-06-24 12:24:17', 0),
(642, 1, 1, 642, 1, 642, 1, 1, '22-0701', NULL, 'Free', '2021-06-24 11:29:14', '2021-06-24 13:17:38', '2', 0.000, 0.000, 106, 1, NULL, 106, 106, '2021-06-24 05:29:14', '2021-06-24 07:17:39', 0),
(643, 1, 1, 643, 8, 643, 4, 1, '17-2915', NULL, 'Free', '2021-06-24 11:42:07', '2021-06-24 11:55:07', '1', 0.000, 0.000, 106, 1, NULL, 106, 106, '2021-06-24 05:42:07', '2021-06-24 05:55:08', 0),
(644, 1, 1, 644, 7, 644, 5, 1, '52-0207', '01749146958', 'Free', '2021-06-24 11:43:37', '2021-06-24 11:44:02', '1', 0.000, 0.000, 106, 1, NULL, 106, 106, '2021-06-24 05:43:37', '2021-06-24 05:44:03', 0),
(645, 2, 1, 645, 8, 645, 7, 1, '24-9904', '0173776522', 'Free', '2021-06-24 11:45:01', '2021-06-24 14:12:25', '3', 0.000, 0.000, 106, 1, NULL, 106, 106, '2021-06-24 05:45:01', '2021-06-24 08:12:27', 0),
(646, 1, 1, 646, 8, 646, 1, 1, '13-3985', NULL, 'Free', '2021-06-24 12:01:40', '2021-06-27 14:41:45', '75', 0.000, 0.000, 106, 1, NULL, 106, 106, '2021-06-24 06:01:40', '2021-06-27 08:41:46', 0),
(647, 2, 1, 647, 9, 647, 7, 1, '56-7337', NULL, 'Free', '2021-06-24 12:03:01', '2021-06-24 21:05:26', '10', 0.000, 0.000, 106, 1, NULL, 106, 106, '2021-06-24 06:03:01', '2021-06-24 15:05:27', 0),
(648, 2, 1, 648, 1, 648, 7, 1, '18-9861', NULL, 'Free', '2021-06-24 12:04:43', '2021-06-24 16:42:11', '5', 0.000, 0.000, 106, 1, NULL, 106, 106, '2021-06-24 06:04:43', '2021-06-24 10:42:17', 0),
(649, 1, 1, 649, 1, 649, 1, 1, '34-5567', '01708800777', 'Free', '2021-06-24 12:05:30', '2021-06-24 18:23:36', '7', 0.000, 0.000, 106, 1, NULL, 106, 106, '2021-06-24 06:05:30', '2021-06-24 12:23:37', 0),
(650, 1, 1, 650, 8, 650, 1, 1, '37-8703', NULL, 'Free', '2021-06-24 12:13:59', '2021-06-25 22:34:59', '35', 0.000, 0.000, 106, 1, NULL, 106, 106, '2021-06-24 06:13:59', '2021-06-25 16:35:01', 0),
(651, 1, 1, 651, 1, 651, 1, 1, '32-7844', NULL, 'Free', '2021-06-24 12:16:50', '2021-06-24 13:51:07', '2', 0.000, 0.000, 106, 1, NULL, 106, 106, '2021-06-24 06:16:50', '2021-06-24 07:51:10', 0),
(652, 1, 1, 652, 3, 652, 1, 1, '34-1485', NULL, 'Paid', '2021-06-24 12:19:04', '2021-06-24 12:21:32', '1', 60.000, 0.000, 106, 1, NULL, 106, 106, '2021-06-24 06:19:04', '2021-06-24 06:21:33', 0),
(653, 1, 1, 653, 1, 653, 1, 1, '31-8166', NULL, 'Free', '2021-06-24 12:22:21', '2021-06-24 12:42:52', '1', 0.000, 0.000, 106, 1, NULL, 106, 106, '2021-06-24 06:22:21', '2021-06-24 06:42:54', 0),
(654, 1, 1, 654, 1, 654, 1, 1, '33-5212', NULL, 'Free', '2021-06-24 12:23:15', '2021-06-24 15:42:06', '4', 0.000, 0.000, 106, 1, NULL, 106, 106, '2021-06-24 06:23:15', '2021-06-24 09:42:08', 0),
(655, 1, 1, 655, 8, 655, 1, 1, '43-9685', NULL, 'Free', '2021-06-24 12:31:04', '2021-06-24 17:08:42', '5', 0.000, 0.000, 106, 1, NULL, 106, 106, '2021-06-24 06:31:04', '2021-06-24 11:09:03', 0),
(656, 1, 1, 656, 3, 656, 1, 1, '42-3446', NULL, 'Paid', '2021-06-24 12:32:00', '2021-06-24 13:34:19', '2', 90.000, 0.000, 106, 1, NULL, 106, 106, '2021-06-24 06:32:00', '2021-06-24 07:35:10', 0),
(657, 1, 1, 657, 1, 657, 4, 1, '39-1326', NULL, 'Free', '2021-06-24 12:35:28', '2021-06-24 18:21:23', '6', 0.000, 0.000, 106, 1, NULL, 106, 106, '2021-06-24 06:35:28', '2021-06-24 12:21:25', 0),
(658, 1, 1, 658, 8, 658, 1, 1, '27-8184', NULL, 'Paid', '2021-06-24 12:39:14', '2021-06-24 13:21:41', '1', 60.000, 0.000, 106, 1, NULL, 106, 106, '2021-06-24 06:39:14', '2021-06-24 07:21:44', 0),
(659, 2, 1, 659, 1, 659, 7, 1, '56-1154', NULL, 'Free', '2021-06-24 12:42:03', '2021-06-24 16:59:08', '5', 0.000, 0.000, 106, 1, NULL, 106, 106, '2021-06-24 06:42:03', '2021-06-24 10:59:12', 0),
(660, 2, 1, 660, 7, 660, 8, 1, '22-5240', '01980001552', 'Free', '2021-06-24 12:42:38', '2021-06-24 17:09:57', '5', 0.000, 0.000, 106, 1, NULL, 106, 106, '2021-06-24 06:42:38', '2021-06-24 11:09:58', 0),
(661, 1, 1, 661, 7, 661, 5, 1, '52-0207', '01749146958', 'Free', '2021-06-24 12:48:29', '2021-06-24 14:32:34', '2', 0.000, 0.000, 106, 1, NULL, 106, 106, '2021-06-24 06:48:29', '2021-06-24 08:32:35', 0),
(662, 2, 1, 662, 3, 662, 7, 1, '32-4022', NULL, 'Paid', '2021-06-24 12:56:38', '2021-06-24 13:32:44', '1', 25.000, 0.000, 106, 1, NULL, 106, 106, '2021-06-24 06:56:38', '2021-06-24 07:32:47', 0),
(663, 2, 1, 663, 7, 663, 8, 1, '54-2806', NULL, 'Free', '2021-06-24 13:01:10', '2021-06-24 22:52:29', '10', 0.000, 0.000, 106, 1, NULL, 106, 106, '2021-06-24 07:01:10', '2021-06-24 16:52:31', 0),
(664, 1, 1, 664, 6, 664, 5, 1, '19-0881', NULL, 'Free', '2021-06-24 13:01:28', '2021-06-24 13:10:39', '1', 0.000, 0.000, 106, 1, NULL, 106, 106, '2021-06-24 07:01:28', '2021-06-24 07:10:41', 0),
(665, 2, 1, 665, 8, 665, 9, 1, '25-8449', NULL, 'Free', '2021-06-24 13:04:27', '2021-06-24 13:35:52', '1', 0.000, 0.000, 106, 1, NULL, 106, 106, '2021-06-24 07:04:27', '2021-06-24 07:35:57', 0),
(666, 2, 1, 666, 2, 666, 8, 1, '47-8696', NULL, 'Free', '2021-06-24 13:08:44', '2021-06-24 13:35:39', '1', 0.000, 0.000, 106, 1, NULL, 106, 106, '2021-06-24 07:08:44', '2021-06-24 07:35:41', 0),
(667, 1, 1, 667, 1, 667, 5, 1, '53-1030', NULL, 'Free', '2021-06-24 13:10:15', '2021-06-24 15:58:32', '3', 0.000, 0.000, 106, 1, NULL, 106, 106, '2021-06-24 07:10:15', '2021-06-24 09:58:33', 0),
(668, 1, 1, 668, 1, 668, 1, 1, '25-4646', NULL, 'Free', '2021-06-24 13:11:35', '2021-06-24 18:32:12', '6', 0.000, 0.000, 106, 1, NULL, 106, 106, '2021-06-24 07:11:35', '2021-06-24 12:32:16', 0),
(669, 1, 1, 669, 1, 669, 5, 1, '56-2320', NULL, 'Free', '2021-06-24 13:14:14', '2021-06-24 09:44:33', NULL, 0.000, 0.000, NULL, 1, NULL, 106, NULL, '2021-06-24 07:14:14', '2021-06-24 07:14:14', 0),
(670, 2, 1, 670, 8, 670, 5, 1, '11-3511', NULL, 'Free', '2021-06-24 13:22:43', '2021-06-24 13:33:51', '1', 0.000, 0.000, 106, 1, NULL, 106, 106, '2021-06-24 07:22:43', '2021-06-24 07:33:53', 0),
(671, 1, 1, 671, 8, 671, 7, 1, '25-6256', NULL, 'Paid', '2021-06-24 13:27:39', '2021-06-24 13:39:32', '1', 60.000, 0.000, 106, 1, NULL, 106, 106, '2021-06-24 07:27:39', '2021-06-24 07:39:42', 0),
(672, 2, 1, 672, 8, 672, 7, 1, '67-0096', NULL, 'Free', '2021-06-24 13:40:18', '2021-06-24 14:42:54', '2', 0.000, 0.000, 106, 1, NULL, 106, 106, '2021-06-24 07:40:18', '2021-06-24 08:43:08', 0),
(673, 1, 1, 673, 1, 673, 4, 1, '15-6651', NULL, 'Free', '2021-06-24 13:47:12', '2021-06-24 14:37:14', '1', 0.000, 0.000, 106, 1, NULL, 106, 106, '2021-06-24 07:47:12', '2021-06-24 08:37:15', 0),
(674, 1, 1, 674, 1, 674, 5, 1, '53-4463', NULL, 'Free', '2021-06-24 13:48:50', '2021-06-24 16:05:47', '3', 0.000, 0.000, 106, 1, NULL, 106, 106, '2021-06-24 07:48:50', '2021-06-24 10:05:48', 0),
(675, 1, 1, 675, 1, 675, 1, 1, '27-8972', NULL, 'Free', '2021-06-24 13:49:21', '2021-06-24 20:58:57', '8', 0.000, 0.000, 106, 1, NULL, 106, 106, '2021-06-24 07:49:21', '2021-06-24 14:58:59', 0),
(676, 1, 1, 676, 1, 676, 2, 1, '34-3430', NULL, 'Free', '2021-06-24 13:52:02', '2021-06-26 11:00:26', '46', 0.000, 0.000, 106, 1, NULL, 106, 106, '2021-06-24 07:52:02', '2021-06-26 05:00:28', 0),
(677, 1, 1, 677, 2, 677, 1, 1, '22-3275', '01715593455', 'Free', '2021-06-24 14:04:34', '2021-06-25 09:29:01', '20', 0.000, 0.000, 106, 1, NULL, 106, 106, '2021-06-24 08:04:34', '2021-06-25 03:29:03', 0),
(678, 1, 1, 678, 3, 678, 1, 1, '23-1651', NULL, 'Paid', '2021-06-24 14:07:36', '2021-06-24 14:22:31', '1', 60.000, 0.000, 106, 1, NULL, 106, 106, '2021-06-24 08:07:36', '2021-06-24 08:22:32', 0),
(679, 2, 1, 679, 8, 679, 8, 1, '31-6483', NULL, 'Free', '2021-06-24 14:08:53', '2021-06-24 14:58:06', '1', 0.000, 0.000, 106, 1, NULL, 106, 106, '2021-06-24 08:08:53', '2021-06-24 08:58:08', 0),
(680, 1, 1, 680, 1, 680, 8, 1, '51-7377', NULL, 'Free', '2021-06-24 14:09:22', '2021-06-24 23:40:15', '10', 0.000, 0.000, 106, 1, NULL, 106, 106, '2021-06-24 08:09:22', '2021-06-24 17:40:19', 0),
(681, 2, 1, 681, 8, 681, 8, 1, '44-2684', NULL, 'Free', '2021-06-24 14:11:57', '2021-06-24 14:22:17', '1', 0.000, 0.000, 106, 1, NULL, 106, 106, '2021-06-24 08:11:57', '2021-06-24 08:22:18', 0),
(682, 1, 1, 682, 1, 682, 5, 1, '53-2183', NULL, 'Free', '2021-06-24 14:12:10', '2021-06-24 09:44:33', NULL, 0.000, 0.000, NULL, 1, NULL, 106, NULL, '2021-06-24 08:12:10', '2021-06-24 08:12:10', 0),
(683, 1, 1, 683, 1, 683, 1, 1, '22-0701', NULL, 'Free', '2021-06-24 14:18:54', '2021-06-24 18:26:42', '5', 0.000, 0.000, 106, 1, NULL, 106, 106, '2021-06-24 08:18:54', '2021-06-24 12:26:44', 0),
(684, 1, 1, 684, 1, 684, 1, 1, '27-5210', NULL, 'Free', '2021-06-24 14:23:39', '2021-06-24 15:50:39', '2', 0.000, 0.000, 106, 1, NULL, 106, 106, '2021-06-24 08:23:39', '2021-06-24 09:50:47', 0),
(685, 1, 1, 685, 7, 685, 1, 1, '39-1961', '01312835768', 'Free', '2021-06-24 14:28:22', '2021-06-24 15:25:59', '1', 0.000, 0.000, 106, 1, NULL, 106, 106, '2021-06-24 08:28:22', '2021-06-24 09:26:00', 0),
(686, 2, 1, 686, 2, 686, 7, 1, '66-1731', '01926662432', 'Free', '2021-06-24 14:30:56', '2021-06-24 15:55:44', '2', 0.000, 0.000, 106, 1, NULL, 106, 106, '2021-06-24 08:30:56', '2021-06-24 09:55:47', 0),
(687, 2, 1, 687, 8, 687, 7, 1, '45-0046', NULL, 'Free', '2021-06-24 14:32:09', '2021-06-24 15:01:51', '1', 0.000, 0.000, 106, 1, NULL, 106, 106, '2021-06-24 08:32:09', '2021-06-24 09:01:53', 0),
(688, 1, 1, 688, 7, 688, 5, 1, '11-6948', '01911955980', 'Free', '2021-06-24 14:32:49', '2021-06-24 18:02:20', '4', 0.000, 0.000, 106, 1, NULL, 106, 106, '2021-06-24 08:32:49', '2021-06-24 12:02:22', 0),
(689, 1, 1, 689, 9, 689, 1, 1, '13-6694', '01708800787', 'Free', '2021-06-24 14:37:47', '2021-06-24 18:32:30', '4', 0.000, 0.000, 106, 1, NULL, 106, 106, '2021-06-24 08:37:47', '2021-06-24 12:32:32', 0),
(690, 1, 1, 690, 1, 690, 1, 1, '31-8166', NULL, 'Free', '2021-06-24 14:39:29', '2021-06-24 16:14:46', '2', 0.000, 0.000, 106, 1, NULL, 106, 106, '2021-06-24 08:39:29', '2021-06-24 10:14:47', 0),
(691, 2, 1, 691, 1, 691, 8, 1, '23-7470', NULL, 'Free', '2021-06-24 14:41:45', '2021-06-24 16:05:35', '2', 0.000, 0.000, 106, 1, NULL, 106, 106, '2021-06-24 08:41:45', '2021-06-24 10:05:37', 0),
(692, 2, 1, 692, 1, 692, 8, 1, '00-0000', NULL, 'Free', '2021-06-24 14:51:17', '2021-06-24 16:07:20', '2', 0.000, 0.000, 106, 1, NULL, 106, 106, '2021-06-24 08:51:17', '2021-06-24 10:07:21', 0),
(693, 1, 1, 693, 1, 693, 1, 1, '29-4891', NULL, 'Free', '2021-06-24 14:52:07', '2021-06-24 17:02:30', '3', 0.000, 0.000, 106, 1, NULL, 106, 106, '2021-06-24 08:52:07', '2021-06-24 11:02:32', 0),
(694, 1, 1, 694, 3, 694, 4, 1, '17-2387', NULL, 'Paid', '2021-06-24 14:55:23', '2021-06-24 16:18:43', '2', 90.000, 0.000, 106, 1, NULL, 106, 106, '2021-06-24 08:55:23', '2021-06-24 10:18:49', 0),
(695, 2, 1, 695, 3, 695, 8, 1, '6949', NULL, 'Paid', '2021-06-24 15:00:49', '2021-06-24 16:02:17', '2', 45.000, 0.000, 106, 1, NULL, 106, 106, '2021-06-24 09:00:49', '2021-06-24 10:02:43', 0),
(696, 1, 1, 696, 8, 696, 1, 1, '34-7710', NULL, 'Paid', '2021-06-24 15:05:27', '2021-06-24 15:36:05', '1', 60.000, 0.000, 106, 1, NULL, 106, 106, '2021-06-24 09:05:27', '2021-06-24 09:36:11', 0),
(697, 1, 1, 697, 1, 697, 4, 1, '15-8390', '01713000757', 'Free', '2021-06-24 15:07:04', '2021-06-24 18:16:42', '4', 0.000, 0.000, 106, 1, NULL, 106, 106, '2021-06-24 09:07:04', '2021-06-24 12:16:44', 0),
(698, 1, 1, 698, 1, 698, 5, 1, '53-9520', NULL, 'Free', '2021-06-24 15:09:06', '2021-06-24 15:27:56', '1', 0.000, 0.000, 106, 1, NULL, 106, 106, '2021-06-24 09:09:06', '2021-06-24 09:27:58', 0),
(699, 1, 1, 699, 7, 699, 4, 1, '13-1281', NULL, 'Free', '2021-06-24 15:10:47', '2021-06-26 10:44:29', '44', 0.000, 0.000, 106, 1, NULL, 106, 106, '2021-06-24 09:10:47', '2021-06-26 04:44:34', 0),
(700, 1, 1, 700, 7, 700, 4, 1, '51-9243', NULL, 'Free', '2021-06-24 15:12:07', '2021-06-24 15:16:59', '1', 0.000, 0.000, 106, 1, NULL, 106, 106, '2021-06-24 09:12:07', '2021-06-24 09:17:00', 0),
(701, 2, 1, 701, 3, 701, 8, 1, '35-8448', NULL, 'Paid', '2021-06-24 15:31:14', '2021-06-24 15:46:21', '1', 25.000, 0.000, 106, 1, NULL, 106, 106, '2021-06-24 09:31:14', '2021-06-24 09:46:22', 0),
(702, 2, 1, 702, 1, 702, 7, 1, '59-4761', NULL, 'Free', '2021-06-24 15:33:21', '2021-06-24 15:49:04', '1', 0.000, 0.000, 106, 1, NULL, 106, 106, '2021-06-24 09:33:21', '2021-06-24 09:49:07', 0),
(703, 2, 1, 703, 3, 703, 8, 1, '44-2684', NULL, 'Paid', '2021-06-24 15:35:30', '2021-06-24 15:43:25', '1', 25.000, 0.000, 106, 1, NULL, 106, 106, '2021-06-24 09:35:30', '2021-06-24 09:43:27', 0),
(704, 1, 1, 704, 3, 704, 1, 1, '43-5271', NULL, 'Paid', '2021-06-24 15:45:35', '2021-06-24 16:55:34', '2', 90.000, 0.000, 106, 1, NULL, 106, 106, '2021-06-24 09:45:35', '2021-06-24 10:55:37', 0),
(705, 1, 1, 705, 1, 705, 1, 1, '27-4981', NULL, 'Free', '2021-06-24 15:48:41', '2021-06-24 15:52:17', '1', 0.000, 0.000, 106, 1, NULL, 106, 106, '2021-06-24 09:48:41', '2021-06-24 09:52:19', 0),
(706, 1, 1, 706, 3, 706, 1, 1, '29-6968', NULL, 'Paid', '2021-06-24 15:53:27', '2021-06-24 19:24:50', '4', 150.000, 0.000, 106, 1, NULL, 106, 106, '2021-06-24 09:53:27', '2021-06-24 13:24:53', 0),
(707, 1, 1, 707, 3, 707, 1, 1, '34-0929', NULL, 'Paid', '2021-06-24 16:00:17', '2021-06-24 16:36:16', '1', 60.000, 0.000, 106, 1, NULL, 106, 106, '2021-06-24 10:00:17', '2021-06-24 10:36:18', 0),
(708, 1, 1, 708, 3, 708, 1, 1, '28-8658', NULL, 'Paid', '2021-06-24 16:06:12', '2021-06-24 16:37:35', '1', 60.000, 0.000, 106, 1, NULL, 106, 106, '2021-06-24 10:06:12', '2021-06-24 10:37:42', 0),
(709, 1, 1, 709, 1, 709, 5, 1, '53-2183', NULL, 'Free', '2021-06-24 16:07:46', '2021-06-26 05:13:01', '38', 0.000, 0.000, 106, 1, NULL, 106, 106, '2021-06-24 10:07:46', '2021-06-25 23:13:06', 0),
(710, 1, 1, 710, 1, 710, 5, 1, '53-4301', NULL, 'Free', '2021-06-24 16:23:07', '2021-06-24 16:35:12', '1', 0.000, 0.000, 106, 1, NULL, 106, 106, '2021-06-24 10:23:07', '2021-06-24 10:35:14', 0),
(711, 1, 1, 711, 2, 711, 3, 1, '11-4260', '01711082159', 'Free', '2021-06-24 16:31:41', '2021-06-24 20:35:44', '5', 0.000, 0.000, 106, 1, NULL, 106, 106, '2021-06-24 10:31:41', '2021-06-24 14:35:45', 0),
(712, 1, 1, 712, 1, 712, 9, 1, '13-4821', NULL, 'Free', '2021-06-24 16:41:50', '2021-06-26 07:47:26', '40', 0.000, 0.000, 106, 1, NULL, 106, 106, '2021-06-24 10:41:50', '2021-06-26 01:47:29', 0),
(713, 2, 1, 713, 2, 713, 7, 1, '66-3631', NULL, 'Free', '2021-06-24 16:43:33', '2021-06-24 16:44:19', '1', 0.000, 0.000, 106, 1, NULL, 106, 106, '2021-06-24 10:43:33', '2021-06-24 10:44:21', 0),
(714, 2, 1, 714, 2, 714, 7, 1, '66-1731', '01926662432', 'Free', '2021-06-24 16:44:09', '2021-06-24 19:29:40', '3', 0.000, 0.000, 106, 1, NULL, 106, 106, '2021-06-24 10:44:09', '2021-06-24 13:29:43', 0),
(715, 1, 1, 715, 1, 715, 1, 1, '34-4201', NULL, 'Free', '2021-06-24 16:47:36', '2021-06-24 18:44:46', '2', 0.000, 0.000, 106, 1, NULL, 106, 106, '2021-06-24 10:47:36', '2021-06-24 12:44:49', 0),
(716, 1, 1, 716, 1, 716, 4, 1, '15-1450', NULL, 'Free', '2021-06-24 16:50:16', '2021-06-24 18:32:51', '2', 0.000, 0.000, 106, 1, NULL, 106, 106, '2021-06-24 10:50:16', '2021-06-24 12:32:56', 0),
(717, 1, 1, 717, 8, 717, 1, 1, '26-0720', '01717593177', 'Paid', '2021-06-24 16:57:31', '2021-06-24 19:26:34', '3', 120.000, 0.000, 106, 1, NULL, 106, 106, '2021-06-24 10:57:31', '2021-06-24 13:26:36', 0),
(718, 2, 1, 718, 8, 718, 7, 1, '57-3098', NULL, 'Free', '2021-06-24 16:58:11', '2021-06-24 19:12:57', '3', 0.000, 0.000, 106, 1, NULL, 106, 106, '2021-06-24 10:58:11', '2021-06-24 13:13:00', 0),
(719, 2, 1, 719, 2, 719, 8, 1, '24-7385', NULL, 'Free', '2021-06-24 16:58:45', '2021-06-24 17:14:46', '1', 0.000, 0.000, 106, 1, NULL, 106, 106, '2021-06-24 10:58:45', '2021-06-24 11:14:56', 0),
(720, 1, 1, 720, 6, 720, 1, 1, '12-7303', '01944530813', 'Free', '2021-06-24 17:02:54', '2021-06-24 17:53:52', '1', 0.000, 0.000, 106, 1, NULL, 106, 106, '2021-06-24 11:02:54', '2021-06-24 11:53:54', 0),
(721, 1, 1, 721, 7, 721, 4, 1, '15-5043', NULL, 'Free', '2021-06-24 17:10:55', '2021-06-24 18:48:27', '2', 0.000, 0.000, 106, 1, NULL, 106, 106, '2021-06-24 11:10:55', '2021-06-24 12:48:28', 0),
(722, 1, 1, 722, 1, 722, 5, 1, '53-4463', NULL, 'Free', '2021-06-24 17:14:19', '2021-06-24 09:44:33', NULL, 0.000, 0.000, NULL, 1, NULL, 106, NULL, '2021-06-24 11:14:19', '2021-06-24 11:14:19', 0),
(723, 1, 1, 723, 1, 723, 1, 1, '29-4891', NULL, 'Free', '2021-06-24 17:15:16', '2021-06-24 19:24:04', '3', 0.000, 0.000, 106, 1, NULL, 106, 106, '2021-06-24 11:15:16', '2021-06-24 13:24:08', 0),
(724, 2, 1, 724, 1, 724, 8, 1, '44-6349', NULL, 'Free', '2021-06-24 17:17:19', '2021-06-24 18:41:39', '2', 0.000, 0.000, 106, 1, NULL, 106, 106, '2021-06-24 11:17:19', '2021-06-24 12:41:41', 0),
(725, 1, 1, 725, 8, 725, 1, 1, '45-0617', NULL, 'Free', '2021-06-24 17:18:11', '2021-06-24 18:49:31', '2', 0.000, 0.000, 106, 1, NULL, 106, 106, '2021-06-24 11:18:11', '2021-06-24 12:49:33', 0),
(726, 1, 1, 726, 6, 726, 4, 1, '18-4167', NULL, 'Free', '2021-06-24 17:22:15', '2021-06-24 18:51:08', '2', 0.000, 0.000, 106, 1, NULL, 106, 106, '2021-06-24 11:22:15', '2021-06-24 12:51:09', 0),
(727, 1, 1, 727, 7, 727, 5, 1, '52-0207', '01749146958', 'Free', '2021-06-24 17:26:20', '2021-06-24 19:05:19', '2', 0.000, 0.000, 106, 1, NULL, 106, 106, '2021-06-24 11:26:20', '2021-06-24 13:05:20', 0),
(728, 2, 1, 728, 1, 728, 7, 1, '33-3099', NULL, 'Free', '2021-06-24 17:30:29', '2021-06-24 17:30:39', '1', 0.000, 0.000, 106, 1, NULL, 106, 106, '2021-06-24 11:30:29', '2021-06-24 11:30:41', 0),
(729, 1, 1, 729, 1, 729, 1, 1, '34-5247', '01769501607', 'Free', '2021-06-24 17:34:00', '2021-06-24 17:47:52', '1', 0.000, 0.000, 106, 1, NULL, 106, 106, '2021-06-24 11:34:00', '2021-06-24 11:47:56', 0),
(730, 1, 1, 730, 3, 730, 1, 1, '35-6700', NULL, 'Paid', '2021-06-24 17:37:09', '2021-06-24 19:17:41', '2', 90.000, 0.000, 106, 1, NULL, 106, 106, '2021-06-24 11:37:09', '2021-06-24 13:17:44', 0),
(731, 1, 1, 731, 1, 731, 5, 1, '53-1030', NULL, 'Free', '2021-06-24 17:39:45', '2021-06-24 09:44:33', NULL, 0.000, 0.000, NULL, 1, NULL, 106, NULL, '2021-06-24 11:39:45', '2021-06-24 11:39:45', 0),
(732, 1, 1, 732, 1, 732, 1, 1, '31-8166', NULL, 'Free', '2021-06-24 17:50:41', '2021-06-25 12:19:06', '19', 0.000, 0.000, 106, 1, NULL, 106, 106, '2021-06-24 11:50:41', '2021-06-25 06:19:07', 0),
(733, 1, 1, 733, 3, 733, 1, 1, '32-2302', NULL, 'Paid', '2021-06-24 17:59:15', '2021-06-24 18:51:37', '1', 60.000, 0.000, 106, 1, NULL, 106, 106, '2021-06-24 11:59:15', '2021-06-24 12:51:40', 0),
(734, 1, 1, 734, 1, 734, 1, 1, '33-5212', NULL, 'Free', '2021-06-24 17:59:53', '2021-06-26 07:15:55', '38', 0.000, 0.000, 106, 1, NULL, 106, 106, '2021-06-24 11:59:53', '2021-06-26 01:15:58', 0),
(735, 2, 1, 735, 2, 735, 2, 1, '64-6371', NULL, 'Free', '2021-06-24 18:28:35', '2021-06-24 19:04:24', '1', 0.000, 0.000, 106, 1, NULL, 106, 106, '2021-06-24 12:28:35', '2021-06-24 13:04:34', 0),
(736, 1, 1, 736, 1, 736, 1, 1, '31-8086', NULL, 'Free', '2021-06-24 18:36:59', '2021-06-26 07:21:37', '37', 0.000, 0.000, 106, 1, NULL, 106, 106, '2021-06-24 12:36:59', '2021-06-26 01:21:39', 0),
(737, 1, 1, 737, 7, 737, 1, 1, '34-8329', '01980001500', 'Free', '2021-06-24 18:50:01', '2021-06-24 19:41:43', '1', 0.000, 0.000, 106, 1, NULL, 106, 106, '2021-06-24 12:50:01', '2021-06-24 13:41:45', 0),
(738, 1, 1, 738, 6, 738, 4, 1, '17-2697', '01712296657', 'Free', '2021-06-24 18:55:13', '2021-06-25 21:50:08', '27', 0.000, 0.000, 106, 1, NULL, 106, 106, '2021-06-24 12:55:13', '2021-06-25 15:50:13', 0),
(739, 1, 1, 739, 1, 739, 5, 1, '56-3808', NULL, 'Free', '2021-06-24 19:08:55', '2021-06-26 07:15:09', '37', 0.000, 0.000, 106, 1, NULL, 106, 106, '2021-06-24 13:08:55', '2021-06-26 01:15:11', 0),
(740, 1, 1, 740, 1, 740, 1, 1, '39-2228', NULL, 'Free', '2021-06-24 19:28:45', '2021-06-24 20:27:05', '1', 0.000, 0.000, 106, 1, NULL, 106, 106, '2021-06-24 13:28:45', '2021-06-24 14:27:07', 0),
(741, 1, 1, 741, 3, 741, 4, 1, '18-7653', NULL, 'Paid', '2021-06-24 19:43:42', '2021-06-24 20:37:00', '1', 60.000, 0.000, 106, 1, NULL, 106, 106, '2021-06-24 13:43:42', '2021-06-24 14:37:15', 0),
(742, 1, 1, 742, 1, 742, 4, 1, '39-1326', NULL, 'Free', '2021-06-24 19:57:39', '2021-06-26 05:14:07', '34', 0.000, 0.000, 106, 1, NULL, 106, 106, '2021-06-24 13:57:39', '2021-06-25 23:14:14', 0),
(743, 1, 1, 743, 1, 743, 9, 1, '13-4511', NULL, 'Free', '2021-06-24 20:01:37', '2021-06-25 07:50:25', '12', 0.000, 0.000, 106, 1, NULL, 106, 106, '2021-06-24 14:01:37', '2021-06-25 01:50:27', 0),
(744, 1, 1, 744, 3, 744, 4, 1, '17-5014', NULL, 'Paid', '2021-06-24 20:04:13', '2021-06-24 20:27:43', '1', 60.000, 0.000, 106, 1, NULL, 106, 106, '2021-06-24 14:04:13', '2021-06-24 14:27:45', 0),
(745, 1, 1, 745, 3, 745, 1, 1, '20-6974', NULL, 'Paid', '2021-06-24 20:06:57', '2021-06-24 20:56:36', '1', 60.000, 0.000, 106, 1, NULL, 106, 106, '2021-06-24 14:06:57', '2021-06-24 14:56:38', 0),
(746, 2, 1, 746, 3, 746, 8, 1, '51-0065', NULL, 'Paid', '2021-06-24 20:23:36', '2021-06-24 20:45:28', '1', 25.000, 0.000, 106, 1, NULL, 106, 106, '2021-06-24 14:23:36', '2021-06-24 14:45:30', 0),
(747, 1, 1, 747, 3, 747, 1, 1, '25-7966', NULL, 'Paid', '2021-06-24 20:25:07', '2021-06-24 21:07:22', '1', 60.000, 0.000, 106, 1, NULL, 106, 106, '2021-06-24 14:25:07', '2021-06-24 15:07:23', 0),
(748, 1, 1, 748, 1, 748, 1, 1, '25-4645', NULL, 'Free', '2021-06-24 20:42:20', '2021-06-26 07:26:37', '35', 0.000, 0.000, 106, 1, NULL, 106, 106, '2021-06-24 14:42:20', '2021-06-26 01:26:39', 0),
(749, 2, 1, 749, 3, 749, 7, 1, '12-9799', NULL, 'Paid', '2021-06-24 20:44:51', '2021-06-24 21:31:48', '1', 25.000, 0.000, 106, 1, NULL, 106, 106, '2021-06-24 14:44:51', '2021-06-24 15:31:49', 0),
(750, 1, 1, 750, 3, 750, 3, 1, '12-9584', NULL, 'Paid', '2021-06-24 20:53:41', '2021-06-24 21:52:23', '1', 60.000, 0.000, 106, 1, NULL, 106, 106, '2021-06-24 14:53:41', '2021-06-24 15:52:24', 0),
(751, 1, 1, 751, 1, 751, 1, 1, '22-0701', NULL, 'Free', '2021-06-24 20:55:09', '2021-06-24 22:30:02', '2', 0.000, 0.000, 106, 1, NULL, 106, 106, '2021-06-24 14:55:09', '2021-06-24 16:31:40', 0),
(752, 1, 1, 752, 3, 752, 1, 1, '28-0531', NULL, 'Paid', '2021-06-24 21:04:01', '2021-06-24 21:49:25', '1', 60.000, 0.000, 106, 1, NULL, 106, 106, '2021-06-24 15:04:01', '2021-06-24 15:49:27', 0),
(753, 1, 1, 753, 3, 753, 1, 1, '45-4309', NULL, 'Paid', '2021-06-24 22:04:05', '2021-06-24 22:40:06', '1', 60.000, 0.000, 106, 1, NULL, 106, 106, '2021-06-24 16:04:05', '2021-06-24 16:40:07', 0),
(754, 2, 1, 754, 3, 754, 7, 1, '31-8532', NULL, 'Paid', '2021-06-24 22:14:19', '2021-06-24 22:39:40', '1', 25.000, 0.000, 106, 1, NULL, 106, 106, '2021-06-24 16:14:19', '2021-06-24 16:39:46', 0),
(755, 1, 1, 755, 1, 755, 1, 1, '27-8972', NULL, 'Free', '2021-06-24 22:26:05', '2021-06-26 06:16:37', '32', 0.000, 0.000, 106, 1, NULL, 106, 106, '2021-06-24 16:26:05', '2021-06-26 00:16:48', 0),
(756, 1, 1, 756, 1, 756, 5, 1, '53-2936', NULL, 'Free', '2021-06-25 00:26:00', '2021-06-25 06:18:52', '6', 0.000, 0.000, 106, 1, NULL, 106, 106, '2021-06-24 18:26:00', '2021-06-25 00:18:53', 0),
(757, 2, 1, 757, 1, 757, 8, 1, '44-1483', NULL, 'Free', '2021-06-25 06:28:54', '2021-06-25 10:19:57', '4', 0.000, 0.000, 106, 1, NULL, 106, 106, '2021-06-25 00:28:54', '2021-06-25 04:20:03', 0),
(758, 1, 1, 758, 1, 758, 1, 1, '25-4646', NULL, 'Free', '2021-06-25 07:39:40', '2021-06-25 07:39:56', '1', 0.000, 0.000, 106, 1, NULL, 106, 106, '2021-06-25 01:39:40', '2021-06-25 01:39:59', 0);
INSERT INTO `daily_parkings` (`id`, `vehicle_type_id`, `station_id`, `token_number`, `tenant_id`, `station_parking_id`, `code_id`, `area_id`, `vehicle_number`, `mobile_number`, `payment_status`, `clock_in`, `clock_out`, `total_time`, `payable_amount`, `paid_amount`, `collection_by`, `status`, `deleted_at`, `added_by`, `updated_by`, `created_at`, `updated_at`, `sync_status`) VALUES
(759, 2, 1, 759, 9, 759, 7, 1, '24-4152', '01775827127', 'Free', '2021-06-25 08:41:02', '2021-06-27 14:41:57', '55', 0.000, 0.000, 106, 1, NULL, 106, 106, '2021-06-25 02:41:02', '2021-06-27 08:41:58', 0),
(760, 2, 1, 760, 9, 760, 8, 1, '19-8488', NULL, 'Free', '2021-06-25 08:45:04', '2021-06-25 18:31:11', '10', 0.000, 0.000, 106, 1, NULL, 106, 106, '2021-06-25 02:45:04', '2021-06-25 12:31:14', 0),
(761, 2, 1, 761, 9, 761, 8, 1, '58-3693', '01712996998', 'Free', '2021-06-25 09:00:51', '2021-06-25 12:27:16', '4', 0.000, 0.000, 106, 1, NULL, 106, 106, '2021-06-25 03:00:51', '2021-06-25 06:27:19', 0),
(762, 2, 1, 762, 9, 762, 7, 1, '22-3435', '01769501582', 'Free', '2021-06-25 09:01:29', '2021-06-25 16:38:29', '8', 0.000, 0.000, 106, 1, NULL, 106, 106, '2021-06-25 03:01:29', '2021-06-25 10:38:31', 0),
(763, 1, 1, 763, 3, 763, 1, 1, '29-8290', NULL, 'Paid', '2021-06-25 09:35:07', '2021-06-25 10:27:48', '1', 60.000, 0.000, 106, 1, NULL, 106, 106, '2021-06-25 03:35:07', '2021-06-25 04:27:50', 0),
(764, 2, 1, 764, 9, 764, 8, 1, '59-9859', '01851308761', 'Free', '2021-06-25 09:52:53', '2021-06-25 22:42:44', '13', 0.000, 0.000, 106, 1, NULL, 106, 106, '2021-06-25 03:52:53', '2021-06-25 16:42:46', 0),
(765, 2, 1, 765, 3, 765, 7, 1, '37-6420', NULL, 'Paid', '2021-06-25 10:25:46', '2021-06-25 11:37:14', '2', 45.000, 0.000, 106, 1, NULL, 106, 106, '2021-06-25 04:25:46', '2021-06-25 05:37:17', 0),
(766, 1, 1, 766, 1, 766, 2, 1, '34-0900', NULL, 'Free', '2021-06-25 10:35:28', '2021-06-25 10:35:46', '1', 0.000, 0.000, 106, 1, NULL, 106, 106, '2021-06-25 04:35:28', '2021-06-25 04:35:49', 0),
(767, 2, 1, 767, 1, 767, 8, 1, '51-7377', NULL, 'Free', '2021-06-25 10:50:06', '2021-06-24 09:44:33', NULL, 0.000, 0.000, NULL, 1, NULL, 106, NULL, '2021-06-25 04:50:06', '2021-06-25 04:50:06', 0),
(768, 1, 1, 768, 3, 768, 1, 1, '28-9014', NULL, 'Paid', '2021-06-25 12:11:02', '2021-06-25 12:41:38', '1', 60.000, 0.000, 106, 1, NULL, 106, 106, '2021-06-25 06:11:02', '2021-06-25 06:41:40', 0),
(769, 1, 1, 769, 1, 769, 4, 1, '15-5181', NULL, 'Free', '2021-06-25 12:23:49', '2021-06-25 12:24:11', '1', 0.000, 0.000, 106, 1, NULL, 106, 106, '2021-06-25 06:23:49', '2021-06-25 06:24:15', 0),
(770, 1, 1, 770, 3, 770, 1, 1, '27-6554', NULL, 'Paid', '2021-06-25 13:00:46', '2021-06-25 13:52:04', '1', 60.000, 0.000, 106, 1, NULL, 106, 106, '2021-06-25 07:00:46', '2021-06-25 07:52:08', 0),
(771, 2, 1, 771, 3, 771, 8, 1, '33-0604', NULL, 'Paid', '2021-06-25 13:39:09', '2021-06-25 16:32:43', '3', 65.000, 0.000, 106, 1, NULL, 106, 106, '2021-06-25 07:39:09', '2021-06-25 10:33:12', 0),
(772, 2, 1, 772, 3, 772, 7, 1, '37-0528', NULL, 'Paid', '2021-06-25 14:27:59', '2021-06-25 16:41:48', '3', 65.000, 0.000, 106, 1, NULL, 106, 106, '2021-06-25 08:27:59', '2021-06-25 10:41:51', 0),
(773, 1, 1, 773, 9, 773, 8, 1, '58-3693', '01712996998', 'Free', '2021-06-25 15:05:28', '2021-06-25 17:13:33', '3', 0.000, 0.000, 106, 1, NULL, 106, 106, '2021-06-25 09:05:28', '2021-06-25 11:13:34', 0),
(774, 1, 1, 774, 3, 774, 1, 1, '33-5536', NULL, 'Paid', '2021-06-25 15:15:41', '2021-06-25 18:48:48', '4', 150.000, 0.000, 106, 1, NULL, 106, 106, '2021-06-25 09:15:41', '2021-06-25 12:48:50', 0),
(775, 1, 1, 775, 3, 775, 1, 1, '33-7215', NULL, 'Paid', '2021-06-25 15:32:42', '2021-06-25 16:27:04', '1', 60.000, 0.000, 106, 1, NULL, 106, 106, '2021-06-25 09:32:42', '2021-06-25 10:27:05', 0),
(776, 1, 1, 776, 3, 776, 5, 1, '56-4114', NULL, 'Paid', '2021-06-25 15:38:43', '2021-06-25 16:56:02', '2', 90.000, 0.000, 106, 1, NULL, 106, 106, '2021-06-25 09:38:43', '2021-06-25 10:56:24', 0),
(777, 2, 1, 777, 3, 777, 8, 1, '43-1583', NULL, 'Paid', '2021-06-25 15:40:02', '2021-06-25 17:28:38', '2', 45.000, 0.000, 106, 1, NULL, 106, 106, '2021-06-25 09:40:02', '2021-06-25 11:30:28', 0),
(778, 1, 1, 778, 3, 778, 1, 1, '43-8271', NULL, 'Paid', '2021-06-25 16:07:17', '2021-06-25 18:33:04', '3', 120.000, 0.000, 106, 1, NULL, 106, 106, '2021-06-25 10:07:17', '2021-06-25 12:33:09', 0),
(779, 1, 1, 779, 3, 779, 1, 1, '36-0604', NULL, 'Paid', '2021-06-25 16:09:43', '2021-06-25 17:22:13', '2', 90.000, 0.000, 106, 1, NULL, 106, 106, '2021-06-25 10:09:43', '2021-06-25 11:22:15', 0),
(780, 1, 1, 780, 3, 780, 1, 1, '34-8165', NULL, 'Paid', '2021-06-25 16:12:25', '2021-06-25 18:48:30', '3', 120.000, 0.000, 106, 1, NULL, 106, 106, '2021-06-25 10:12:25', '2021-06-25 12:48:31', 0),
(781, 1, 1, 781, 3, 781, 1, 1, '15-3323', NULL, 'Paid', '2021-06-25 16:14:09', '2021-06-25 16:55:28', '1', 60.000, 0.000, 106, 1, NULL, 106, 106, '2021-06-25 10:14:09', '2021-06-25 10:55:30', 0),
(782, 1, 1, 782, 3, 782, 1, 1, '45-5230', NULL, 'Paid', '2021-06-25 16:41:33', '2021-06-25 16:45:07', '1', 60.000, 0.000, 106, 1, NULL, 106, 106, '2021-06-25 10:41:33', '2021-06-25 10:45:10', 0),
(783, 2, 1, 783, 3, 783, 8, 1, '31-7724', NULL, 'Paid', '2021-06-25 16:43:55', '2021-06-25 19:21:22', '3', 65.000, 0.000, 106, 1, NULL, 106, 106, '2021-06-25 10:43:55', '2021-06-25 13:21:25', 0),
(784, 1, 1, 784, 2, 784, 1, 1, '313951', NULL, 'Free', '2021-06-25 16:49:16', '2021-06-25 18:59:00', '3', 0.000, 0.000, 106, 1, NULL, 106, 106, '2021-06-25 10:49:16', '2021-06-25 13:03:42', 0),
(785, 1, 1, 785, 1, 785, 9, 1, '13-4511', NULL, 'Free', '2021-06-25 17:01:08', '2021-06-26 09:39:29', '17', 0.000, 0.000, 106, 1, NULL, 106, 106, '2021-06-25 11:01:08', '2021-06-26 03:39:56', 0),
(786, 1, 1, 786, 3, 786, 1, 1, '45-2721', NULL, 'Paid', '2021-06-25 17:36:54', '2021-06-25 18:13:10', '1', 60.000, 0.000, 106, 1, NULL, 106, 106, '2021-06-25 11:36:54', '2021-06-25 12:13:14', 0),
(787, 1, 1, 787, 3, 787, 4, 1, '17-5014', NULL, 'Paid', '2021-06-25 18:18:23', '2021-06-25 18:36:09', '1', 60.000, 0.000, 106, 1, NULL, 106, 106, '2021-06-25 12:18:23', '2021-06-25 12:36:15', 0),
(788, 1, 1, 788, 3, 788, 1, 1, '25-4262', NULL, 'Paid', '2021-06-25 18:27:00', '2021-06-25 20:10:42', '2', 90.000, 0.000, 106, 1, NULL, 106, 106, '2021-06-25 12:27:00', '2021-06-25 14:10:44', 0),
(789, 1, 1, 789, 3, 789, 1, 1, '31-1993', NULL, 'Paid', '2021-06-25 18:28:55', '2021-06-25 20:47:51', '3', 120.000, 0.000, 106, 1, NULL, 106, 106, '2021-06-25 12:28:55', '2021-06-25 14:47:54', 0),
(790, 1, 1, 790, 3, 790, 1, 1, '32-9141', NULL, 'Paid', '2021-06-25 18:34:37', '2021-06-25 19:11:42', '1', 60.000, 0.000, 106, 1, NULL, 106, 106, '2021-06-25 12:34:37', '2021-06-25 13:11:46', 0),
(791, 1, 1, 791, 3, 791, 1, 1, '31-7116', NULL, 'Paid', '2021-06-25 18:46:55', '2021-06-25 20:12:12', '2', 90.000, 0.000, 106, 1, NULL, 106, 106, '2021-06-25 12:46:55', '2021-06-25 14:12:16', 0),
(792, 2, 1, 792, 3, 792, 7, 1, '29-6394', NULL, 'Paid', '2021-06-25 18:47:24', '2021-06-25 19:30:01', '1', 25.000, 0.000, 106, 1, NULL, 106, 106, '2021-06-25 12:47:24', '2021-06-25 13:30:03', 0),
(793, 1, 1, 793, 3, 793, 1, 1, '42-3863', NULL, 'Paid', '2021-06-25 19:05:05', '2021-06-25 20:11:28', '2', 90.000, 0.000, 106, 1, NULL, 106, 106, '2021-06-25 13:05:05', '2021-06-25 14:11:39', 0),
(794, 2, 1, 794, 3, 794, 8, 1, '36-1243', NULL, 'Paid', '2021-06-25 19:06:35', '2021-06-25 22:04:03', '3', 65.000, 0.000, 106, 1, NULL, 106, 106, '2021-06-25 13:06:35', '2021-06-25 16:04:09', 0),
(795, 1, 1, 795, 1, 795, 1, 1, '26-3883', NULL, 'Free', '2021-06-25 19:07:25', '2021-06-25 20:02:55', '1', 0.000, 0.000, 106, 1, NULL, 106, 106, '2021-06-25 13:07:25', '2021-06-25 14:02:56', 0),
(796, 2, 1, 796, 3, 796, 7, 1, '24-6899', NULL, 'Paid', '2021-06-25 19:44:31', '2021-06-25 20:30:51', '1', 25.000, 0.000, 106, 1, NULL, 106, 106, '2021-06-25 13:44:31', '2021-06-25 14:30:53', 0),
(797, 1, 1, 797, 3, 797, 1, 1, '33-1416', NULL, 'Paid', '2021-06-25 19:46:32', '2021-06-25 21:02:15', '2', 90.000, 0.000, 106, 1, NULL, 106, 106, '2021-06-25 13:46:32', '2021-06-25 15:02:18', 0),
(798, 1, 1, 798, 3, 798, 1, 1, '42-8913', NULL, 'Paid', '2021-06-25 20:13:20', '2021-06-25 20:45:35', '1', 60.000, 0.000, 106, 1, NULL, 106, 106, '2021-06-25 14:13:20', '2021-06-25 14:45:37', 0),
(799, 2, 1, 799, 3, 799, 8, 1, '34-3190', NULL, 'Paid', '2021-06-25 20:39:27', '2021-06-25 22:12:57', '2', 45.000, 0.000, 106, 1, NULL, 106, 106, '2021-06-25 14:39:27', '2021-06-25 16:13:00', 0),
(800, 1, 1, 800, 1, 800, 1, 1, '31-8166', NULL, 'Free', '2021-06-25 21:13:15', '2021-06-26 06:09:12', '9', 0.000, 0.000, 106, 1, NULL, 106, 106, '2021-06-25 15:13:15', '2021-06-26 00:09:14', 0),
(801, 1, 1, 801, 3, 801, 1, 1, '42-6787', NULL, 'Paid', '2021-06-25 21:17:15', '2021-06-25 21:57:23', '1', 60.000, 0.000, 106, 1, NULL, 106, 106, '2021-06-25 15:17:15', '2021-06-25 15:57:25', 0),
(802, 1, 1, 802, 3, 802, 1, 1, '17-6121', NULL, 'Paid', '2021-06-25 21:31:15', '2021-06-25 22:14:20', '1', 60.000, 0.000, 106, 1, NULL, 106, 106, '2021-06-25 15:31:15', '2021-06-25 16:14:21', 0),
(803, 2, 1, 803, 3, 803, 7, 1, '41-0133', NULL, 'Paid', '2021-06-25 21:37:57', '2021-06-25 22:33:13', '1', 25.000, 0.000, 106, 1, NULL, 106, 106, '2021-06-25 15:37:57', '2021-06-25 16:33:15', 0),
(804, 1, 1, 804, 3, 804, 1, 1, '17-5650', NULL, 'Paid', '2021-06-25 21:38:38', '2021-06-25 22:32:52', '1', 60.000, 0.000, 106, 1, NULL, 106, 106, '2021-06-25 15:38:38', '2021-06-25 16:32:55', 0),
(805, 1, 1, 805, 3, 805, 4, 1, '17-4548', NULL, 'Paid', '2021-06-25 21:54:21', '2021-06-25 22:20:51', '1', 60.000, 0.000, 106, 1, NULL, 106, 106, '2021-06-25 15:54:21', '2021-06-25 16:20:53', 0),
(806, 1, 1, 806, 1, 806, 1, 1, '25-4646', NULL, 'Free', '2021-06-25 22:37:35', '2021-06-24 09:44:33', NULL, 0.000, 0.000, NULL, 1, NULL, 106, NULL, '2021-06-25 16:37:35', '2021-06-25 16:37:35', 0),
(807, 1, 1, 807, 1, 807, 5, 1, '53-2936', NULL, 'Free', '2021-06-26 00:13:40', '2021-06-26 06:37:44', '7', 0.000, 0.000, 106, 1, NULL, 106, 106, '2021-06-25 18:13:40', '2021-06-26 00:37:46', 0),
(808, 1, 1, 808, 1, 808, 1, 1, '25-4646', NULL, 'Free', '2021-06-26 05:28:07', '2021-06-26 05:28:28', '1', 0.000, 0.000, 106, 1, NULL, 106, 106, '2021-06-25 23:28:07', '2021-06-25 23:28:31', 0),
(809, 1, 1, 809, 1, 809, 1, 1, '39-1326', NULL, 'Free', '2021-06-26 05:32:17', '2021-06-26 07:34:19', '3', 0.000, 0.000, 106, 1, NULL, 106, 106, '2021-06-25 23:32:17', '2021-06-26 01:34:20', 0),
(810, 1, 1, 810, 1, 810, 5, 1, '53-2183', NULL, 'Free', '2021-06-26 05:33:19', '2021-06-27 12:11:01', '31', 0.000, 0.000, 106, 1, NULL, 106, 106, '2021-06-25 23:33:19', '2021-06-27 06:11:02', 0),
(811, 1, 1, 811, 1, 811, 1, 1, '39-2228', NULL, 'Free', '2021-06-26 06:30:25', '2021-06-26 06:33:39', '1', 0.000, 0.000, 106, 1, NULL, 106, 106, '2021-06-26 00:30:25', '2021-06-26 00:33:42', 0),
(812, 1, 1, 812, 1, 812, 1, 1, '22-0701', NULL, 'Free', '2021-06-26 06:36:45', '2021-06-26 08:36:37', '2', 0.000, 0.000, 106, 1, NULL, 106, 106, '2021-06-26 00:36:45', '2021-06-26 02:36:38', 0),
(813, 1, 1, 813, 1, 813, 5, 1, '53-5352', NULL, 'Free', '2021-06-26 06:42:44', '2021-06-26 08:13:58', '2', 0.000, 0.000, 106, 1, NULL, 106, 106, '2021-06-26 00:42:44', '2021-06-26 02:14:00', 0),
(814, 1, 1, 814, 1, 814, 1, 1, '27-8972', NULL, 'Free', '2021-06-26 06:44:30', '2021-06-26 08:14:09', '2', 0.000, 0.000, 106, 1, NULL, 106, 106, '2021-06-26 00:44:30', '2021-06-26 02:14:11', 0),
(815, 2, 1, 815, 1, 815, 8, 1, '32-5139', NULL, 'Free', '2021-06-26 07:06:44', '2021-06-27 14:42:15', '32', 0.000, 0.000, 106, 1, NULL, 106, 106, '2021-06-26 01:06:44', '2021-06-27 08:42:16', 0),
(816, 1, 1, 816, 1, 816, 1, 1, '33-5212', NULL, 'Free', '2021-06-26 07:34:04', '2021-06-26 09:08:58', '2', 0.000, 0.000, 106, 1, NULL, 106, 106, '2021-06-26 01:34:04', '2021-06-26 03:08:59', 0),
(817, 1, 1, 817, 1, 817, 5, 1, '56-2320', NULL, 'Free', '2021-06-26 07:53:51', '2021-06-24 09:44:33', NULL, 0.000, 0.000, NULL, 1, NULL, 106, NULL, '2021-06-26 01:53:51', '2021-06-26 01:53:51', 0),
(818, 2, 1, 818, 9, 818, 7, 1, '22-3435', '01769501582', 'Free', '2021-06-26 07:57:30', '2021-06-26 09:12:22', '2', 0.000, 0.000, 106, 1, NULL, 106, 106, '2021-06-26 01:57:30', '2021-06-26 03:12:23', 0),
(819, 1, 1, 819, 1, 819, 1, 1, '17-3479', '01713178896', 'Free', '2021-06-26 08:00:44', '2021-06-27 14:42:55', '31', 0.000, 0.000, 106, 1, NULL, 106, 106, '2021-06-26 02:00:44', '2021-06-27 08:42:56', 0),
(820, 1, 1, 820, 3, 820, 4, 1, '18-3101', NULL, 'Paid', '2021-06-26 08:02:05', '2021-06-26 09:38:04', '2', 90.000, 0.000, 106, 1, NULL, 106, 106, '2021-06-26 02:02:05', '2021-06-26 03:38:06', 0),
(821, 1, 1, 821, 3, 821, 1, 1, '20-7292', NULL, 'Paid', '2021-06-26 08:02:58', '2021-06-26 09:36:32', '2', 90.000, 0.000, 106, 1, NULL, 106, 106, '2021-06-26 02:02:58', '2021-06-26 03:36:34', 0),
(822, 2, 1, 822, 1, 822, 8, 1, '35-3099', '01769501544', 'Free', '2021-06-26 08:19:19', '2021-06-27 14:42:23', '31', 0.000, 0.000, 106, 1, NULL, 106, 106, '2021-06-26 02:19:19', '2021-06-27 08:42:24', 0),
(823, 2, 1, 823, 9, 823, 7, 1, '24-4152', '01775827127', 'Free', '2021-06-26 08:27:43', '2021-06-27 14:43:56', '31', 0.000, 0.000, 106, 1, NULL, 106, 106, '2021-06-26 02:27:43', '2021-06-27 08:43:57', 0),
(824, 1, 1, 824, 1, 824, 1, 1, '34-6248', NULL, 'Free', '2021-06-26 08:33:29', '2021-06-24 09:44:33', NULL, 0.000, 0.000, NULL, 1, NULL, 106, NULL, '2021-06-26 02:33:29', '2021-06-26 02:33:29', 0),
(825, 1, 1, 825, 9, 825, 1, 1, '29-1735', '01708800866', 'Free', '2021-06-26 08:35:09', '2021-06-24 09:44:33', NULL, 0.000, 0.000, NULL, 1, NULL, 106, NULL, '2021-06-26 02:35:09', '2021-06-26 02:35:09', 0),
(826, 2, 1, 826, 9, 826, 8, 1, '38-4492', NULL, 'Free', '2021-06-26 08:39:12', '2021-06-27 14:43:51', '31', 0.000, 0.000, 106, 1, NULL, 106, 106, '2021-06-26 02:39:12', '2021-06-27 08:43:52', 0),
(827, 1, 1, 827, 3, 827, 1, 1, '15-3323', NULL, 'Paid', '2021-06-26 08:39:41', '2021-06-26 09:08:47', '1', 60.000, 0.000, 106, 1, NULL, 106, 106, '2021-06-26 02:39:41', '2021-06-26 03:08:48', 0),
(828, 1, 1, 828, 3, 828, 1, 1, '56-4114', NULL, 'Paid', '2021-06-26 08:40:05', '2021-06-26 09:08:17', '1', 60.000, 0.000, 106, 1, NULL, 106, 106, '2021-06-26 02:40:05', '2021-06-26 03:08:18', 0),
(829, 1, 1, 829, 1, 829, 1, 1, '29-4891', NULL, 'Free', '2021-06-26 08:42:04', '2021-06-24 09:44:33', NULL, 0.000, 0.000, NULL, 1, NULL, 106, NULL, '2021-06-26 02:42:04', '2021-06-26 02:42:04', 0),
(830, 2, 1, 830, 1, 830, 7, 1, '14-8227', NULL, 'Free', '2021-06-26 08:44:23', '2021-06-26 09:27:25', '1', 0.000, 0.000, 106, 1, NULL, 106, 106, '2021-06-26 02:44:23', '2021-06-26 03:27:27', 0),
(831, 1, 1, 831, 3, 831, 4, 1, '13-4222', NULL, 'Paid', '2021-06-26 08:46:42', '2021-06-26 09:21:17', '1', 60.000, 0.000, 106, 1, NULL, 106, 106, '2021-06-26 02:46:42', '2021-06-26 03:21:38', 0),
(832, 2, 1, 832, 1, 832, 8, 2, '18-6735', '01313709244', 'Free', '2021-06-26 08:47:34', '2021-06-27 14:43:20', '30', 0.000, 0.000, 106, 1, NULL, 106, 106, '2021-06-26 02:47:34', '2021-06-27 08:43:22', 0),
(833, 1, 1, 833, 1, 833, 1, 1, '56-3809', NULL, 'Free', '2021-06-26 08:47:52', '2021-06-26 13:55:38', '6', 0.000, 0.000, 106, 1, NULL, 106, 106, '2021-06-26 02:47:52', '2021-06-26 07:55:40', 0),
(834, 1, 1, 834, 9, 834, 1, 1, '28-7873', '01713211042', 'Free', '2021-06-26 08:48:41', '2021-06-27 14:43:46', '30', 0.000, 0.000, 106, 1, NULL, 106, 106, '2021-06-26 02:48:41', '2021-06-27 08:43:47', 0),
(835, 2, 1, 835, 1, 835, 7, 1, '57-7611', '01708800723', 'Free', '2021-06-26 08:49:45', '2021-06-27 14:43:28', '30', 0.000, 0.000, 106, 1, NULL, 106, 106, '2021-06-26 02:49:45', '2021-06-27 08:43:29', 0),
(836, 2, 1, 836, 1, 836, 8, 1, '12-5647', NULL, 'Free', '2021-06-26 08:50:31', '2021-06-24 09:44:33', NULL, 0.000, 0.000, NULL, 1, NULL, 106, NULL, '2021-06-26 02:50:31', '2021-06-26 02:50:31', 0),
(837, 2, 1, 837, 1, 837, 7, 1, '50-8922', '01708800819', 'Free', '2021-06-26 08:50:41', '2021-06-27 14:43:35', '30', 0.000, 0.000, 106, 1, NULL, 106, 106, '2021-06-26 02:50:41', '2021-06-27 08:43:36', 0),
(838, 2, 1, 838, 9, 838, 8, 1, '20-3103', NULL, 'Free', '2021-06-26 08:51:36', '2021-06-27 14:43:40', '30', 0.000, 0.000, 106, 1, NULL, 106, 106, '2021-06-26 02:51:36', '2021-06-27 08:43:41', 0),
(839, 1, 1, 839, 1, 839, 4, 1, '39-1326', NULL, 'Free', '2021-06-26 08:51:48', '2021-06-26 10:02:08', '2', 0.000, 0.000, 106, 1, NULL, 106, 106, '2021-06-26 02:51:48', '2021-06-26 04:02:09', 0),
(840, 1, 1, 840, 1, 840, 7, 1, '58-6612', '01711288261', 'Free', '2021-06-26 08:54:07', '2021-06-26 08:54:28', '1', 0.000, 0.000, 106, 1, NULL, 106, 106, '2021-06-26 02:54:07', '2021-06-26 02:54:29', 0),
(841, 2, 1, 841, 1, 841, 7, 1, '58-6612', '01711288261', 'Free', '2021-06-26 08:54:22', '2021-06-24 09:44:33', NULL, 0.000, 0.000, NULL, 1, NULL, 106, NULL, '2021-06-26 02:54:22', '2021-06-26 02:54:22', 0),
(842, 2, 1, 842, 1, 842, 8, 1, '56-7337', NULL, 'Free', '2021-06-26 08:56:38', '2021-06-24 09:44:33', NULL, 0.000, 0.000, NULL, 1, NULL, 106, NULL, '2021-06-26 02:56:38', '2021-06-26 02:56:38', 0),
(843, 1, 1, 843, 7, 843, 1, 1, '28-3499', NULL, 'Free', '2021-06-26 08:57:16', '2021-06-27 14:44:03', '30', 0.000, 0.000, 106, 1, NULL, 106, 106, '2021-06-26 02:57:16', '2021-06-27 08:44:06', 0),
(844, 1, 1, 844, 1, 844, 1, 1, '31-8166', NULL, 'Free', '2021-06-26 08:57:27', '2021-06-26 10:22:15', '2', 0.000, 0.000, 106, 1, NULL, 106, 106, '2021-06-26 02:57:27', '2021-06-26 04:22:18', 0),
(845, 2, 1, 845, 7, 845, 8, 1, '47-0735', '01713205292', 'Free', '2021-06-26 08:58:16', '2021-06-24 09:44:33', NULL, 0.000, 0.000, NULL, 1, NULL, 106, NULL, '2021-06-26 02:58:16', '2021-06-26 02:58:16', 0),
(846, 1, 1, 846, 1, 846, 1, 1, '34-5247', '01769501607', 'Free', '2021-06-26 08:58:46', '2021-06-26 08:58:58', '1', 0.000, 0.000, 106, 1, NULL, 106, 106, '2021-06-26 02:58:46', '2021-06-26 02:58:59', 0),
(847, 2, 1, 847, 9, 847, 8, 1, '59-9859', '01851308761', 'Free', '2021-06-26 08:59:49', '2021-06-24 09:44:33', NULL, 0.000, 0.000, NULL, 1, NULL, 106, NULL, '2021-06-26 02:59:49', '2021-06-26 02:59:49', 0),
(848, 1, 1, 848, 9, 848, 1, 1, '13-6694', '01708800787', 'Free', '2021-06-26 09:00:03', '2021-06-24 09:44:33', NULL, 0.000, 0.000, NULL, 1, NULL, 106, NULL, '2021-06-26 03:00:03', '2021-06-26 03:00:03', 0),
(849, 1, 1, 849, 1, 849, 1, 1, '27-8972', NULL, 'Free', '2021-06-26 09:02:02', '2021-06-24 09:44:33', NULL, 0.000, 0.000, NULL, 1, NULL, 106, NULL, '2021-06-26 03:02:02', '2021-06-26 03:02:02', 0),
(850, 2, 1, 850, 1, 850, 8, 1, '38-8674', '01708800969', 'Free', '2021-06-26 09:02:30', '2021-06-24 09:44:33', NULL, 0.000, 0.000, NULL, 1, NULL, 106, NULL, '2021-06-26 03:02:30', '2021-06-26 03:02:30', 0),
(851, 2, 1, 851, 9, 851, 8, 1, '58-3693', '01712996998', 'Free', '2021-06-26 09:05:23', '2021-06-24 09:44:33', NULL, 0.000, 0.000, NULL, 1, NULL, 106, NULL, '2021-06-26 03:05:23', '2021-06-26 03:05:23', 0),
(852, 1, 1, 852, 1, 852, 5, 1, '53-5352', NULL, 'Free', '2021-06-26 09:05:55', '2021-06-24 09:44:33', NULL, 0.000, 0.000, NULL, 1, NULL, 106, NULL, '2021-06-26 03:05:55', '2021-06-26 03:05:55', 0),
(853, 2, 1, 853, 1, 853, 7, 1, '27-0394', '01769501543', 'Free', '2021-06-26 09:06:19', '2021-06-24 09:44:33', NULL, 0.000, 0.000, NULL, 1, NULL, 106, NULL, '2021-06-26 03:06:19', '2021-06-26 03:06:19', 0),
(854, 2, 1, 854, 9, 854, 8, 1, '11-1892', '01769949262', 'Free', '2021-06-26 09:06:40', '2021-06-26 13:05:46', '4', 0.000, 0.000, 106, 1, NULL, 106, 106, '2021-06-26 03:06:40', '2021-06-26 07:05:47', 0),
(855, 1, 1, 855, 1, 855, 1, 1, '12-3616', '01769501556', 'Free', '2021-06-26 09:07:00', '2021-06-24 09:44:33', NULL, 0.000, 0.000, NULL, 1, NULL, 106, NULL, '2021-06-26 03:07:00', '2021-06-26 03:07:00', 0),
(856, 2, 1, 856, 1, 856, 7, 1, '64-9304', '01708800825', 'Free', '2021-06-26 09:09:33', '2021-06-24 09:44:33', NULL, 0.000, 0.000, NULL, 1, NULL, 106, NULL, '2021-06-26 03:09:33', '2021-06-26 03:09:33', 0),
(857, 1, 1, 857, 6, 857, 1, 1, '12-7303', '01944530813', 'Free', '2021-06-26 09:10:46', '2021-06-26 09:39:10', '1', 0.000, 0.000, 106, 1, NULL, 106, 106, '2021-06-26 03:10:46', '2021-06-26 03:39:11', 0),
(858, 1, 1, 858, 6, 858, 5, 1, '19-0881', NULL, 'Free', '2021-06-26 09:11:25', '2021-06-26 09:11:45', '1', 0.000, 0.000, 106, 1, NULL, 106, 106, '2021-06-26 03:11:25', '2021-06-26 03:11:47', 0),
(859, 2, 1, 859, 9, 859, 8, 1, '51-7584', '01708800788', 'Free', '2021-06-26 09:11:59', '2021-06-24 09:44:33', NULL, 0.000, 0.000, NULL, 1, NULL, 106, NULL, '2021-06-26 03:11:59', '2021-06-26 03:11:59', 0),
(860, 2, 1, 860, 9, 860, 7, 1, '24-7161', '01769501422', 'Free', '2021-06-26 09:12:11', '2021-06-24 09:44:33', NULL, 0.000, 0.000, NULL, 1, NULL, 106, NULL, '2021-06-26 03:12:11', '2021-06-26 03:12:11', 0),
(861, 1, 1, 861, 6, 861, 4, 1, '18-4167', NULL, 'Free', '2021-06-26 09:13:00', '2021-06-24 09:44:33', NULL, 0.000, 0.000, NULL, 1, NULL, 106, NULL, '2021-06-26 03:13:00', '2021-06-26 03:13:00', 0),
(862, 1, 1, 862, 7, 862, 1, 1, '39-1961', '01312835768', 'Free', '2021-06-26 09:14:14', '2021-06-26 10:33:19', '2', 0.000, 0.000, 106, 1, NULL, 106, 106, '2021-06-26 03:14:14', '2021-06-26 04:33:21', 0),
(863, 1, 1, 863, 9, 863, 1, 1, '29-5803', NULL, 'Free', '2021-06-26 09:14:42', '2021-06-24 09:44:33', NULL, 0.000, 0.000, NULL, 1, NULL, 106, NULL, '2021-06-26 03:14:42', '2021-06-26 03:14:42', 0),
(864, 1, 1, 864, 1, 864, 1, 1, '31-8086', NULL, 'Free', '2021-06-26 09:15:20', '2021-06-26 10:01:33', '1', 0.000, 0.000, 106, 1, NULL, 106, 106, '2021-06-26 03:15:20', '2021-06-26 04:01:34', 0),
(865, 2, 1, 865, 1, 865, 7, 1, '34-0574', '01769501570', 'Free', '2021-06-26 09:17:51', '2021-06-24 09:44:33', NULL, 0.000, 0.000, NULL, 1, NULL, 106, NULL, '2021-06-26 03:17:51', '2021-06-26 03:17:51', 0),
(866, 2, 1, 866, 8, 866, 7, 1, '12-7657', NULL, 'Free', '2021-06-26 09:19:07', '2021-06-24 09:44:33', NULL, 0.000, 0.000, NULL, 1, NULL, 106, NULL, '2021-06-26 03:19:07', '2021-06-26 03:19:07', 0),
(867, 2, 1, 867, 1, 867, 8, 1, '11-2605', '01708800782', 'Free', '2021-06-26 09:19:21', '2021-06-24 09:44:33', NULL, 0.000, 0.000, NULL, 1, NULL, 106, NULL, '2021-06-26 03:19:21', '2021-06-26 03:19:21', 0),
(868, 1, 1, 868, 1, 868, 4, 1, '15-8390', '01713000757', 'Free', '2021-06-26 09:20:46', '2021-06-24 09:44:33', NULL, 0.000, 0.000, NULL, 1, NULL, 106, NULL, '2021-06-26 03:20:46', '2021-06-26 03:20:46', 0),
(869, 1, 1, 869, 6, 869, 5, 1, '19-0881', NULL, 'Free', '2021-06-26 09:23:10', '2021-06-26 10:34:22', '2', 0.000, 0.000, 106, 1, NULL, 106, 106, '2021-06-26 03:23:10', '2021-06-26 04:34:24', 0),
(870, 2, 1, 870, 1, 870, 8, 1, '29-1810', '01715025359', 'Free', '2021-06-26 09:25:27', '2021-06-24 09:44:33', NULL, 0.000, 0.000, NULL, 1, NULL, 106, NULL, '2021-06-26 03:25:27', '2021-06-26 03:25:27', 0),
(871, 2, 1, 871, 8, 871, 7, 1, '14-8287', NULL, 'Free', '2021-06-26 09:27:10', '2021-06-24 09:44:33', NULL, 0.000, 0.000, NULL, 1, NULL, 106, NULL, '2021-06-26 03:27:10', '2021-06-26 03:27:10', 0),
(872, 1, 1, 872, 1, 872, 1, 1, '34-9447', '01708800978', 'Free', '2021-06-26 09:30:46', '2021-06-24 09:44:33', NULL, 0.000, 0.000, NULL, 1, NULL, 106, NULL, '2021-06-26 03:30:46', '2021-06-26 03:30:46', 0),
(873, 1, 1, 873, 1, 873, 1, 1, '20-4657', NULL, 'Free', '2021-06-26 09:32:28', '2021-06-24 09:44:33', NULL, 0.000, 0.000, NULL, 1, NULL, 106, NULL, '2021-06-26 03:32:28', '2021-06-26 03:32:28', 0),
(874, 1, 1, 874, 1, 874, 5, 1, '56-3808', NULL, 'Free', '2021-06-26 09:37:37', '2021-06-26 12:40:13', '4', 0.000, 0.000, 106, 1, NULL, 106, 106, '2021-06-26 03:37:37', '2021-06-26 06:40:18', 0),
(875, 2, 1, 875, 1, 875, 7, 1, '42-3880', '01769501412', 'Free', '2021-06-26 09:40:12', '2021-06-24 09:44:33', NULL, 0.000, 0.000, NULL, 1, NULL, 106, NULL, '2021-06-26 03:40:12', '2021-06-26 03:40:12', 0),
(876, 1, 1, 876, 1, 876, 1, 1, '35-8318', '01755648455', 'Free', '2021-06-26 09:40:25', '2021-06-24 09:44:33', NULL, 0.000, 0.000, NULL, 1, NULL, 106, NULL, '2021-06-26 03:40:25', '2021-06-26 03:40:25', 0),
(877, 1, 1, 877, 1, 877, 1, 1, '29-8106', NULL, 'Free', '2021-06-26 10:05:35', '2021-06-26 13:12:54', '4', 0.000, 0.000, 106, 1, NULL, 106, 106, '2021-06-26 04:05:35', '2021-06-26 07:12:59', 0),
(878, 1, 1, 878, 1, 878, 10, 1, '11-2231', NULL, 'Free', '2021-06-26 10:09:35', '2021-06-26 14:47:39', '5', 0.000, 0.000, 106, 1, NULL, 106, 106, '2021-06-26 04:09:35', '2021-06-26 08:47:41', 0),
(879, 1, 1, 879, 1, 879, 1, 1, '42-2541', NULL, 'Free', '2021-06-26 10:10:13', '2021-06-26 12:57:21', '3', 0.000, 0.000, 106, 1, NULL, 106, 106, '2021-06-26 04:10:13', '2021-06-26 06:57:23', 0),
(880, 1, 1, 880, 1, 880, 1, 1, '22-0701', NULL, 'Free', '2021-06-26 10:14:48', '2021-06-26 13:15:28', '4', 0.000, 0.000, 106, 1, NULL, 106, 106, '2021-06-26 04:14:48', '2021-06-26 07:15:32', 0),
(881, 1, 1, 881, 1, 881, 1, 1, '31-8086', NULL, 'Free', '2021-06-26 10:16:55', '2021-06-26 14:19:35', '5', 0.000, 0.000, 106, 1, NULL, 106, 106, '2021-06-26 04:16:55', '2021-06-26 08:19:37', 0),
(882, 1, 1, 882, 1, 882, 4, 1, '39-1326', NULL, 'Free', '2021-06-26 10:17:05', '2021-06-26 13:46:07', '4', 0.000, 0.000, 106, 1, NULL, 106, 106, '2021-06-26 04:17:05', '2021-06-26 07:46:10', 0),
(883, 1, 1, 883, 1, 883, 1, 1, '25-4646', NULL, 'Free', '2021-06-26 10:18:19', '2021-06-24 09:44:33', NULL, 0.000, 0.000, NULL, 1, NULL, 106, NULL, '2021-06-26 04:18:19', '2021-06-26 04:18:19', 0),
(884, 2, 1, 884, 1, 884, 8, 1, '21-4010', NULL, 'Free', '2021-06-26 10:31:33', '2021-06-24 09:44:33', NULL, 0.000, 0.000, NULL, 1, NULL, 106, NULL, '2021-06-26 04:31:33', '2021-06-26 04:31:33', 0),
(885, 1, 1, 885, 7, 885, 1, 1, '32-5797', '01715175864', 'Free', '2021-06-26 10:38:41', '2021-06-24 09:44:33', NULL, 0.000, 0.000, NULL, 1, NULL, 106, NULL, '2021-06-26 04:38:41', '2021-06-26 04:38:41', 0),
(886, 2, 1, 886, 1, 886, 5, 1, '53-1030', NULL, 'Free', '2021-06-26 10:48:08', '2021-06-24 09:44:33', NULL, 0.000, 0.000, NULL, 1, NULL, 106, NULL, '2021-06-26 04:48:08', '2021-06-26 04:48:08', 0),
(887, 1, 1, 887, 6, 887, 5, 1, '19-0881', NULL, 'Free', '2021-06-26 10:50:30', '2021-06-24 09:44:33', NULL, 0.000, 0.000, NULL, 1, NULL, 106, NULL, '2021-06-26 04:50:30', '2021-06-26 04:50:30', 0),
(888, 1, 1, 888, 6, 888, 4, 1, '18-4167', NULL, 'Free', '2021-06-26 10:51:12', '2021-06-24 09:44:33', NULL, 0.000, 0.000, NULL, 1, NULL, 106, NULL, '2021-06-26 04:51:12', '2021-06-26 04:51:12', 0),
(889, 1, 1, 889, 1, 889, 1, 1, '33-5212', NULL, 'Free', '2021-06-26 11:14:20', '2021-06-26 12:00:56', '1', 0.000, 0.000, 106, 1, NULL, 106, 106, '2021-06-26 05:14:20', '2021-06-26 06:01:05', 0),
(890, 2, 1, 890, 1, 890, 8, 1, '57-5018', NULL, 'Free', '2021-06-26 11:18:56', '2021-06-26 13:24:02', '3', 0.000, 0.000, 106, 1, NULL, 106, 106, '2021-06-26 05:18:56', '2021-06-26 07:24:04', 0),
(891, 2, 1, 891, 1, 891, 7, 1, '59-2344', NULL, 'Free', '2021-06-26 11:21:26', '2021-06-26 11:50:32', '1', 0.000, 0.000, 106, 1, NULL, 106, 106, '2021-06-26 05:21:26', '2021-06-26 05:50:35', 0),
(892, 2, 1, 892, 1, 892, 8, 1, '26-5544', NULL, 'Free', '2021-06-26 11:33:28', '2021-06-26 13:22:35', '2', 0.000, 0.000, 106, 1, NULL, 106, 106, '2021-06-26 05:33:28', '2021-06-26 07:22:38', 0),
(893, 1, 1, 893, 1, 893, 1, 1, '13-3254', NULL, 'Free', '2021-06-26 11:34:39', '2021-06-26 12:32:43', '1', 0.000, 0.000, 106, 1, NULL, 106, 106, '2021-06-26 05:34:39', '2021-06-26 06:32:45', 0),
(894, 1, 1, 894, 3, 894, 1, 1, '39-8036', NULL, 'Paid', '2021-06-26 12:21:42', '2021-06-26 13:56:56', '2', 90.000, 0.000, 106, 1, NULL, 106, 106, '2021-06-26 06:21:42', '2021-06-26 07:56:58', 0),
(895, 1, 1, 895, 1, 895, 1, 1, '34-3430', NULL, 'Free', '2021-06-26 12:31:10', '2021-06-26 13:16:14', '1', 0.000, 0.000, 106, 1, NULL, 106, 106, '2021-06-26 06:31:10', '2021-06-26 07:16:22', 0),
(896, 1, 1, 896, 1, 896, 1, 1, '31-8166', NULL, 'Free', '2021-06-26 12:31:42', '2021-06-26 12:53:47', '1', 0.000, 0.000, 106, 1, NULL, 106, 106, '2021-06-26 06:31:42', '2021-06-26 06:53:48', 0),
(897, 2, 1, 897, 9, 897, 1, 1, '51-1985', NULL, 'Free', '2021-06-26 12:34:19', '2021-06-26 13:29:31', '1', 0.000, 0.000, 106, 1, NULL, 106, 106, '2021-06-26 06:34:19', '2021-06-26 07:29:33', 0),
(898, 1, 1, 898, 2, 898, 3, 1, '11-4260', '01711082159', 'Free', '2021-06-26 12:36:54', '2021-06-26 12:46:14', '1', 0.000, 0.000, 106, 1, NULL, 106, 106, '2021-06-26 06:36:54', '2021-06-26 06:46:16', 0),
(899, 2, 1, 899, 1, 899, 1, 1, '57-7828', NULL, 'Free', '2021-06-26 12:37:46', '2021-06-26 13:01:27', '1', 0.000, 0.000, 106, 1, NULL, 106, 106, '2021-06-26 06:37:46', '2021-06-26 07:01:28', 0),
(900, 2, 1, 900, 8, 900, 8, 1, '15-5135', NULL, 'Free', '2021-06-26 12:38:30', '2021-06-26 12:52:03', '1', 0.000, 0.000, 106, 1, NULL, 106, 106, '2021-06-26 06:38:30', '2021-06-26 06:52:04', 0),
(901, 1, 1, 901, 6, 901, 4, 1, '17-2697', '01712296657', 'Paid', '2021-06-26 12:53:28', '2021-06-24 09:44:33', NULL, 0.000, 0.000, NULL, 1, NULL, 106, NULL, '2021-06-26 06:53:28', '2021-06-26 06:53:28', 0),
(902, 2, 1, 902, 2, 902, 7, 1, '66-2821', '01735381920', 'Free', '2021-06-26 13:03:06', '2021-06-24 09:44:33', NULL, 0.000, 0.000, NULL, 1, NULL, 106, NULL, '2021-06-26 07:03:06', '2021-06-26 07:03:06', 0),
(903, 1, 1, 903, 6, 903, 1, 1, '32-0918', NULL, 'Paid', '2021-06-26 13:04:36', '2021-06-24 09:44:33', NULL, 0.000, 0.000, NULL, 1, NULL, 106, NULL, '2021-06-26 07:04:36', '2021-06-26 07:04:36', 0),
(904, 2, 1, 904, 1, 904, 1, 1, '14-3633', NULL, 'Free', '2021-06-26 13:05:34', '2021-06-26 14:56:50', '2', 0.000, 0.000, 106, 1, NULL, 106, 106, '2021-06-26 07:05:34', '2021-06-26 08:56:52', 0),
(905, 1, 1, 905, 6, 905, 7, 1, '11-0029', NULL, 'Paid', '2021-06-26 13:09:36', '2021-06-26 14:02:46', '1', 60.000, 0.000, 106, 1, NULL, 106, 106, '2021-06-26 07:09:36', '2021-06-26 08:02:51', 0),
(906, 2, 1, 906, 1, 906, 1, 1, '35-7480', NULL, 'Free', '2021-06-26 13:18:02', '2021-06-26 14:22:54', '2', 0.000, 0.000, 106, 1, NULL, 106, 106, '2021-06-26 07:18:02', '2021-06-26 08:22:57', 0),
(907, 1, 1, 907, 1, 907, 1, 1, '34-5567', '01708800777', 'Free', '2021-06-26 13:54:00', '2021-06-24 09:44:33', NULL, 0.000, 0.000, NULL, 1, NULL, 106, NULL, '2021-06-26 07:54:00', '2021-06-26 07:54:00', 0),
(908, 2, 1, 908, 9, 908, 7, 1, '22-3435', '01769501582', 'Free', '2021-06-26 14:00:21', '2021-06-24 09:44:33', NULL, 0.000, 0.000, NULL, 1, NULL, 106, NULL, '2021-06-26 08:00:21', '2021-06-26 08:00:21', 0),
(909, 1, 1, 909, 1, 909, 1, 1, '35-2172', NULL, 'Free', '2021-06-26 14:07:05', '2021-06-24 09:44:33', NULL, 0.000, 0.000, NULL, 1, NULL, 106, NULL, '2021-06-26 08:07:05', '2021-06-26 08:07:05', 0),
(910, 1, 1, 910, 1, 910, 1, 1, '29-4891', NULL, 'Free', '2021-06-26 14:08:48', '2021-06-26 14:15:39', '1', 0.000, 0.000, 106, 1, NULL, 106, 106, '2021-06-26 08:08:48', '2021-06-26 08:15:41', 0),
(911, 1, 1, 911, 1, 911, 5, 1, '56-2320', NULL, 'Free', '2021-06-26 14:10:38', '2021-06-24 09:44:33', NULL, 0.000, 0.000, NULL, 1, NULL, 106, NULL, '2021-06-26 08:10:38', '2021-06-26 08:10:38', 0),
(912, 1, 1, 912, 1, 912, 1, 1, '35-8318', '01755648455', 'Free', '2021-06-26 14:11:27', '2021-06-24 09:44:33', NULL, 0.000, 0.000, NULL, 1, NULL, 106, NULL, '2021-06-26 08:11:27', '2021-06-26 08:11:27', 0),
(913, 1, 1, 913, 1, 913, 1, 1, '22-0701', NULL, 'Free', '2021-06-26 14:13:45', '2021-06-24 09:44:33', NULL, 0.000, 0.000, NULL, 1, NULL, 106, NULL, '2021-06-26 08:13:45', '2021-06-26 08:13:45', 0),
(914, 1, 1, 914, 1, 914, 1, 1, '27-4981', NULL, 'Free', '2021-06-26 14:56:02', '2021-06-26 15:15:38', '1', 0.000, 0.000, 106, 1, NULL, 106, 106, '2021-06-26 08:56:02', '2021-06-26 09:15:39', 0),
(915, 1, 1, 915, 3, 915, 1, 1, '45-0711', NULL, 'Paid', '2021-06-26 15:01:00', '2021-06-26 15:36:48', '1', 60.000, 0.000, 106, 1, NULL, 106, 106, '2021-06-26 09:01:00', '2021-06-26 09:36:50', 0),
(916, 1, 1, 916, 6, 916, 1, 1, '12-7303', '01944530813', 'Paid', '2021-06-26 15:29:16', '2021-06-24 09:44:33', NULL, 0.000, 0.000, NULL, 1, NULL, 106, NULL, '2021-06-26 09:29:16', '2021-06-26 09:29:16', 0),
(917, 1, 1, 917, 7, 917, 1, 2, '34-3430', NULL, 'Free', '2021-06-26 15:35:05', '2021-06-24 09:44:33', NULL, 0.000, 0.000, NULL, 1, NULL, 106, NULL, '2021-06-26 09:35:05', '2021-06-26 09:35:05', 0),
(918, 1, 1, 918, 3, 918, 1, 1, '13-4941', NULL, 'Paid', '2021-06-27 10:27:05', '2021-06-27 11:25:19', '1', 60.000, 0.000, 106, 1, NULL, 106, 106, '2021-06-27 04:27:05', '2021-06-27 05:25:21', 0),
(919, 1, 1, 919, 7, 919, 1, 1, '34-8329', '01980001500', 'Free', '2021-06-27 10:50:48', '2021-06-24 09:44:33', NULL, 0.000, 0.000, NULL, 1, NULL, 106, NULL, '2021-06-27 04:50:48', '2021-06-27 04:50:48', 0),
(920, 2, 1, 920, 3, 920, 1, 1, '27-2353', NULL, 'Paid', '2021-06-27 11:27:34', '2021-06-27 12:24:51', '1', 25.000, 0.000, 106, 1, NULL, 106, 106, '2021-06-27 05:27:34', '2021-06-27 06:24:52', 0),
(921, 1, 1, 921, 3, 921, 1, 1, '36-0265', NULL, 'Paid', '2021-06-27 11:28:29', '2021-06-27 12:08:26', '1', 60.000, 0.000, 106, 1, NULL, 106, 106, '2021-06-27 05:28:29', '2021-06-27 06:08:28', 0),
(922, 1, 1, 922, 3, 922, 1, 1, '17-2327', NULL, 'Paid', '2021-06-27 11:32:24', '2021-06-27 12:00:11', '1', 60.000, 0.000, 106, 1, NULL, 106, 106, '2021-06-27 05:32:24', '2021-06-27 06:00:13', 0),
(923, 2, 1, 923, 3, 923, 8, 1, '32-6947', NULL, 'Paid', '2021-06-27 12:12:55', '2021-06-27 12:53:11', '1', 25.000, 0.000, 106, 1, NULL, 106, 106, '2021-06-27 06:12:55', '2021-06-27 06:53:13', 0),
(924, 2, 1, 924, 3, 924, 1, 1, '20-2250', NULL, 'Paid', '2021-06-27 12:55:25', '2021-06-27 15:45:38', '3', 65.000, 0.000, 106, 1, NULL, 106, 106, '2021-06-27 06:55:25', '2021-06-27 09:45:39', 0),
(925, 2, 1, 925, 3, 925, 1, 1, '28-7982', NULL, 'Paid', '2021-06-27 12:56:41', '2021-06-27 14:10:44', '2', 45.000, 0.000, 106, 1, NULL, 106, 106, '2021-06-27 06:56:41', '2021-06-27 08:10:45', 0),
(926, 2, 1, 926, 3, 926, 1, 1, '00-000', '01730792174', 'Paid', '2021-06-27 13:09:04', '2021-06-27 14:50:38', '2', 45.000, 0.000, 106, 1, NULL, 106, 106, '2021-06-27 07:09:04', '2021-06-27 08:50:42', 0),
(927, 2, 1, 927, 3, 927, 8, 1, '47-4038', NULL, 'Paid', '2021-06-27 14:54:06', '2021-06-27 15:10:35', '1', 25.000, 0.000, 106, 1, NULL, 106, 106, '2021-06-27 08:54:06', '2021-06-27 09:10:36', 0),
(928, 1, 1, 928, 3, 928, 1, 1, '42-7260', NULL, 'Paid', '2021-06-27 14:59:20', '2021-06-27 16:29:43', '2', 90.000, 0.000, 106, 1, NULL, 106, 106, '2021-06-27 08:59:20', '2021-06-27 10:29:45', 0),
(929, 1, 1, 929, 3, 929, 1, 1, '45-4751', NULL, 'Paid', '2021-06-27 15:40:01', '2021-06-27 16:31:11', '1', 60.000, 0.000, 106, 1, NULL, 106, 106, '2021-06-27 09:40:01', '2021-06-27 10:31:12', 0),
(930, 1, 1, 930, 3, 930, 4, 1, '15-1060', NULL, 'Paid', '2021-06-27 16:00:21', '2021-06-27 17:05:57', '2', 90.000, 0.000, 106, 1, NULL, 106, 106, '2021-06-27 10:00:21', '2021-06-27 11:05:58', 0),
(931, 1, 1, 931, 3, 931, 3, 1, '12-2001', NULL, 'Paid', '2021-06-27 16:32:01', '2021-06-27 18:34:31', '3', 120.000, 0.000, 106, 1, NULL, 106, 106, '2021-06-27 10:32:01', '2021-06-27 12:34:35', 0),
(932, 1, 1, 932, 3, 932, 1, 1, '26-1224', NULL, 'Paid', '2021-06-27 17:01:28', '2021-06-27 19:58:50', '3', 120.000, 0.000, 106, 1, NULL, 106, 106, '2021-06-27 11:01:28', '2021-06-27 13:58:53', 0),
(933, 1, 1, 933, 3, 933, 1, 1, '42-2469', NULL, 'Paid', '2021-06-27 17:20:22', '2021-06-27 18:10:37', '1', 60.000, 0.000, 106, 1, NULL, 106, 106, '2021-06-27 11:20:22', '2021-06-27 12:10:38', 0),
(934, 1, 1, 934, 3, 934, 1, 1, '27-1157', NULL, 'Paid', '2021-06-27 17:42:26', '2021-06-27 20:21:12', '3', 120.000, 0.000, 106, 1, NULL, 106, 106, '2021-06-27 11:42:26', '2021-06-27 14:21:13', 0),
(935, 2, 1, 935, 3, 935, 8, 1, '38-2800', NULL, 'Paid', '2021-06-27 18:23:10', '2021-06-27 19:52:16', '2', 45.000, 0.000, 106, 1, NULL, 106, 106, '2021-06-27 12:23:10', '2021-06-27 13:52:18', 0),
(936, 2, 1, 936, 3, 936, 8, 1, '56-5542', NULL, 'Paid', '2021-06-27 18:43:04', '2021-06-27 19:47:46', '2', 45.000, 0.000, 106, 1, NULL, 106, 106, '2021-06-27 12:43:04', '2021-06-27 13:47:48', 0),
(937, 2, 1, 937, 3, 937, 8, 1, '34-3445', NULL, 'Paid', '2021-06-27 19:09:53', '2021-06-27 20:09:49', '1', 25.000, 0.000, 106, 1, NULL, 106, 106, '2021-06-27 13:09:53', '2021-06-27 14:09:50', 0),
(938, 2, 1, 938, 3, 938, 8, 1, '11-2114', NULL, 'Paid', '2021-06-27 20:07:45', '2021-06-27 21:13:00', '2', 45.000, 0.000, 106, 1, NULL, 106, 106, '2021-06-27 14:07:45', '2021-06-27 15:13:02', 0),
(939, 2, 1, 939, 3, 939, 8, 1, '37-8354', NULL, 'Paid', '2021-06-27 20:46:42', '2021-06-27 21:52:42', '2', 45.000, 0.000, 106, 1, NULL, 106, 106, '2021-06-27 14:46:42', '2021-06-27 15:52:44', 0),
(940, 1, 1, 940, 3, 940, 1, 1, '21-5053', NULL, 'Paid', '2021-06-27 21:42:50', '2021-06-27 22:24:20', '1', 60.000, 0.000, 106, 1, NULL, 106, 106, '2021-06-27 15:42:50', '2021-06-27 16:24:57', 0),
(941, 1, 1, 941, 3, 941, 4, 1, '11-0419', NULL, 'Paid', '2021-06-27 22:28:19', '2021-06-27 23:02:10', '1', 60.000, 0.000, 106, 1, NULL, 106, 106, '2021-06-27 16:28:19', '2021-06-27 17:02:12', 0),
(942, 1, 1, 942, 3, 942, 1, 1, '42-6787', NULL, 'Paid', '2021-06-27 22:29:11', '2021-06-27 23:01:57', '1', 60.000, 0.000, 106, 1, NULL, 106, 106, '2021-06-27 16:29:11', '2021-06-27 17:02:01', 0),
(943, 1, 1, 943, 1, 943, 5, 1, '53-2936', NULL, 'Free', '2021-06-28 00:23:17', '2021-06-28 06:46:15', '7', 0.000, 0.000, 106, 1, NULL, 106, 106, '2021-06-27 18:23:17', '2021-06-28 00:46:22', 0),
(944, 1, 1, 944, 1, 944, 4, 1, '39-1326', NULL, 'Free', '2021-06-28 08:14:12', '2021-06-28 09:59:50', '2', 0.000, 0.000, 106, 1, NULL, 106, 106, '2021-06-28 02:14:12', '2021-06-28 03:59:51', 0),
(945, 1, 1, 945, 1, 945, 1, 1, '17-3479', '01713178896', 'Free', '2021-06-28 08:27:18', NULL, NULL, 0.000, 0.000, NULL, 1, NULL, 106, NULL, '2021-06-28 02:27:18', '2021-06-28 02:27:18', 0),
(946, 2, 1, 946, 1, 946, 7, 1, '11-5134', '01769501537', 'Free', '2021-06-28 08:27:31', '2021-06-28 10:00:49', '2', 0.000, 0.000, 106, 1, NULL, 106, 106, '2021-06-28 02:27:31', '2021-06-28 04:00:51', 0),
(947, 1, 1, 947, 1, 947, 1, 1, '25-4646', NULL, 'Free', '2021-06-28 08:27:50', '2021-06-28 09:08:29', '1', 0.000, 0.000, 106, 1, NULL, 106, 106, '2021-06-28 02:27:50', '2021-06-28 03:08:31', 0),
(948, 1, 1, 948, 1, 948, 1, 1, '33-5212', NULL, 'Free', '2021-06-28 08:28:18', NULL, NULL, 0.000, 0.000, NULL, 1, NULL, 106, NULL, '2021-06-28 02:28:18', '2021-06-28 02:28:18', 0),
(949, 1, 1, 949, 7, 949, 1, 1, '39-1961', '01312835768', 'Free', '2021-06-28 08:30:47', '2021-06-28 10:07:41', '2', 0.000, 0.000, 106, 1, NULL, 106, 106, '2021-06-28 02:30:47', '2021-06-28 04:07:42', 0),
(950, 2, 1, 950, 1, 950, 8, 2, '18-6735', '01313709244', 'Free', '2021-06-28 08:32:32', '2021-06-28 15:11:08', '7', 0.000, 0.000, 106, 1, NULL, 106, 106, '2021-06-28 02:32:32', '2021-06-28 09:11:09', 0),
(951, 1, 1, 951, 1, 951, 5, 1, '53-2183', NULL, 'Free', '2021-06-28 08:34:47', '2021-06-28 10:06:34', '2', 0.000, 0.000, 106, 1, NULL, 106, 106, '2021-06-28 02:34:47', '2021-06-28 04:06:35', 0),
(952, 2, 1, 952, 7, 952, 8, 1, '46-7080', NULL, 'Free', '2021-06-28 08:35:55', '2021-06-28 18:46:24', '11', 0.000, 0.000, 106, 1, NULL, 106, 106, '2021-06-28 02:35:55', '2021-06-28 12:46:26', 0),
(953, 2, 1, 953, 1, 953, 8, 1, '35-3099', '01769501544', 'Free', '2021-06-28 08:38:51', '2021-06-28 12:22:23', '4', 0.000, 0.000, 106, 1, NULL, 106, 106, '2021-06-28 02:38:51', '2021-06-28 06:22:24', 0),
(954, 1, 1, 954, 1, 954, 5, 1, '53-4463', NULL, 'Free', '2021-06-28 08:39:50', '2021-06-28 09:37:38', '1', 0.000, 0.000, 106, 1, NULL, 106, 106, '2021-06-28 02:39:50', '2021-06-28 03:37:39', 0),
(955, 2, 1, 955, 1, 955, 7, 1, '12-5647', NULL, 'Free', '2021-06-28 08:42:03', '2021-06-28 17:41:42', '9', 0.000, 0.000, 106, 1, NULL, 106, 106, '2021-06-28 02:42:03', '2021-06-28 11:41:43', 0),
(956, 2, 1, 956, 1, 956, 8, 1, '38-4492', NULL, 'Free', '2021-06-28 08:43:17', '2021-06-28 20:31:02', '12', 0.000, 0.000, 106, 1, NULL, 106, 106, '2021-06-28 02:43:17', '2021-06-28 14:31:03', 0),
(957, 2, 1, 957, 1, 957, 7, 1, '27-0394', '01769501543', 'Free', '2021-06-28 08:43:53', '2021-06-28 17:10:56', '9', 0.000, 0.000, 106, 1, NULL, 106, 106, '2021-06-28 02:43:53', '2021-06-28 11:10:57', 0),
(958, 1, 1, 958, 1, 958, 1, 1, '34-5247', '01769501607', 'Free', '2021-06-28 08:49:12', '2021-06-28 09:57:23', '2', 0.000, 0.000, 106, 1, NULL, 106, 106, '2021-06-28 02:49:12', '2021-06-28 03:57:25', 0),
(959, 2, 1, 959, 1, 959, 7, 1, '56-6447', '01769501521', 'Free', '2021-06-28 08:50:14', '2021-06-28 17:54:40', '10', 0.000, 0.000, 106, 1, NULL, 106, 106, '2021-06-28 02:50:14', '2021-06-28 11:54:43', 0),
(960, 2, 1, 960, 1, 960, 7, 1, '50-8922', '01708800819', 'Free', '2021-06-28 08:50:32', '2021-06-28 17:15:22', '9', 0.000, 0.000, 106, 1, NULL, 106, 106, '2021-06-28 02:50:32', '2021-06-28 11:15:23', 0),
(961, 2, 1, 961, 9, 961, 8, 1, '34-4661', '01708800826', 'Free', '2021-06-28 08:51:51', '2021-06-28 19:18:58', '11', 0.000, 0.000, 106, 1, NULL, 106, 106, '2021-06-28 02:51:51', '2021-06-28 13:19:00', 0),
(962, 1, 1, 962, 1, 962, 1, 1, '29-4891', NULL, 'Free', '2021-06-28 08:52:04', '2021-06-28 09:51:03', '1', 0.000, 0.000, 106, 1, NULL, 106, 106, '2021-06-28 02:52:04', '2021-06-28 03:51:04', 0),
(963, 1, 1, 963, 1, 963, 1, 1, '27-8972', NULL, 'Free', '2021-06-28 08:53:13', '2021-06-28 12:28:00', '4', 0.000, 0.000, 106, 1, NULL, 106, 106, '2021-06-28 02:53:13', '2021-06-28 06:28:41', 0),
(964, 1, 1, 964, 7, 964, 5, 1, '51-1483', NULL, 'Free', '2021-06-28 08:54:01', '2021-06-28 18:19:20', '10', 0.000, 0.000, 106, 1, NULL, 106, 106, '2021-06-28 02:54:01', '2021-06-28 12:19:21', 0),
(965, 1, 1, 965, 6, 965, 4, 1, '17-2697', '01712296657', 'Free', '2021-06-28 08:54:49', '2021-06-28 11:17:10', '3', 0.000, 0.000, 106, 1, NULL, 106, 106, '2021-06-28 02:54:49', '2021-06-28 05:17:12', 0),
(966, 1, 1, 966, 1, 966, 5, 1, '53-1030', NULL, 'Free', '2021-06-28 08:54:59', '2021-06-28 09:38:22', '1', 0.000, 0.000, 106, 1, NULL, 106, 106, '2021-06-28 02:54:59', '2021-06-28 03:38:23', 0),
(967, 1, 1, 967, 9, 967, 1, 1, '29-1735', '01708800866', 'Free', '2021-06-28 08:55:56', '2021-06-28 20:03:33', '12', 0.000, 0.000, 106, 1, NULL, 106, 106, '2021-06-28 02:55:56', '2021-06-28 14:03:34', 0),
(968, 2, 1, 968, 9, 968, 8, 1, '11-1892', '01769949262', 'Free', '2021-06-28 08:56:10', '2021-06-28 18:25:15', '10', 0.000, 0.000, 106, 1, NULL, 106, 106, '2021-06-28 02:56:10', '2021-06-28 12:25:25', 0),
(969, 2, 1, 969, 1, 969, 7, 1, '34-0574', '01769501570', 'Free', '2021-06-28 08:57:19', '2021-06-28 17:24:16', '9', 0.000, 0.000, 106, 1, NULL, 106, 106, '2021-06-28 02:57:19', '2021-06-28 11:24:18', 0),
(970, 2, 1, 970, 1, 970, 8, 1, '38-8674', '01708800969', 'Free', '2021-06-28 08:57:59', '2021-06-28 17:41:53', '9', 0.000, 0.000, 106, 1, NULL, 106, 106, '2021-06-28 02:57:59', '2021-06-28 11:41:54', 0),
(971, 1, 1, 971, 1, 971, 5, 1, '56-2320', NULL, 'Free', '2021-06-28 08:59:21', '2021-06-28 09:44:20', '1', 0.000, 0.000, 106, 1, NULL, 106, 106, '2021-06-28 02:59:21', '2021-06-28 03:44:21', 0),
(972, 2, 1, 972, 2, 972, 7, 1, '66-2821', '01735381920', 'Free', '2021-06-28 09:00:23', '2021-06-29 08:22:11', '24', 0.000, 0.000, 106, 1, NULL, 106, 106, '2021-06-28 03:00:23', '2021-06-29 02:22:12', 0),
(973, 2, 1, 973, 9, 973, 8, 1, '59-9859', '01851308761', 'Free', '2021-06-28 09:01:10', '2021-06-28 15:12:16', '7', 0.000, 0.000, 106, 1, NULL, 106, 106, '2021-06-28 03:01:10', '2021-06-28 09:12:17', 0),
(974, 2, 1, 974, 1, 974, 7, 1, '58-6612', '01711288261', 'Free', '2021-06-28 09:02:42', NULL, NULL, 0.000, 0.000, NULL, 1, NULL, 106, NULL, '2021-06-28 03:02:42', '2021-06-28 03:02:42', 0),
(975, 2, 1, 975, 2, 975, 8, 1, '50-9064', '01717691113', 'Free', '2021-06-28 09:03:49', '2021-06-28 14:27:58', '6', 0.000, 0.000, 106, 1, NULL, 106, 106, '2021-06-28 03:03:49', '2021-06-28 08:27:59', 0),
(976, 2, 1, 976, 9, 976, 8, 1, '58-3693', '01712996998', 'Free', '2021-06-28 09:05:36', '2021-06-28 18:57:28', '10', 0.000, 0.000, 106, 1, NULL, 106, 106, '2021-06-28 03:05:36', '2021-06-28 12:57:29', 0),
(977, 1, 1, 977, 2, 977, 1, 1, '45-2385', '01716435270', 'Free', '2021-06-28 09:06:34', '2021-06-28 20:51:49', '12', 0.000, 0.000, 106, 1, NULL, 106, 106, '2021-06-28 03:06:34', '2021-06-28 14:51:50', 0),
(978, 1, 1, 978, 1, 978, 1, 1, '22-0701', NULL, 'Free', '2021-06-28 09:08:04', '2021-06-28 09:48:04', '1', 0.000, 0.000, 106, 1, NULL, 106, 106, '2021-06-28 03:08:04', '2021-06-28 03:48:06', 0),
(979, 1, 1, 979, 1, 979, 1, 1, '25-4646', NULL, 'Free', '2021-06-28 09:08:40', '2021-06-28 14:27:19', '6', 0.000, 0.000, 106, 1, NULL, 106, 106, '2021-06-28 03:08:40', '2021-06-28 08:27:20', 0),
(980, 1, 1, 980, 1, 980, 1, 1, '31-6792', NULL, 'Free', '2021-06-28 09:09:53', '2021-06-28 15:18:02', '7', 0.000, 0.000, 106, 1, NULL, 106, 106, '2021-06-28 03:09:53', '2021-06-28 09:18:03', 0),
(981, 2, 1, 981, 7, 981, 8, 1, '51-6375', '01980001509', 'Free', '2021-06-28 09:10:36', '2021-06-28 18:13:04', '10', 0.000, 0.000, 106, 1, NULL, 106, 106, '2021-06-28 03:10:36', '2021-06-28 12:13:07', 0),
(982, 2, 1, 982, 1, 982, 7, 1, '64-9304', '01708800825', 'Free', '2021-06-28 09:10:46', '2021-06-28 14:12:23', '6', 0.000, 0.000, 106, 1, NULL, 106, 106, '2021-06-28 03:10:46', '2021-06-28 08:12:25', 0),
(983, 1, 1, 983, 6, 983, 1, 1, '28-3499', NULL, 'Free', '2021-06-28 09:11:30', '2021-06-28 09:39:05', '1', 0.000, 0.000, 106, 1, NULL, 106, 106, '2021-06-28 03:11:30', '2021-06-28 03:39:07', 0),
(984, 2, 1, 984, 9, 984, 7, 1, '24-7161', '01769501422', 'Free', '2021-06-28 09:15:53', '2021-06-28 18:09:16', '9', 0.000, 0.000, 106, 1, NULL, 106, 106, '2021-06-28 03:15:53', '2021-06-28 12:09:18', 0),
(985, 1, 1, 985, 6, 985, 5, 1, '19-0881', NULL, 'Free', '2021-06-28 09:16:34', '2021-06-28 11:29:41', '3', 0.000, 0.000, 106, 1, NULL, 106, 106, '2021-06-28 03:16:34', '2021-06-28 05:29:43', 0),
(986, 1, 1, 986, 1, 986, 1, 1, '12-3616', '01769501556', 'Free', '2021-06-28 09:17:15', '2021-06-28 18:09:34', '9', 0.000, 0.000, 106, 1, NULL, 106, 106, '2021-06-28 03:17:15', '2021-06-28 12:09:36', 0),
(987, 1, 1, 987, 2, 987, 1, 1, '22-3275', '01715593455', 'Free', '2021-06-28 09:18:43', '2021-06-28 19:34:36', '11', 0.000, 0.000, 106, 1, NULL, 106, 106, '2021-06-28 03:18:43', '2021-06-28 13:34:37', 0),
(988, 1, 1, 988, 1, 988, 1, 1, '34-9447', '01708800978', 'Free', '2021-06-28 09:22:42', '2021-06-28 17:41:23', '9', 0.000, 0.000, 106, 1, NULL, 106, 106, '2021-06-28 03:22:42', '2021-06-28 11:41:24', 0),
(989, 1, 1, 989, 2, 989, 1, 1, '23-2886', '01719367310', 'Free', '2021-06-28 09:24:33', '2021-06-28 19:47:01', '11', 0.000, 0.000, 106, 1, NULL, 106, 106, '2021-06-28 03:24:33', '2021-06-28 13:47:02', 0),
(990, 2, 1, 990, 6, 990, 7, 1, '53-9820', '01713205313', 'Free', '2021-06-28 09:26:50', NULL, NULL, 0.000, 0.000, NULL, 1, NULL, 106, NULL, '2021-06-28 03:26:50', '2021-06-28 03:26:50', 0),
(991, 2, 1, 991, 2, 991, 7, 1, '66-1731', '01926662432', 'Free', '2021-06-28 09:30:38', '2021-06-28 14:23:46', '5', 0.000, 0.000, 106, 1, NULL, 106, 106, '2021-06-28 03:30:38', '2021-06-28 08:23:50', 0),
(992, 1, 1, 992, 8, 992, 1, 1, '32-5015', '01711417777', 'Free', '2021-06-28 09:32:24', '2021-06-28 20:46:55', '12', 0.000, 0.000, 106, 1, NULL, 106, 106, '2021-06-28 03:32:24', '2021-06-28 14:47:51', 0),
(993, 1, 1, 993, 6, 993, 4, 1, '18-4167', NULL, 'Free', '2021-06-28 09:34:10', '2021-06-28 19:04:17', '10', 0.000, 0.000, 106, 1, NULL, 106, 106, '2021-06-28 03:34:10', '2021-06-28 13:04:19', 0),
(994, 2, 1, 994, 1, 994, 7, 1, '42-3880', '01769501412', 'Free', '2021-06-28 09:35:03', '2021-06-28 19:19:44', '10', 0.000, 0.000, 106, 1, NULL, 106, 106, '2021-06-28 03:35:03', '2021-06-28 13:19:45', 0),
(995, 2, 1, 995, 8, 995, 7, 1, '24-9904', '0173776522', 'Free', '2021-06-28 09:37:00', '2021-06-29 08:22:32', '23', 0.000, 0.000, 106, 1, NULL, 106, 106, '2021-06-28 03:37:00', '2021-06-29 02:22:33', 0),
(996, 2, 1, 996, 8, 996, 8, 1, '47-5481', '01725732242', 'Free', '2021-06-28 09:37:26', '2021-06-29 08:22:37', '23', 0.000, 0.000, 106, 1, NULL, 106, 106, '2021-06-28 03:37:26', '2021-06-29 02:22:38', 0),
(997, 1, 1, 997, 8, 997, 1, 1, '21-3112', NULL, 'Free', '2021-06-28 09:38:08', '2021-06-28 09:43:45', '1', 0.000, 0.000, 106, 1, NULL, 106, 106, '2021-06-28 03:38:08', '2021-06-28 03:43:47', 0),
(998, 2, 1, 998, 2, 998, 8, 1, '39-6753', '01877323077', 'Free', '2021-06-28 09:38:53', '2021-06-28 18:52:50', '10', 0.000, 0.000, 106, 1, NULL, 106, 106, '2021-06-28 03:38:53', '2021-06-28 12:52:51', 0),
(999, 2, 1, 999, 8, 999, 8, 1, '31-3309', '01711139405', 'Free', '2021-06-28 09:44:38', '2021-06-28 19:44:55', '11', 0.000, 0.000, 106, 1, NULL, 106, 106, '2021-06-28 03:44:38', '2021-06-28 13:44:56', 0),
(1000, 2, 1, 1000, 9, 1000, 8, 1, '51-7584', '01708800788', 'Free', '2021-06-28 09:45:58', '2021-06-29 09:02:40', '24', 0.000, 0.000, 106, 1, NULL, 106, 106, '2021-06-28 03:45:58', '2021-06-29 03:02:41', 0),
(1001, 2, 1, 1001, 2, 1001, 8, 1, '46-8088', '01716102783', 'Free', '2021-06-28 09:46:44', '2021-06-28 10:45:11', '1', 0.000, 0.000, 106, 1, NULL, 106, 106, '2021-06-28 03:46:44', '2021-06-28 04:45:12', 0),
(1002, 1, 1, 1002, 1, 1002, 5, 1, '53-5352', NULL, 'Free', '2021-06-28 09:48:35', '2021-06-28 10:07:12', '1', 0.000, 0.000, 106, 1, NULL, 106, 106, '2021-06-28 03:48:35', '2021-06-28 04:07:13', 0),
(1003, 2, 1, 1003, 2, 1003, 8, 1, '43-3695', '01977452707', 'Free', '2021-06-28 09:49:45', '2021-06-28 19:13:39', '10', 0.000, 0.000, 106, 1, NULL, 106, 106, '2021-06-28 03:49:45', '2021-06-28 13:13:40', 0),
(1004, 2, 1, 1004, 3, 1004, 8, 1, '52-3388', NULL, 'Paid', '2021-06-28 09:54:14', '2021-06-28 11:20:28', '2', 45.000, 0.000, 106, 1, NULL, 106, 106, '2021-06-28 03:54:14', '2021-06-28 05:21:07', 0),
(1005, 2, 1, 1005, 8, 1005, 8, 1, '11-2437', NULL, 'Free', '2021-06-28 09:55:29', '2021-06-28 10:49:54', '1', 0.000, 0.000, 106, 1, NULL, 106, 106, '2021-06-28 03:55:29', '2021-06-28 04:49:55', 0),
(1006, 1, 1, 1006, 8, 1006, 1, 1, '34-3230', '01819214867', 'Free', '2021-06-28 09:58:23', '2021-06-28 19:31:57', '10', 0.000, 0.000, 106, 1, NULL, 106, 106, '2021-06-28 03:58:23', '2021-06-28 13:31:58', 0),
(1007, 2, 1, 1007, 8, 1007, 7, 1, '36-1810', '01712568137', 'Free', '2021-06-28 10:02:03', '2021-06-28 15:26:55', '6', 0.000, 0.000, 106, 1, NULL, 106, 106, '2021-06-28 04:02:03', '2021-06-28 09:26:56', 0),
(1008, 1, 1, 1008, 2, 1008, 5, 1, '11-7927', NULL, 'Free', '2021-06-28 10:02:44', '2021-06-28 10:06:27', '1', 0.000, 0.000, 106, 1, NULL, 106, 106, '2021-06-28 04:02:44', '2021-06-28 04:06:28', 0),
(1009, 1, 1, 1009, 8, 1009, 8, 1, '34-7737', NULL, 'Free', '2021-06-28 10:04:07', '2021-06-29 08:22:42', '23', 0.000, 0.000, 106, 1, NULL, 106, 106, '2021-06-28 04:04:07', '2021-06-29 02:22:43', 0);
INSERT INTO `daily_parkings` (`id`, `vehicle_type_id`, `station_id`, `token_number`, `tenant_id`, `station_parking_id`, `code_id`, `area_id`, `vehicle_number`, `mobile_number`, `payment_status`, `clock_in`, `clock_out`, `total_time`, `payable_amount`, `paid_amount`, `collection_by`, `status`, `deleted_at`, `added_by`, `updated_by`, `created_at`, `updated_at`, `sync_status`) VALUES
(1010, 2, 1, 1010, 1, 1010, 8, 1, '29-1810', '01715025359', 'Free', '2021-06-28 10:04:49', '2021-06-28 18:01:31', '8', 0.000, 0.000, 106, 1, NULL, 106, 106, '2021-06-28 04:04:49', '2021-06-28 12:01:34', 0),
(1011, 2, 1, 1011, 8, 1011, 8, 1, '20-6504', NULL, 'Free', '2021-06-28 10:05:31', '2021-06-29 08:22:47', '23', 0.000, 0.000, 106, 1, NULL, 106, 106, '2021-06-28 04:05:31', '2021-06-29 02:22:48', 0),
(1012, 1, 1, 1012, 1, 1012, 5, 1, '53-4463', NULL, 'Free', '2021-06-28 10:08:56', '2021-06-28 12:02:53', '2', 0.000, 0.000, 106, 1, NULL, 106, 106, '2021-06-28 04:08:56', '2021-06-28 06:02:55', 0),
(1013, 1, 1, 1013, 1, 1013, 5, 1, '53-1030', NULL, 'Free', '2021-06-28 10:12:52', '2021-06-28 12:13:51', '3', 0.000, 0.000, 106, 1, NULL, 106, 106, '2021-06-28 04:12:52', '2021-06-28 06:14:02', 0),
(1014, 2, 1, 1014, 2, 1014, 8, 1, '47-6343', NULL, 'Free', '2021-06-28 10:15:39', '2021-06-28 10:25:50', '1', 0.000, 0.000, 106, 1, NULL, 106, 106, '2021-06-28 04:15:39', '2021-06-28 04:25:51', 0),
(1015, 1, 1, 1015, 1, 1015, 5, 1, '53-2183', NULL, 'Free', '2021-06-28 10:16:41', '2021-06-28 10:39:42', '1', 0.000, 0.000, 106, 1, NULL, 106, 106, '2021-06-28 04:16:41', '2021-06-28 04:39:43', 0),
(1016, 1, 1, 1016, 1, 1016, 1, 1, '22-0701', NULL, 'Free', '2021-06-28 10:18:19', '2021-06-28 10:54:12', '1', 0.000, 0.000, 106, 1, NULL, 106, 106, '2021-06-28 04:18:19', '2021-06-28 04:54:13', 0),
(1017, 2, 1, 1017, 1, 1017, 8, 1, '11-2605', '01708800782', 'Free', '2021-06-28 10:21:49', '2021-06-28 17:08:14', '7', 0.000, 0.000, 106, 1, NULL, 106, 106, '2021-06-28 04:21:49', '2021-06-28 11:08:15', 0),
(1018, 1, 1, 1018, 1, 1018, 1, 1, '29-4891', NULL, 'Free', '2021-06-28 10:25:06', '2021-06-28 11:39:26', '2', 0.000, 0.000, 106, 1, NULL, 106, 106, '2021-06-28 04:25:06', '2021-06-28 05:39:27', 0),
(1019, 1, 1, 1019, 2, 1019, 1, 1, '32-0283', '01715557409', 'Free', '2021-06-28 10:29:42', '2021-06-28 19:02:58', '9', 0.000, 0.000, 106, 1, NULL, 106, 106, '2021-06-28 04:29:42', '2021-06-28 13:03:00', 0),
(1020, 1, 1, 1020, 7, 1020, 5, 1, '11-6948', '01911955980', 'Free', '2021-06-28 10:31:38', '2021-06-28 18:03:13', '8', 0.000, 0.000, 106, 1, NULL, 106, 106, '2021-06-28 04:31:38', '2021-06-28 12:03:16', 0),
(1021, 2, 1, 1021, 9, 1021, 7, 1, '24-4152', '01775827127', 'Free', '2021-06-28 10:40:08', '2021-06-28 18:55:05', '9', 0.000, 0.000, 106, 1, NULL, 106, 106, '2021-06-28 04:40:08', '2021-06-28 12:55:06', 0),
(1022, 1, 1, 1022, 1, 1022, 10, 1, '11-2231', NULL, 'Free', '2021-06-28 10:40:20', NULL, NULL, 0.000, 0.000, NULL, 1, NULL, 106, NULL, '2021-06-28 04:40:20', '2021-06-28 04:40:20', 0),
(1023, 1, 1, 1023, 8, 1023, 1, 1, '32-4581', NULL, 'Free', '2021-06-28 10:42:00', '2021-06-28 10:56:54', '1', 0.000, 0.000, 106, 1, NULL, 106, 106, '2021-06-28 04:42:00', '2021-06-28 04:56:56', 0),
(1024, 1, 1, 1024, 3, 1024, 4, 1, '17-0363', NULL, 'Paid', '2021-06-28 10:45:58', '2021-06-28 11:15:50', '1', 60.000, 0.000, 106, 1, NULL, 106, 106, '2021-06-28 04:45:58', '2021-06-28 05:15:51', 0),
(1025, 1, 1, 1025, 8, 1025, 1, 1, '31-9034', NULL, 'Free', '2021-06-28 10:46:54', '2021-06-28 12:39:40', '2', 0.000, 0.000, 106, 1, NULL, 106, 106, '2021-06-28 04:46:54', '2021-06-28 06:39:41', 0),
(1026, 2, 1, 1026, 1, 1026, 7, 1, '33-6832', NULL, 'Free', '2021-06-28 10:47:26', '2021-06-28 11:17:04', '1', 0.000, 0.000, 106, 1, NULL, 106, 106, '2021-06-28 04:47:26', '2021-06-28 05:17:05', 0),
(1027, 1, 1, 1027, 1, 1027, 1, 1, '25-4645', NULL, 'Free', '2021-06-28 10:47:55', '2021-06-28 12:12:14', '2', 0.000, 0.000, 106, 1, NULL, 106, 106, '2021-06-28 04:47:55', '2021-06-28 06:12:15', 0),
(1028, 2, 1, 1028, 2, 1028, 7, 1, '45-9316', NULL, 'Free', '2021-06-28 10:49:27', '2021-06-28 11:20:18', '1', 0.000, 0.000, 106, 1, NULL, 106, 106, '2021-06-28 04:49:27', '2021-06-28 05:20:19', 0),
(1029, 1, 1, 1029, 1, 1029, 1, 1, '31-8086', NULL, 'Free', '2021-06-28 10:50:16', '2021-06-28 12:15:51', '2', 0.000, 0.000, 106, 1, NULL, 106, 106, '2021-06-28 04:50:16', '2021-06-28 06:15:53', 0),
(1030, 1, 1, 1030, 8, 1030, 2, 1, '11-3985', NULL, 'Free', '2021-06-28 10:54:41', '2021-06-28 10:59:45', '1', 0.000, 0.000, 106, 1, NULL, 106, 106, '2021-06-28 04:54:41', '2021-06-28 04:59:46', 0),
(1031, 1, 1, 1031, 8, 1031, 1, 1, '27-0832', NULL, 'Free', '2021-06-28 10:55:16', '2021-06-28 11:24:14', '1', 0.000, 0.000, 106, 1, NULL, 106, 106, '2021-06-28 04:55:16', '2021-06-28 05:24:16', 0),
(1032, 1, 1, 1032, 8, 1032, 1, 1, '32-7844', NULL, 'Free', '2021-06-28 10:57:18', '2021-06-28 12:22:33', '2', 0.000, 0.000, 106, 1, NULL, 106, 106, '2021-06-28 04:57:18', '2021-06-28 06:22:34', 0),
(1033, 1, 1, 1033, 8, 1033, 4, 1, '12-9668', NULL, 'Free', '2021-06-28 11:00:34', '2021-06-28 11:29:06', '1', 0.000, 0.000, 106, 1, NULL, 106, 106, '2021-06-28 05:00:34', '2021-06-28 05:29:07', 0),
(1034, 2, 1, 1034, 1, 1034, 7, 1, '36-3909', NULL, 'Free', '2021-06-28 11:04:06', '2021-06-28 11:40:52', '1', 0.000, 0.000, 106, 1, NULL, 106, 106, '2021-06-28 05:04:06', '2021-06-28 05:40:53', 0),
(1035, 1, 1, 1035, 8, 1035, 1, 1, '23-5335', NULL, 'Free', '2021-06-28 11:17:25', '2021-06-28 11:56:36', '1', 0.000, 0.000, 106, 1, NULL, 106, 106, '2021-06-28 05:17:25', '2021-06-28 05:56:37', 0),
(1036, 2, 1, 1036, 9, 1036, 7, 1, '56-7637', NULL, 'Free', '2021-06-28 11:22:06', '2021-06-28 18:57:02', '8', 0.000, 0.000, 106, 1, NULL, 106, 106, '2021-06-28 05:22:06', '2021-06-28 12:57:04', 0),
(1037, 2, 1, 1037, 2, 1037, 8, 1, '46-8088', '01716102783', 'Free', '2021-06-28 11:24:23', '2021-06-28 19:24:57', '9', 0.000, 0.000, 106, 1, NULL, 106, 106, '2021-06-28 05:24:23', '2021-06-28 13:24:58', 0),
(1038, 1, 1, 1038, 8, 1038, 1, 1, '33-8446', NULL, 'Free', '2021-06-28 11:25:08', '2021-06-28 12:04:41', '1', 0.000, 0.000, 106, 1, NULL, 106, 106, '2021-06-28 05:25:08', '2021-06-28 06:04:43', 0),
(1039, 1, 1, 1039, 8, 1039, 1, 1, '42-1461', '01713015978', 'Free', '2021-06-28 11:29:52', '2021-06-28 14:34:07', '4', 0.000, 0.000, 106, 1, NULL, 106, 106, '2021-06-28 05:29:52', '2021-06-28 08:34:09', 0),
(1040, 2, 1, 1040, 1, 1040, 7, 1, '59-4761', NULL, 'Free', '2021-06-28 11:35:14', '2021-06-28 12:28:48', '1', 0.000, 0.000, 106, 1, NULL, 106, 106, '2021-06-28 05:35:14', '2021-06-28 06:28:50', 0),
(1041, 1, 1, 1041, 7, 1041, 1, 1, '34-8329', '01980001500', 'Free', '2021-06-28 11:37:57', '2021-06-28 19:19:34', '8', 0.000, 0.000, 106, 1, NULL, 106, 106, '2021-06-28 05:37:57', '2021-06-28 13:19:35', 0),
(1042, 1, 1, 1042, 1, 1042, 1, 1, '34-6248', NULL, 'Free', '2021-06-28 11:39:09', '2021-06-28 18:20:27', '7', 0.000, 0.000, 106, 1, NULL, 106, 106, '2021-06-28 05:39:09', '2021-06-28 12:20:28', 0),
(1043, 2, 1, 1043, 3, 1043, 8, 1, '39-1915', NULL, 'Paid', '2021-06-28 11:43:55', '2021-06-28 12:06:43', '1', 25.000, 0.000, 106, 1, NULL, 106, 106, '2021-06-28 05:43:55', '2021-06-28 06:06:46', 0),
(1044, 1, 1, 1044, 6, 1044, 5, 1, '19-0881', NULL, 'Free', '2021-06-28 11:47:39', '2021-06-28 12:02:30', '1', 0.000, 0.000, 106, 1, NULL, 106, 106, '2021-06-28 05:47:39', '2021-06-28 06:02:32', 0),
(1045, 2, 1, 1045, 3, 1045, 7, 1, '12-9799', NULL, 'Paid', '2021-06-28 11:51:38', '2021-06-28 12:03:40', '1', 25.000, 0.000, 106, 1, NULL, 106, 106, '2021-06-28 05:51:38', '2021-06-28 06:03:42', 0),
(1046, 1, 1, 1046, 1, 1046, 1, 1, '45-1477', NULL, 'Free', '2021-06-28 11:57:07', '2021-06-28 13:24:41', '2', 0.000, 0.000, 106, 1, NULL, 106, 106, '2021-06-28 05:57:07', '2021-06-28 07:24:44', 0),
(1047, 1, 1, 1047, 8, 1047, 4, 1, '18-1439', NULL, 'Free', '2021-06-28 12:01:00', '2021-06-28 13:35:40', '2', 0.000, 0.000, 106, 1, NULL, 106, 106, '2021-06-28 06:01:00', '2021-06-28 07:35:42', 0),
(1048, 1, 1, 1048, 1, 1048, 3, 1, '14-5314', NULL, 'Free', '2021-06-28 12:02:10', '2021-06-28 12:56:03', '1', 0.000, 0.000, 106, 1, NULL, 106, 106, '2021-06-28 06:02:10', '2021-06-28 06:56:09', 0),
(1049, 1, 1, 1049, 1, 1049, 5, 1, '56-2320', NULL, 'Free', '2021-06-28 12:07:48', '2021-06-28 14:43:10', '3', 0.000, 0.000, 106, 1, NULL, 106, 106, '2021-06-28 06:07:48', '2021-06-28 08:43:12', 0),
(1050, 2, 1, 1050, 1, 1050, 8, 1, '15-3630', NULL, 'Free', '2021-06-28 12:10:58', '2021-06-28 12:39:49', '1', 0.000, 0.000, 106, 1, NULL, 106, 106, '2021-06-28 06:10:58', '2021-06-28 06:39:50', 0),
(1051, 2, 1, 1051, 3, 1051, 8, 1, '51-1985', NULL, 'Paid', '2021-06-28 12:17:17', '2021-06-28 12:18:22', '1', 25.000, 0.000, 106, 1, NULL, 106, 106, '2021-06-28 06:17:17', '2021-06-28 06:18:24', 0),
(1052, 2, 1, 1052, 2, 1052, 8, 1, '52-2109', '0170831495', 'Free', '2021-06-28 12:20:15', '2021-06-28 19:23:30', '8', 0.000, 0.000, 106, 1, NULL, 106, 106, '2021-06-28 06:20:15', '2021-06-28 13:23:31', 0),
(1053, 1, 1, 1053, 1, 1053, 1, 1, '27-4981', NULL, 'Free', '2021-06-28 12:20:36', '2021-06-28 12:32:44', '1', 0.000, 0.000, 106, 1, NULL, 106, 106, '2021-06-28 06:20:36', '2021-06-28 06:32:45', 0),
(1054, 1, 1, 1054, 7, 1054, 1, 1, '34-3430', NULL, 'Free', '2021-06-28 12:23:56', '2021-06-28 14:51:33', '3', 0.000, 0.000, 106, 1, NULL, 106, 106, '2021-06-28 06:23:56', '2021-06-28 08:51:35', 0),
(1055, 2, 1, 1055, 8, 1055, 8, 1, '51-7328', NULL, 'Free', '2021-06-28 12:29:58', '2021-06-28 13:03:35', '1', 0.000, 0.000, 106, 1, NULL, 106, 106, '2021-06-28 06:29:58', '2021-06-28 07:03:36', 0),
(1056, 2, 1, 1056, 1, 1056, 7, 1, '26-4145', NULL, 'Free', '2021-06-28 12:45:58', NULL, NULL, 0.000, 0.000, NULL, 1, NULL, 106, NULL, '2021-06-28 06:45:58', '2021-06-28 06:45:58', 0),
(1057, 1, 1, 1057, 7, 1057, 7, 1, '54-2806', NULL, 'Free', '2021-06-28 12:50:28', '2021-06-28 19:19:53', '7', 0.000, 0.000, 106, 1, NULL, 106, 106, '2021-06-28 06:50:28', '2021-06-28 13:19:54', 0),
(1058, 2, 1, 1058, 8, 1058, 8, 1, '53-1254', NULL, 'Free', '2021-06-28 12:52:16', '2021-06-28 13:37:15', '1', 0.000, 0.000, 106, 1, NULL, 106, 106, '2021-06-28 06:52:16', '2021-06-28 07:37:16', 0),
(1059, 1, 1, 1059, 1, 1059, 1, 1, '31-8166', NULL, 'Free', '2021-06-28 12:53:01', '2021-06-28 13:11:58', '1', 0.000, 0.000, 106, 1, NULL, 106, 106, '2021-06-28 06:53:01', '2021-06-28 07:11:59', 0),
(1060, 1, 1, 1060, 1, 1060, 5, 1, '53-1030', NULL, 'Free', '2021-06-28 13:09:09', '2021-06-28 15:11:46', '3', 0.000, 0.000, 106, 1, NULL, 106, 106, '2021-06-28 07:09:09', '2021-06-28 09:11:47', 0),
(1061, 1, 1, 1061, 1, 1061, 1, 1, '31-8086', NULL, 'Free', '2021-06-28 13:12:45', '2021-06-28 13:20:19', '1', 0.000, 0.000, 106, 1, NULL, 106, 106, '2021-06-28 07:12:45', '2021-06-28 07:20:27', 0),
(1062, 2, 1, 1062, 9, 1062, 7, 1, '32-8166', NULL, 'Free', '2021-06-28 13:21:25', NULL, NULL, 0.000, 0.000, NULL, 1, NULL, 106, NULL, '2021-06-28 07:21:25', '2021-06-28 07:21:25', 0),
(1063, 2, 1, 1063, 8, 1063, 8, 1, '44-5698', NULL, 'Free', '2021-06-28 13:22:35', '2021-06-28 14:43:00', '2', 0.000, 0.000, 106, 1, NULL, 106, 106, '2021-06-28 07:22:35', '2021-06-28 08:43:01', 0),
(1064, 1, 1, 1064, 8, 1064, 1, 1, '19-8475', NULL, 'Free', '2021-06-28 13:29:10', '2021-06-28 14:56:43', '2', 0.000, 0.000, 106, 1, NULL, 106, 106, '2021-06-28 07:29:10', '2021-06-28 08:56:44', 0),
(1065, 2, 1, 1065, 8, 1065, 7, 1, '51-3515', NULL, 'Free', '2021-06-28 13:30:23', '2021-06-28 20:15:31', '7', 0.000, 0.000, 106, 1, NULL, 106, 106, '2021-06-28 07:30:23', '2021-06-28 14:15:32', 0),
(1066, 1, 1, 1066, 8, 1066, 1, 1, '27-1620', NULL, 'Free', '2021-06-28 13:30:52', '2021-06-28 20:15:31', '7', 0.000, 0.000, 106, 1, NULL, 106, NULL, '2021-06-28 07:30:52', '2021-06-28 07:30:52', 0),
(1067, 2, 1, 1067, 1, 1067, 8, 1, '31-7937', NULL, 'Free', '2021-06-28 13:34:18', '2021-06-28 14:09:44', '1', 0.000, 0.000, 106, 1, NULL, 106, 106, '2021-06-28 07:34:18', '2021-06-28 08:09:45', 0),
(1068, 1, 1, 1068, 1, 1068, 5, 1, '53-2183', NULL, 'Free', '2021-06-28 13:39:50', '2021-06-28 17:36:07', '4', 0.000, 0.000, 106, 1, NULL, 106, 106, '2021-06-28 07:39:50', '2021-06-28 11:36:08', 0),
(1069, 1, 1, 1069, 6, 1069, 1, 1, '28-3499', NULL, 'Free', '2021-06-28 13:43:42', '2021-06-28 16:56:44', '4', 0.000, 0.000, 106, 1, NULL, 106, 106, '2021-06-28 07:43:42', '2021-06-28 10:56:46', 0),
(1070, 2, 1, 1070, 7, 1070, 7, 1, '65-5078', NULL, 'Free', '2021-06-28 13:48:33', '2021-06-28 14:43:36', '1', 0.000, 0.000, 106, 1, NULL, 106, 106, '2021-06-28 07:48:33', '2021-06-28 08:43:38', 0),
(1071, 1, 1, 1071, 8, 1071, 1, 1, '25-0355', NULL, 'Free', '2021-06-28 13:49:11', '2021-06-28 14:31:47', '1', 0.000, 0.000, 106, 1, NULL, 106, 106, '2021-06-28 07:49:11', '2021-06-28 08:31:48', 0),
(1072, 1, 1, 1072, 8, 1072, 1, 1, '32-1996', NULL, 'Free', '2021-06-28 13:51:53', '2021-06-28 14:14:49', '1', 0.000, 0.000, 106, 1, NULL, 106, 106, '2021-06-28 07:51:53', '2021-06-28 08:14:50', 0),
(1073, 1, 1, 1073, 1, 1073, 4, 1, '39-1326', NULL, 'Free', '2021-06-28 13:53:33', '2021-06-28 17:43:29', '4', 0.000, 0.000, 106, 1, NULL, 106, 106, '2021-06-28 07:53:33', '2021-06-28 11:43:31', 0),
(1074, 1, 1, 1074, 1, 1074, 1, 1, '22-0701', NULL, 'Free', '2021-06-28 13:54:01', '2021-06-28 15:27:39', '2', 0.000, 0.000, 106, 1, NULL, 106, 106, '2021-06-28 07:54:01', '2021-06-28 09:27:40', 0),
(1075, 1, 1, 1075, 6, 1075, 4, 1, '17-2697', '01712296657', 'Free', '2021-06-28 13:57:26', '2021-06-28 15:25:10', '2', 0.000, 0.000, 106, 1, NULL, 106, 106, '2021-06-28 07:57:26', '2021-06-28 09:25:11', 0),
(1076, 2, 1, 1076, 8, 1076, 8, 1, '38-9978', NULL, 'Free', '2021-06-28 14:09:24', '2021-06-28 15:51:50', '2', 0.000, 0.000, 106, 1, NULL, 106, 106, '2021-06-28 08:09:24', '2021-06-28 09:51:52', 0),
(1077, 2, 1, 1077, 1, 1077, 7, 1, '42-0678', '01769501421', 'Free', '2021-06-28 14:19:40', '2021-06-28 14:20:02', '1', 0.000, 0.000, 106, 1, NULL, 106, 106, '2021-06-28 08:19:40', '2021-06-28 08:20:03', 0),
(1078, 1, 1, 1078, 1, 1078, 1, 1, '25-4645', NULL, 'Free', '2021-06-28 14:20:15', NULL, NULL, 0.000, 0.000, NULL, 1, NULL, 106, NULL, '2021-06-28 08:20:15', '2021-06-28 08:20:15', 0),
(1079, 1, 1, 1079, 1, 1079, 1, 1, '31-8166', NULL, 'Free', '2021-06-28 14:20:28', '2021-06-28 17:55:23', '4', 0.000, 0.000, 106, 1, NULL, 106, 106, '2021-06-28 08:20:28', '2021-06-28 11:55:24', 0),
(1080, 2, 1, 1080, 1, 1080, 8, 1, '35-3099', '01769501544', 'Free', '2021-06-28 14:28:32', NULL, NULL, 0.000, 0.000, NULL, 1, NULL, 106, NULL, '2021-06-28 08:28:32', '2021-06-28 08:28:32', 0),
(1081, 1, 1, 1081, 1, 1081, 1, 1, '31-8086', NULL, 'Free', '2021-06-28 14:29:34', '2021-06-28 15:46:23', '2', 0.000, 0.000, 106, 1, NULL, 106, 106, '2021-06-28 08:29:34', '2021-06-28 09:46:24', 0),
(1082, 2, 1, 1082, 1, 1082, 7, 1, '57-7828', NULL, 'Free', '2021-06-28 14:42:48', '2021-06-28 15:10:59', '1', 0.000, 0.000, 106, 1, NULL, 106, 106, '2021-06-28 08:42:48', '2021-06-28 09:11:00', 0),
(1083, 2, 1, 1083, 2, 1083, 7, 1, '58-6387', NULL, 'Free', '2021-06-28 14:45:32', '2021-06-28 15:25:51', '1', 0.000, 0.000, 106, 1, NULL, 106, 106, '2021-06-28 08:45:32', '2021-06-28 09:25:53', 0),
(1084, 1, 1, 1084, 8, 1084, 1, 1, '39-9942', NULL, 'Free', '2021-06-28 14:51:15', '2021-06-28 15:04:09', '1', 0.000, 0.000, 106, 1, NULL, 106, 106, '2021-06-28 08:51:15', '2021-06-28 09:04:10', 0),
(1085, 1, 1, 1085, 8, 1085, 4, 1, '13-4655', NULL, 'Free', '2021-06-28 14:58:02', '2021-06-28 15:26:00', '1', 0.000, 0.000, 106, 1, NULL, 106, 106, '2021-06-28 08:58:02', '2021-06-28 09:26:02', 0),
(1086, 1, 1, 1086, 8, 1086, 1, 1, '29-0974', NULL, 'Free', '2021-06-28 15:01:11', '2021-06-28 15:12:58', '1', 0.000, 0.000, 106, 1, NULL, 106, 106, '2021-06-28 09:01:11', '2021-06-28 09:12:59', 0),
(1087, 2, 1, 1087, 2, 1087, 7, 1, '66-1731', '01926662432', 'Free', '2021-06-28 15:12:27', '2021-06-28 19:05:11', '4', 0.000, 0.000, 106, 1, NULL, 106, 106, '2021-06-28 09:12:27', '2021-06-28 13:05:12', 0),
(1088, 1, 1, 1088, 1, 1088, 1, 1, '25-4646', NULL, 'Free', '2021-06-28 15:22:15', '2021-06-28 17:25:41', '3', 0.000, 0.000, 106, 1, NULL, 106, 106, '2021-06-28 09:22:15', '2021-06-28 11:25:42', 0),
(1089, 1, 1, 1089, 1, 1089, 4, 1, '15-8390', '01713000757', 'Free', '2021-06-28 15:23:15', NULL, NULL, 0.000, 0.000, NULL, 1, NULL, 106, NULL, '2021-06-28 09:23:15', '2021-06-28 09:23:15', 0),
(1090, 1, 1, 1090, 1, 1090, 1, 1, '27-8972', NULL, 'Free', '2021-06-28 15:32:26', '2021-06-28 18:15:28', '3', 0.000, 0.000, 106, 1, NULL, 106, 106, '2021-06-28 09:32:26', '2021-06-28 12:15:29', 0),
(1091, 1, 1, 1091, 1, 1091, 1, 1, '45-7501', NULL, 'Free', '2021-06-28 15:35:11', '2021-06-28 16:39:42', '2', 0.000, 0.000, 106, 1, NULL, 106, 106, '2021-06-28 09:35:11', '2021-06-28 10:39:43', 0),
(1092, 1, 1, 1092, 1, 1092, 1, 1, '29-4891', NULL, 'Free', '2021-06-28 15:40:22', '2021-06-28 17:49:16', '3', 0.000, 0.000, 106, 1, NULL, 106, 106, '2021-06-28 09:40:22', '2021-06-28 11:49:18', 0),
(1093, 1, 1, 1093, 1, 1093, 3, 1, '11-4260', '01711082159', 'Free', '2021-06-28 15:43:53', '2021-06-28 19:03:11', '4', 0.000, 0.000, 106, 1, NULL, 106, 106, '2021-06-28 09:43:53', '2021-06-28 13:03:14', 0),
(1094, 2, 1, 1094, 3, 1094, 7, 1, '6949', NULL, 'Paid', '2021-06-28 15:47:48', '2021-06-28 16:47:13', '1', 25.000, 0.000, 106, 1, NULL, 106, 106, '2021-06-28 09:47:48', '2021-06-28 10:47:14', 0),
(1095, 1, 1, 1095, 1, 1095, 5, 1, '53-1030', NULL, 'Free', '2021-06-28 15:52:24', NULL, NULL, 0.000, 0.000, NULL, 1, NULL, 106, NULL, '2021-06-28 09:52:24', '2021-06-28 09:52:24', 0),
(1096, 1, 1, 1096, 3, 1096, 1, 1, '17-7060', NULL, 'Paid', '2021-06-28 15:58:25', '2021-06-28 17:31:38', '2', 90.000, 0.000, 106, 1, NULL, 106, 106, '2021-06-28 09:58:25', '2021-06-28 11:31:39', 0),
(1097, 1, 1, 1097, 1, 1097, 1, 1, '39-6916', '01769501510', 'Free', '2021-06-28 16:00:18', NULL, NULL, 0.000, 0.000, NULL, 1, NULL, 106, NULL, '2021-06-28 10:00:18', '2021-06-28 10:00:18', 0),
(1098, 1, 1, 1098, 1, 1098, 1, 1, '31-8086', NULL, 'Free', '2021-06-28 16:07:06', '2021-06-28 17:15:32', '2', 0.000, 0.000, 106, 1, NULL, 106, 106, '2021-06-28 10:07:06', '2021-06-28 11:15:33', 0),
(1099, 1, 1, 1099, 9, 1099, 1, 1, '42-8376', NULL, 'Free', '2021-06-28 16:09:30', '2021-06-28 18:08:36', '2', 0.000, 0.000, 106, 1, NULL, 106, 106, '2021-06-28 10:09:30', '2021-06-28 12:08:42', 0),
(1100, 2, 1, 1100, 1, 1100, 8, 2, '18-6735', '01313709244', 'Free', '2021-06-28 16:29:34', '2021-06-28 17:42:34', '2', 0.000, 0.000, 106, 1, NULL, 106, 106, '2021-06-28 10:29:34', '2021-06-28 11:42:35', 0),
(1101, 2, 1, 1101, 3, 1101, 7, 1, '31-7408', NULL, 'Paid', '2021-06-28 16:50:35', '2021-06-28 17:07:35', '1', 25.000, 0.000, 106, 1, NULL, 106, 106, '2021-06-28 10:50:35', '2021-06-28 11:07:37', 0),
(1102, 2, 1, 1102, 8, 1102, 7, 1, '24-9904', '0173776522', 'Free', '2021-06-28 16:51:35', '2021-06-28 19:08:17', '3', 0.000, 0.000, 106, 1, NULL, 106, 106, '2021-06-28 10:51:35', '2021-06-28 13:08:18', 0),
(1103, 1, 1, 1103, 1, 1103, 5, 1, '56-3808', NULL, 'Free', '2021-06-28 16:54:56', '2021-06-28 17:44:05', '1', 0.000, 0.000, 106, 1, NULL, 106, 106, '2021-06-28 10:54:56', '2021-06-28 11:44:06', 0),
(1104, 1, 1, 1104, 1, 1104, 1, 1, '22-0701', NULL, 'Free', '2021-06-28 16:55:29', '2021-06-28 17:18:27', '1', 0.000, 0.000, 106, 1, NULL, 106, 106, '2021-06-28 10:55:29', '2021-06-28 11:18:28', 0),
(1105, 1, 1, 1105, 1, 1105, 4, 1, '17-0201', NULL, 'Free', '2021-06-28 16:56:14', NULL, NULL, 0.000, 0.000, NULL, 1, NULL, 106, NULL, '2021-06-28 10:56:14', '2021-06-28 10:56:14', 0),
(1106, 2, 1, 1106, 8, 1106, 7, 6, '15-5135', NULL, 'Free', '2021-06-28 17:03:42', '2021-06-28 19:33:46', '3', 0.000, 0.000, 106, 1, NULL, 106, 106, '2021-06-28 11:03:42', '2021-06-28 13:33:47', 0),
(1107, 1, 1, 1107, 1, 1107, 1, 1, '34-5567', '01708800777', 'Free', '2021-06-28 17:03:56', '2021-06-28 18:23:54', '2', 0.000, 0.000, 106, 1, NULL, 106, 106, '2021-06-28 11:03:56', '2021-06-28 12:23:55', 0),
(1108, 1, 1, 1108, 8, 1108, 1, 1, '26-0720', '01717593177', 'Free', '2021-06-28 17:14:28', '2021-06-28 19:01:17', '2', 0.000, 0.000, 106, 1, NULL, 106, 106, '2021-06-28 11:14:28', '2021-06-28 13:01:18', 0),
(1109, 1, 1, 1109, 6, 1109, 5, 1, '19-0881', NULL, 'Free', '2021-06-28 17:18:51', '2021-06-28 17:57:18', '1', 0.000, 0.000, 106, 1, NULL, 106, 106, '2021-06-28 11:18:51', '2021-06-28 11:57:28', 0),
(1110, 1, 1, 1110, 6, 1110, 1, 1, '38-3499', NULL, 'Free', '2021-06-28 17:26:50', '2021-06-28 17:55:05', '1', 0.000, 0.000, 106, 1, NULL, 106, 106, '2021-06-28 11:26:50', '2021-06-28 11:55:06', 0),
(1111, 1, 1, 1111, 1, 1111, 9, 1, '13-4511', NULL, 'Free', '2021-06-28 17:32:48', '2021-06-29 08:22:00', '15', 0.000, 0.000, 106, 1, NULL, 106, 106, '2021-06-28 11:32:48', '2021-06-29 02:22:01', 0),
(1112, 1, 1, 1112, 6, 1112, 4, 1, '17-2697', '01712296657', 'Free', '2021-06-28 17:35:18', '2021-06-28 18:28:50', '1', 0.000, 0.000, 106, 1, NULL, 106, 106, '2021-06-28 11:35:18', '2021-06-28 12:28:51', 0),
(1113, 1, 1, 1113, 1, 1113, 1, 1, '34-5247', '01769501607', 'Free', '2021-06-28 17:35:31', '2021-06-28 17:52:53', '1', 0.000, 0.000, 106, 1, NULL, 106, 106, '2021-06-28 11:35:31', '2021-06-28 11:52:54', 0),
(1114, 2, 1, 1114, 3, 1114, 8, 1, '37-9423', NULL, 'Paid', '2021-06-28 17:39:56', '2021-06-28 17:42:10', '1', 25.000, 0.000, 106, 1, NULL, 106, 106, '2021-06-28 11:39:56', '2021-06-28 11:42:13', 0),
(1115, 1, 1, 1115, 3, 1115, 1, 1, '17-7060', NULL, 'Paid', '2021-06-28 17:43:48', '2021-06-28 18:47:09', '2', 90.000, 0.000, 106, 1, NULL, 106, 106, '2021-06-28 11:43:48', '2021-06-28 12:47:11', 0),
(1116, 1, 1, 1116, 6, 1116, 1, 1, '12-7303', '01944530813', 'Free', '2021-06-28 17:51:33', '2021-06-28 17:52:27', '1', 0.000, 0.000, 106, 1, NULL, 106, 106, '2021-06-28 11:51:33', '2021-06-28 11:52:29', 0),
(1117, 1, 1, 1117, 6, 1117, 1, 1, '12-7303', '01944530813', 'Paid', '2021-06-28 17:52:10', '2021-06-28 18:26:47', '1', 60.000, 0.000, 106, 1, NULL, 106, 106, '2021-06-28 11:52:10', '2021-06-28 12:26:55', 0),
(1118, 1, 1, 1118, 1, 1118, 1, 1, '56-8166', NULL, 'Free', '2021-06-28 17:54:28', '2021-06-29 07:33:30', '14', 0.000, 0.000, 106, 1, NULL, 106, 106, '2021-06-28 11:54:28', '2021-06-29 01:33:32', 0),
(1119, 1, 1, 1119, 3, 1119, 1, 1, '36-2025', NULL, 'Paid', '2021-06-28 17:58:45', '2021-06-28 20:53:38', '3', 120.000, 0.000, 106, 1, NULL, 106, 106, '2021-06-28 11:58:45', '2021-06-28 14:53:40', 0),
(1120, 1, 1, 1120, 3, 1120, 4, 1, '18-9034', NULL, 'Paid', '2021-06-28 17:59:57', '2021-06-28 18:17:10', '1', 60.000, 0.000, 106, 1, NULL, 106, 106, '2021-06-28 11:59:57', '2021-06-28 12:17:12', 0),
(1121, 1, 1, 1121, 1, 1121, 4, 1, '39-1326', NULL, 'Free', '2021-06-28 18:09:01', '2021-06-29 05:16:01', '12', 0.000, 0.000, 106, 1, NULL, 106, 106, '2021-06-28 12:09:01', '2021-06-28 23:16:03', 0),
(1122, 1, 1, 1122, 8, 1122, 1, 1, '36-1955', NULL, 'Free', '2021-06-28 18:36:32', '2021-06-28 19:26:38', '1', 0.000, 0.000, 106, 1, NULL, 106, 106, '2021-06-28 12:36:32', '2021-06-28 13:26:39', 0),
(1123, 1, 1, 1123, 1, 1123, 1, 1, '33-5212', NULL, 'Free', '2021-06-28 18:53:32', '2021-06-29 07:16:47', '13', 0.000, 0.000, 106, 1, NULL, 106, 106, '2021-06-28 12:53:32', '2021-06-29 01:16:48', 0),
(1124, 1, 1, 1124, 7, 1124, 1, 1, '34-3430', NULL, 'Free', '2021-06-28 18:54:30', '2021-06-29 09:13:09', '15', 0.000, 0.000, 106, 1, NULL, 106, 106, '2021-06-28 12:54:30', '2021-06-29 03:13:10', 0),
(1125, 1, 1, 1125, 1, 1125, 5, 1, '53-2183', NULL, 'Free', '2021-06-28 19:00:32', '2021-06-29 05:13:21', '11', 0.000, 0.000, 106, 1, NULL, 106, 106, '2021-06-28 13:00:32', '2021-06-28 23:13:23', 0),
(1126, 1, 1, 1126, 1, 1126, 1, 1, '27-8972', NULL, 'Free', '2021-06-28 19:06:47', '2021-06-29 07:02:10', '12', 0.000, 0.000, 106, 1, NULL, 106, 106, '2021-06-28 13:06:47', '2021-06-29 01:02:14', 0),
(1127, 1, 1, 1127, 3, 1127, 4, 1, '17-5014', NULL, 'Paid', '2021-06-28 19:07:24', '2021-06-28 19:26:22', '1', 60.000, 0.000, 106, 1, NULL, 106, 106, '2021-06-28 13:07:24', '2021-06-28 13:26:23', 0),
(1128, 1, 1, 1128, 1, 1128, 1, 1, '29-4891', NULL, 'Free', '2021-06-28 19:31:18', NULL, NULL, 0.000, 0.000, NULL, 1, NULL, 106, NULL, '2021-06-28 13:31:18', '2021-06-28 13:31:18', 0),
(1129, 1, 1, 1129, 3, 1129, 4, 1, '13-8763', NULL, 'Paid', '2021-06-28 19:33:24', '2021-06-28 19:35:33', '1', 60.000, 0.000, 106, 1, NULL, 106, 106, '2021-06-28 13:33:24', '2021-06-28 13:35:37', 0),
(1130, 1, 1, 1130, 1, 1130, 5, 1, '53-4463', NULL, 'Free', '2021-06-28 20:07:07', '2021-06-29 06:15:10', '11', 0.000, 0.000, 106, 1, NULL, 106, 106, '2021-06-28 14:07:07', '2021-06-29 00:15:13', 0),
(1131, 1, 1, 1131, 1, 1131, 1, 1, '25-4646', NULL, 'Free', '2021-06-28 20:31:38', '2021-06-28 21:45:53', '2', 0.000, 0.000, 106, 1, NULL, 106, 106, '2021-06-28 14:31:38', '2021-06-28 15:45:54', 0),
(1132, 1, 1, 1132, 1, 1132, 1, 1, '31-8086', NULL, 'Free', '2021-06-28 21:15:52', '2021-06-29 06:25:59', '10', 0.000, 0.000, 106, 1, NULL, 106, 106, '2021-06-28 15:15:52', '2021-06-29 00:26:04', 0),
(1133, 1, 1, 1133, 1, 1133, 4, 1, '39-1326', NULL, 'Free', '2021-06-29 05:46:17', '2021-06-29 07:33:47', '2', 0.000, 0.000, 106, 1, NULL, 106, 106, '2021-06-28 23:46:17', '2021-06-29 01:33:49', 0),
(1134, 1, 1, 1134, 1, 1134, 1, 1, '22-0701', NULL, 'Free', '2021-06-29 06:03:31', '2021-06-29 08:35:15', '3', 0.000, 0.000, 106, 1, NULL, 106, 106, '2021-06-29 00:03:31', '2021-06-29 02:35:17', 0),
(1135, 1, 1, 1135, 1, 1135, 1, 1, '27-8972', NULL, 'Free', '2021-06-29 07:58:31', '2021-06-29 08:31:59', '1', 0.000, 0.000, 106, 1, NULL, 106, 106, '2021-06-29 01:58:31', '2021-06-29 02:32:01', 0),
(1136, 2, 1, 1136, 9, 1136, 8, 1, '54-2806', NULL, 'Free', '2021-06-29 08:11:51', '2021-06-29 08:24:51', '1', 0.000, 0.000, 106, 1, NULL, 106, 106, '2021-06-29 02:11:51', '2021-06-29 02:24:53', 0),
(1137, 2, 1, 1137, 9, 1137, 7, 1, '22-3435', '01769501582', 'Free', '2021-06-29 08:15:07', NULL, NULL, 0.000, 0.000, NULL, 1, NULL, 106, NULL, '2021-06-29 02:15:07', '2021-06-29 02:15:07', 0),
(1138, 2, 1, 1138, 9, 1138, 8, 1, '20-8808', '01769501620', 'Free', '2021-06-29 08:18:02', NULL, NULL, 0.000, 0.000, NULL, 1, NULL, 106, NULL, '2021-06-29 02:18:02', '2021-06-29 02:18:02', 0),
(1139, 2, 1, 1139, 9, 1139, 8, 1, '54-2806', NULL, 'Free', '2021-06-29 08:26:01', NULL, NULL, 0.000, 0.000, NULL, 1, NULL, 106, NULL, '2021-06-29 02:26:01', '2021-06-29 02:26:01', 0),
(1140, 2, 1, 1140, 9, 1140, 8, 1, '34-4661', '01708800826', 'Free', '2021-06-29 08:28:04', NULL, NULL, 0.000, 0.000, NULL, 1, NULL, 106, NULL, '2021-06-29 02:28:04', '2021-06-29 02:28:04', 0),
(1141, 1, 1, 1141, 7, 1141, 1, 1, '39-1961', '01312835768', 'Free', '2021-06-29 08:31:44', '2021-06-29 09:12:14', '1', 0.000, 0.000, 106, 1, NULL, 106, 106, '2021-06-29 02:31:44', '2021-06-29 03:12:16', 0),
(1142, 2, 1, 1142, 1, 1142, 7, 5, '11-5134', '01769501537', 'Free', '2021-06-29 08:36:45', NULL, NULL, 0.000, 0.000, NULL, 1, NULL, 106, NULL, '2021-06-29 02:36:45', '2021-06-29 02:36:45', 0),
(1143, 2, 1, 1143, 8, 1143, 7, 4, '14-8287', NULL, 'Free', '2021-06-29 08:44:56', NULL, NULL, 0.000, 0.000, NULL, 1, NULL, 106, NULL, '2021-06-29 02:44:56', '2021-06-29 02:44:56', 0),
(1144, 1, 1, 1144, 1, 1144, 4, 1, '39-1326', NULL, 'Free', '2021-06-29 08:45:15', NULL, NULL, 0.000, 0.000, NULL, 1, NULL, 106, NULL, '2021-06-29 02:45:15', '2021-06-29 02:45:15', 0),
(1145, 1, 1, 1145, 1, 1145, 1, 1, '39-6916', '01769501510', 'Free', '2021-06-29 08:45:40', NULL, NULL, 0.000, 0.000, NULL, 1, NULL, 106, NULL, '2021-06-29 02:45:40', '2021-06-29 02:45:40', 0),
(1146, 1, 1, 1146, 1, 1146, 1, 1, '17-3479', '01713178896', 'Free', '2021-06-29 08:48:28', NULL, NULL, 0.000, 0.000, NULL, 1, NULL, 106, NULL, '2021-06-29 02:48:28', '2021-06-29 02:48:28', 0),
(1147, 1, 1, 1147, 1, 1147, 5, 1, '53-4463', NULL, 'Free', '2021-06-29 08:49:19', NULL, NULL, 0.000, 0.000, NULL, 1, NULL, 106, NULL, '2021-06-29 02:49:19', '2021-06-29 02:49:19', 0),
(1148, 1, 1, 1148, 1, 1148, 5, 1, '53-2183', NULL, 'Free', '2021-06-29 08:49:47', NULL, NULL, 0.000, 0.000, NULL, 1, NULL, 106, NULL, '2021-06-29 02:49:47', '2021-06-29 02:49:47', 0),
(1149, 2, 1, 1149, 1, 1149, 8, 2, '18-6735', '01313709244', 'Free', '2021-06-29 08:50:05', NULL, NULL, 0.000, 0.000, NULL, 1, NULL, 106, NULL, '2021-06-29 02:50:05', '2021-06-29 02:50:05', 0),
(1150, 1, 1, 1150, 1, 1150, 1, 1, '34-6248', NULL, 'Free', '2021-06-29 08:52:04', NULL, NULL, 0.000, 0.000, NULL, 1, NULL, 106, NULL, '2021-06-29 02:52:04', '2021-06-29 02:52:04', 0),
(1151, 2, 1, 1151, 1, 1151, 7, 1, '50-8922', '01708800819', 'Free', '2021-06-29 08:53:29', NULL, NULL, 0.000, 0.000, NULL, 1, NULL, 106, NULL, '2021-06-29 02:53:29', '2021-06-29 02:53:29', 0),
(1152, 2, 1, 1152, 1, 1152, 7, 1, '34-0574', '01769501570', 'Free', '2021-06-29 08:54:01', NULL, NULL, 0.000, 0.000, NULL, 1, NULL, 106, NULL, '2021-06-29 02:54:01', '2021-06-29 02:54:01', 0),
(1153, 2, 1, 1153, 1, 1153, 7, 1, '57-7611', '01708800723', 'Free', '2021-06-29 08:54:18', NULL, NULL, 0.000, 0.000, NULL, 1, NULL, 106, NULL, '2021-06-29 02:54:18', '2021-06-29 02:54:18', 0),
(1154, 2, 1, 1154, 9, 1154, 8, 1, '11-1892', '01769949262', 'Free', '2021-06-29 08:54:55', NULL, NULL, 0.000, 0.000, NULL, 1, NULL, 106, NULL, '2021-06-29 02:54:55', '2021-06-29 02:54:55', 0),
(1155, 2, 1, 1155, 9, 1155, 8, 1, '59-9859', '01851308761', 'Free', '2021-06-29 08:55:05', NULL, NULL, 0.000, 0.000, NULL, 1, NULL, 106, NULL, '2021-06-29 02:55:05', '2021-06-29 02:55:05', 0),
(1156, 2, 1, 1156, 6, 1156, 8, 1, '47-0735', '01713205292', 'Free', '2021-06-29 08:58:08', NULL, NULL, 0.000, 0.000, NULL, 1, NULL, 106, NULL, '2021-06-29 02:58:08', '2021-06-29 02:58:08', 0),
(1157, 2, 1, 1157, 9, 1157, 8, 1, '51-7584', '01708800788', 'Free', '2021-06-29 08:58:59', NULL, NULL, 0.000, 0.000, NULL, 1, NULL, 106, NULL, '2021-06-29 02:58:59', '2021-06-29 02:58:59', 0),
(1158, 1, 1, 1158, 7, 1158, 5, 1, '11-6948', '01911955980', 'Free', '2021-06-29 08:59:22', NULL, NULL, 0.000, 0.000, NULL, 1, NULL, 106, NULL, '2021-06-29 02:59:22', '2021-06-29 02:59:22', 0),
(1159, 2, 1, 1159, 9, 1159, 7, 1, '24-7161', '01769501422', 'Free', '2021-06-29 08:59:34', NULL, NULL, 0.000, 0.000, NULL, 1, NULL, 106, NULL, '2021-06-29 02:59:34', '2021-06-29 02:59:34', 0),
(1160, 1, 1, 1160, 1, 1160, 5, 1, '56-2320', NULL, 'Free', '2021-06-29 09:00:16', '2021-06-29 09:01:26', '1', 0.000, 0.000, 106, 1, NULL, 106, 106, '2021-06-29 03:00:16', '2021-06-29 03:01:27', 0),
(1161, 2, 1, 1161, 9, 1161, 7, 1, '56-7337', NULL, 'Free', '2021-06-29 09:00:27', NULL, NULL, 0.000, 0.000, NULL, 1, NULL, 106, NULL, '2021-06-29 03:00:27', '2021-06-29 03:00:27', 0),
(1162, 2, 1, 1162, 9, 1162, 7, 1, '24-4152', '01775827127', 'Free', '2021-06-29 09:00:59', NULL, NULL, 0.000, 0.000, NULL, 1, NULL, 106, NULL, '2021-06-29 03:00:59', '2021-06-29 03:00:59', 0),
(1163, 1, 1, 1163, 1, 1163, 1, 1, '22-8700', '01713178918', 'Free', '2021-06-29 09:01:12', '2021-06-29 09:14:28', '1', 0.000, 0.000, 106, 1, NULL, 106, 106, '2021-06-29 03:01:12', '2021-06-29 03:14:29', 0),
(1164, 1, 1, 1164, 1, 1164, 1, 1, '22-0701', NULL, 'Free', '2021-06-29 09:03:28', NULL, NULL, 0.000, 0.000, NULL, 1, NULL, 106, NULL, '2021-06-29 03:03:28', '2021-06-29 03:03:28', 0),
(1165, 2, 1, 1165, 1, 1165, 7, 1, '58-6612', '01711288261', 'Free', '2021-06-29 09:05:07', NULL, NULL, 0.000, 0.000, NULL, 1, NULL, 106, NULL, '2021-06-29 03:05:07', '2021-06-29 03:05:07', 0),
(1166, 2, 1, 1166, 1, 1166, 7, 1, '12-5647', NULL, 'Free', '2021-06-29 09:05:38', NULL, NULL, 0.000, 0.000, NULL, 1, NULL, 106, NULL, '2021-06-29 03:05:38', '2021-06-29 03:05:38', 0),
(1167, 2, 1, 1167, 7, 1167, 8, 1, '46-7080', NULL, 'Free', '2021-06-29 09:05:52', NULL, NULL, 0.000, 0.000, NULL, 1, NULL, 106, NULL, '2021-06-29 03:05:52', '2021-06-29 03:05:52', 0),
(1168, 1, 1, 1168, 1, 1168, 1, 1, '27-8972', NULL, 'Free', '2021-06-29 09:06:05', NULL, NULL, 0.000, 0.000, NULL, 1, NULL, 106, NULL, '2021-06-29 03:06:05', '2021-06-29 03:06:05', 0),
(1169, 1, 1, 1169, 6, 1169, 1, 1, '28-3499', NULL, 'Free', '2021-06-29 09:06:17', '2021-08-04 11:39:42', '867', 0.000, 0.000, 66, 1, NULL, 106, 66, '2021-06-29 03:06:17', '2021-08-04 05:39:44', 0),
(1170, 2, 1, 1170, 1, 1170, 7, 1, '27-0394', '01769501543', 'Free', '2021-06-29 09:07:18', NULL, NULL, 0.000, 0.000, NULL, 1, NULL, 106, NULL, '2021-06-29 03:07:18', '2021-06-29 03:07:18', 0),
(1171, 2, 1, 1171, 1, 1171, 8, 1, '38-8674', '01708800969', 'Free', '2021-06-29 09:08:01', NULL, NULL, 0.000, 0.000, NULL, 1, NULL, 106, NULL, '2021-06-29 03:08:01', '2021-06-29 03:08:01', 0),
(1172, 1, 1, 1172, 3, 1172, 1, 1, '45-0742', NULL, 'Paid', '2021-06-29 09:08:24', NULL, NULL, 0.000, 0.000, NULL, 1, NULL, 106, NULL, '2021-06-29 03:08:24', '2021-06-29 03:08:24', 0),
(1173, 1, 1, 1173, 1, 1173, 1, 1, '25-4646', NULL, 'Free', '2021-06-29 09:08:46', NULL, NULL, 0.000, 0.000, NULL, 1, NULL, 106, NULL, '2021-06-29 03:08:46', '2021-06-29 03:08:46', 0),
(1174, 1, 1, 1174, 1, 1174, 1, 1, '29-4891', NULL, 'Free', '2021-06-29 09:09:56', NULL, NULL, 0.000, 0.000, NULL, 1, NULL, 106, NULL, '2021-06-29 03:09:56', '2021-06-29 03:09:56', 0),
(1175, 2, 1, 1175, 1, 1175, 7, 1, '64-9304', '01708800825', 'Free', '2021-06-29 09:10:07', NULL, NULL, 0.000, 0.000, NULL, 1, NULL, 106, NULL, '2021-06-29 03:10:07', '2021-06-29 03:10:07', 0),
(1176, 2, 1, 1176, 2, 1176, 8, 1, '50-9064', '01717691113', 'Free', '2021-06-29 09:10:50', NULL, NULL, 0.000, 0.000, NULL, 1, NULL, 106, NULL, '2021-06-29 03:10:50', '2021-06-29 03:10:50', 0),
(1177, 2, 1, 1177, 1, 1177, 8, 1, '11-2605', '01708800782', 'Free', '2021-06-29 09:12:52', NULL, NULL, 0.000, 0.000, NULL, 1, NULL, 106, NULL, '2021-06-29 03:12:52', '2021-06-29 03:12:52', 0),
(1178, 1, 1, 1178, 1, 1178, 1, 1, '34-5567', '01708800777', 'Free', '2021-06-29 09:13:42', NULL, NULL, 0.000, 0.000, NULL, 1, NULL, 106, NULL, '2021-06-29 03:13:42', '2021-06-29 03:13:42', 0),
(1179, 2, 1, 1179, 1, 1179, 7, 1, '56-6447', '01769501521', 'Free', '2021-06-29 09:15:22', NULL, NULL, 0.000, 0.000, NULL, 1, NULL, 106, NULL, '2021-06-29 03:15:22', '2021-06-29 03:15:22', 0),
(1180, 1, 1, 1180, 7, 1180, 5, 1, '51-1483', NULL, 'Free', '2021-06-29 09:17:29', NULL, NULL, 0.000, 0.000, NULL, 1, NULL, 106, NULL, '2021-06-29 03:17:29', '2021-06-29 03:17:29', 0),
(1181, 1, 1, 1181, 6, 1181, 5, 1, '19-0881', NULL, 'Free', '2021-06-29 09:19:10', NULL, NULL, 0.000, 0.000, NULL, 1, NULL, 106, NULL, '2021-06-29 03:19:10', '2021-06-29 03:19:10', 0),
(1182, 2, 1, 1182, 6, 1182, 7, 1, '53-9820', '01713205313', 'Free', '2021-06-29 09:20:23', NULL, NULL, 0.000, 0.000, NULL, 1, NULL, 106, NULL, '2021-06-29 03:20:23', '2021-06-29 03:20:23', 0),
(1183, 2, 1, 1183, 9, 1183, 8, 1, '58-3693', '01712996998', 'Free', '2021-06-29 09:20:41', NULL, NULL, 0.000, 0.000, NULL, 1, NULL, 106, NULL, '2021-06-29 03:20:41', '2021-06-29 03:20:41', 0),
(1184, 2, 1, 1184, 2, 1184, 7, 1, '66-2821', '01735381920', 'Free', '2021-06-29 09:21:45', NULL, NULL, 0.000, 0.000, NULL, 1, NULL, 106, NULL, '2021-06-29 03:21:45', '2021-06-29 03:21:45', 0),
(1185, 1, 1, 1185, 8, 1185, 1, 1, '42-1461', '01713015978', 'Free', '2021-06-29 09:25:50', '2021-06-29 09:42:35', '1', 0.000, 0.000, 66, 1, NULL, 66, 66, '2021-06-29 03:25:50', '2021-06-29 03:42:37', 0),
(1186, 1, 1, 1186, 8, 1186, 1, 1, '42-1461', '01713015978', 'Free', '2021-06-29 09:25:59', '2021-06-29 09:42:30', '1', 0.000, 0.000, 66, 1, NULL, 66, 66, '2021-06-29 03:25:59', '2021-06-29 03:42:31', 0),
(1187, 1, 1, 1187, 8, 1187, 1, 1, '18-3558', '01713015978', 'Free', '2021-06-29 09:26:16', '2021-06-29 09:42:24', '1', 0.000, 0.000, 66, 1, NULL, 66, 66, '2021-06-29 03:26:16', '2021-06-29 03:42:25', 0),
(1188, 1, 1, 1188, 8, 1188, 1, 1, '25-6893', NULL, 'Free', '2021-06-29 09:26:33', '2021-06-29 09:42:16', '1', 0.000, 0.000, 66, 1, NULL, 66, 66, '2021-06-29 03:26:33', '2021-06-29 03:42:18', 0),
(1189, 1, 1, 1189, 8, 1189, 1, 1, '18-3558', '01713015978', 'Free', '2021-06-29 09:26:41', '2021-06-29 09:42:11', '1', 0.000, 0.000, 66, 1, NULL, 66, 66, '2021-06-29 03:26:41', '2021-06-29 03:42:12', 0),
(1190, 1, 1, 1190, 8, 1190, 1, 1, '25-9856', NULL, 'Free', '2021-06-29 09:29:11', '2021-06-29 09:42:06', '1', 0.000, 0.000, 66, 1, NULL, 66, 66, '2021-06-29 03:29:11', '2021-06-29 03:42:07', 0),
(1191, 1, 1, 1191, 8, 1191, 1, 1, '18-3558', '01713015978', 'Free', '2021-06-29 09:29:21', '2021-06-29 09:42:00', '1', 0.000, 0.000, 66, 1, NULL, 66, 66, '2021-06-29 03:29:21', '2021-06-29 03:42:02', 0),
(1192, 1, 1, 1192, 8, 1192, 1, 1, '18-3558', '01713015978', 'Free', '2021-06-29 09:29:30', '2021-06-29 09:41:54', '1', 0.000, 0.000, 66, 1, NULL, 66, 66, '2021-06-29 03:29:30', '2021-06-29 03:41:56', 0),
(1193, 1, 1, 1193, 8, 1193, 1, 1, '18-3558', '01713015978', 'Free', '2021-06-29 09:29:41', '2021-06-29 09:41:49', '1', 0.000, 0.000, 66, 1, NULL, 66, 66, '2021-06-29 03:29:41', '2021-06-29 03:41:50', 0),
(1194, 1, 1, 1194, 8, 1194, 1, 1, '18-3558', '01713015978', 'Paid', '2021-06-29 09:29:52', '2021-06-29 09:41:43', '1', 60.000, 0.000, 66, 1, NULL, 66, 66, '2021-06-29 03:29:52', '2021-06-29 03:41:45', 0),
(1195, 1, 1, 1195, 8, 1195, 1, 1, '58-6985', NULL, 'Paid', '2021-06-29 09:30:10', '2021-06-29 09:40:54', '1', 60.000, 0.000, 66, 1, NULL, 66, 66, '2021-06-29 03:30:10', '2021-06-29 03:41:34', 0),
(1196, 1, 1, 1196, 8, 1196, 7, 1, '347737', '01711463117', 'Paid', '2021-06-29 09:31:37', '2021-06-29 09:31:43', '1', 60.000, 0.000, 66, 1, NULL, 66, 66, '2021-06-29 03:31:37', '2021-06-29 03:31:44', 0),
(1197, 1, 1, 1197, 3, 1197, 1, 1, '32-5015', '01711417777', 'Paid', '2021-06-29 09:52:33', '2021-06-29 09:52:41', '1', 60.000, 0.000, 66, 1, NULL, 66, 66, '2021-06-29 03:52:33', '2021-06-29 03:52:42', 0),
(1198, 2, 1, 1198, 9, 1198, 8, 1, '38-4492', NULL, 'Free', '2021-06-30 09:42:20', '2021-06-30 09:42:45', '1', 0.000, 0.000, 66, 1, NULL, 66, 66, '2021-06-30 03:42:20', '2021-06-30 03:42:47', 0),
(1199, 1, 1, 1199, 1, 1199, 1, 1, '22-0701', NULL, 'Free', '2021-06-30 13:31:39', NULL, NULL, 0.000, 0.000, NULL, 1, NULL, 66, NULL, '2021-06-30 07:31:39', '2021-06-30 07:31:39', 0),
(1200, 1, 1, 1200, 1, 1200, 1, 1, '22-0701', NULL, 'Free', '2021-06-30 13:32:51', NULL, NULL, 0.000, 0.000, NULL, 1, NULL, 66, NULL, '2021-06-30 07:32:51', '2021-06-30 07:32:51', 0),
(1201, 1, 1, 1201, 1, 1201, 1, 1, '29-4891', NULL, 'Free', '2021-06-30 13:33:21', NULL, NULL, 0.000, 0.000, NULL, 1, NULL, 66, NULL, '2021-06-30 07:33:21', '2021-06-30 07:33:21', 0),
(1202, 1, 1, 1202, 1, 1202, 1, 1, '22-0701', NULL, 'Free', '2021-06-30 13:33:49', NULL, NULL, 0.000, 0.000, NULL, 1, NULL, 66, NULL, '2021-06-30 07:33:49', '2021-06-30 07:33:49', 0),
(1203, 1, 1, 1203, 1, 1203, 1, 1, '22-0701', NULL, 'Free', '2021-06-30 13:34:33', NULL, NULL, 0.000, 0.000, NULL, 1, NULL, 66, NULL, '2021-06-30 07:34:33', '2021-06-30 07:34:33', 0),
(1204, 1, 1, 1204, 1, 1204, 1, 1, '29-4891', NULL, 'Free', '2021-06-30 13:35:27', '2021-06-30 17:14:54', '4', 0.000, 0.000, 66, 1, NULL, 66, 66, '2021-06-30 07:35:27', '2021-06-30 11:14:57', 0),
(1205, 1, 1, 1205, 1, 1205, 1, 1, '27-8972', NULL, 'Free', '2021-06-30 13:35:55', '2021-06-30 17:14:17', '4', 0.000, 0.000, 66, 1, NULL, 66, 66, '2021-06-30 07:35:55', '2021-06-30 11:14:18', 0),
(1206, 1, 1, 1206, 1, 1206, 1, 1, '22-0701', NULL, 'Free', '2021-06-30 14:35:54', '2021-06-30 17:14:00', '3', 0.000, 0.000, 66, 1, NULL, 66, 66, '2021-06-30 08:35:54', '2021-06-30 11:14:01', 0),
(1207, 1, 1, 1207, 1, 1207, 1, 1, '22-0701', NULL, 'Free', '2021-06-30 14:36:36', '2021-06-30 17:13:38', '3', 0.000, 0.000, 66, 1, NULL, 66, 66, '2021-06-30 08:36:36', '2021-06-30 11:13:39', 0),
(1208, 1, 1, 1208, 1, 1208, 1, 1, '29-4891', NULL, 'Free', '2021-06-30 14:39:25', '2021-06-30 17:13:16', '3', 0.000, 0.000, 66, 1, NULL, 66, 66, '2021-06-30 08:39:25', '2021-06-30 11:13:18', 0),
(1209, 1, 1, 1209, 1, 1209, 1, 1, '27-8972', NULL, 'Free', '2021-06-30 14:40:12', '2021-06-30 17:12:38', '3', 0.000, 0.000, 66, 1, NULL, 66, 66, '2021-06-30 08:40:12', '2021-06-30 11:12:40', 0),
(1210, 1, 1, 1210, 1, 1210, 1, 1, '31-8166', NULL, 'Free', '2021-06-30 14:40:47', '2021-06-30 14:42:16', '1', 0.000, 0.000, 66, 1, NULL, 66, 66, '2021-06-30 08:40:47', '2021-06-30 08:42:18', 0),
(1211, 1, 1, 1211, 1, 1211, 1, 1, '22-0701', NULL, 'Free', '2021-06-30 17:05:44', '2021-06-30 17:11:56', '1', 0.000, 0.000, 66, 1, NULL, 66, 66, '2021-06-30 11:05:44', '2021-06-30 11:11:59', 0),
(1212, 1, 1, 1212, 1, 1212, 1, 1, '22-0701', NULL, 'Free', '2021-06-30 17:06:34', '2021-06-30 17:08:35', '1', 0.000, 0.000, 66, 1, NULL, 66, 66, '2021-06-30 11:06:34', '2021-06-30 11:08:37', 0),
(1213, 1, 1, 1213, 1, 1213, 1, 1, '22-0701', NULL, 'Free', '2021-08-02 14:35:38', NULL, NULL, 0.000, 0.000, NULL, 1, NULL, 66, NULL, '2021-08-02 08:35:38', '2021-08-02 08:35:38', 0),
(1214, 1, 1, 1214, 1, 1214, 1, 1, '31-8166', NULL, 'Free', '2021-08-02 14:36:51', NULL, NULL, 0.000, 0.000, NULL, 1, NULL, 66, NULL, '2021-08-02 08:36:51', '2021-08-02 08:36:51', 0),
(1215, 1, 1, 1215, 1, 1215, 1, 1, '31-8086', NULL, 'Free', '2021-08-02 14:37:27', NULL, NULL, 0.000, 0.000, NULL, 1, NULL, 66, NULL, '2021-08-02 08:37:27', '2021-08-02 08:37:27', 0),
(1216, 1, 1, 1216, 1, 1216, 1, 1, '22-0701', NULL, 'Free', '2021-08-02 14:38:11', NULL, NULL, 0.000, 0.000, NULL, 1, NULL, 66, NULL, '2021-08-02 08:38:11', '2021-08-02 08:38:11', 0),
(1217, 1, 1, 1217, 1, 1217, 1, 1, '22-0701', NULL, 'Free', '2021-08-02 14:39:01', NULL, NULL, 0.000, 0.000, NULL, 1, NULL, 66, NULL, '2021-08-02 08:39:01', '2021-08-02 08:39:01', 0),
(1218, 1, 1, 1218, 1, 1218, 1, 1, '29-4891', NULL, 'Free', '2021-08-02 14:40:07', NULL, NULL, 0.000, 0.000, NULL, 1, NULL, 66, NULL, '2021-08-02 08:40:07', '2021-08-02 08:40:07', 0),
(1219, 1, 1, 1219, 1, 1219, 1, 1, '29-4891', NULL, 'Free', '2021-08-02 14:46:55', NULL, NULL, 0.000, 0.000, NULL, 1, NULL, 66, NULL, '2021-08-02 08:46:55', '2021-08-02 08:46:55', 0),
(1220, 1, 1, 1220, 1, 1220, 1, 1, '22-0701', NULL, 'Free', '2021-08-02 14:48:50', NULL, NULL, 0.000, 0.000, NULL, 1, NULL, 66, NULL, '2021-08-02 08:48:50', '2021-08-02 08:48:50', 0),
(1221, 1, 1, 1221, 1, 1221, 1, 1, '22-0701', NULL, 'Free', '2021-08-02 15:21:43', NULL, NULL, 0.000, 0.000, NULL, 1, NULL, 66, NULL, '2021-08-02 09:21:43', '2021-08-02 09:21:43', 0),
(1222, 1, 1, 1222, 1, 1222, 1, 1, '29-4891', NULL, 'Free', '2021-08-02 15:22:23', NULL, NULL, 0.000, 0.000, NULL, 1, NULL, 66, NULL, '2021-08-02 09:22:23', '2021-08-02 09:22:23', 0),
(1223, 1, 1, 1223, 1, 1223, 1, 1, '29-4891', NULL, 'Free', '2021-08-02 15:23:10', NULL, NULL, 0.000, 0.000, NULL, 1, NULL, 66, NULL, '2021-08-02 09:23:10', '2021-08-02 09:23:10', 0),
(1224, 1, 1, 1224, 1, 1224, 1, 1, '22-0701', NULL, 'Free', '2021-08-02 15:24:04', NULL, NULL, 0.000, 0.000, NULL, 1, NULL, 66, NULL, '2021-08-02 09:24:04', '2021-08-02 09:24:04', 0),
(1225, 1, 1, 1225, 1, 1225, 1, 1, '27-8972', NULL, 'Free', '2021-08-02 15:24:56', NULL, NULL, 0.000, 0.000, NULL, 1, NULL, 66, NULL, '2021-08-02 09:24:56', '2021-08-02 09:24:56', 0),
(1226, 1, 1, 1226, 1, 1226, 1, 1, '27-8971', NULL, 'Free', '2021-08-02 15:26:49', NULL, NULL, 0.000, 0.000, NULL, 1, NULL, 66, NULL, '2021-08-02 09:26:49', '2021-08-02 09:26:50', 0),
(1227, 1, 1, 1227, 1, 1227, 1, 1, '29-4891', NULL, 'Free', '2021-08-02 15:32:50', NULL, NULL, 0.000, 0.000, NULL, 1, NULL, 66, NULL, '2021-08-02 09:32:50', '2021-08-02 09:32:50', 0),
(1228, 1, 1, 1228, 1, 1228, 1, 1, '29-4891', NULL, 'Free', '2021-08-02 15:35:53', NULL, NULL, 0.000, 0.000, NULL, 1, NULL, 66, NULL, '2021-08-02 09:35:53', '2021-08-02 09:35:53', 0),
(1229, 1, 1, 1229, 1, 1229, 1, 1, '29-4891', NULL, 'Free', '2021-08-02 15:37:40', NULL, NULL, 0.000, 0.000, NULL, 1, NULL, 66, NULL, '2021-08-02 09:37:40', '2021-08-02 09:37:40', 0),
(1230, 1, 1, 1230, 1, 1230, 1, 1, '25-4646', NULL, 'Free', '2021-08-02 15:39:22', NULL, NULL, 0.000, 0.000, NULL, 1, NULL, 66, NULL, '2021-08-02 09:39:22', '2021-08-02 09:39:22', 0),
(1231, 1, 1, 1231, 1, 1231, 1, 1, '29-4891', NULL, 'Free', '2021-08-02 15:40:44', NULL, NULL, 0.000, 0.000, NULL, 1, NULL, 66, NULL, '2021-08-02 09:40:44', '2021-08-02 09:40:44', 0),
(1232, 1, 1, 1232, 1, 1232, 1, 1, '27-8972', NULL, 'Free', '2021-08-02 15:42:25', NULL, NULL, 0.000, 0.000, NULL, 1, NULL, 66, NULL, '2021-08-02 09:42:25', '2021-08-02 09:42:25', 0),
(1233, 1, 1, 1233, 1, 1233, 1, 1, '25-4646', NULL, 'Free', '2021-08-02 15:43:04', NULL, NULL, 0.000, 0.000, NULL, 1, NULL, 66, NULL, '2021-08-02 09:43:04', '2021-08-02 09:43:04', 0),
(1234, 1, 1, 1234, 1, 1234, 1, 1, '27-8971', NULL, 'Free', '2021-08-02 15:55:54', NULL, NULL, 0.000, 0.000, NULL, 1, NULL, 66, NULL, '2021-08-02 09:55:54', '2021-08-02 09:55:54', 0),
(1235, 1, 1, 1235, 1, 1235, 1, 1, '27-8972', NULL, 'Free', '2021-08-02 15:57:35', '2021-08-09 17:58:33', '171', 0.000, 0.000, 66, 1, NULL, 66, 66, '2021-08-02 09:57:35', '2021-08-09 11:58:35', 0),
(1236, 1, 1, 1236, 1, 1236, 1, 1, '27-8971', NULL, 'Free', '2021-08-02 15:58:25', '2021-08-08 12:53:56', '141', 0.000, 0.000, 66, 1, NULL, 66, 66, '2021-08-02 09:58:25', '2021-08-08 06:53:58', 0),
(1237, 1, 1, 1237, 1, 1237, 1, 1, '27-8971', NULL, 'Free', '2021-08-02 15:58:50', '2021-08-02 16:02:41', '1', 0.000, 0.000, 66, 1, NULL, 66, 66, '2021-08-02 09:58:50', '2021-08-02 10:02:42', 0),
(1238, 1, 1, 1238, 3, 1238, 1, 1, '25-3499', '01728117875', 'Paid', '2021-08-03 12:06:18', '2021-08-03 12:06:24', '1', 60.000, 60.000, 66, 1, NULL, 66, 66, '2021-08-03 06:06:18', '2021-08-03 06:06:33', 0),
(1239, 1, 1, 1239, 1, 1239, 1, 1, '29-4891', NULL, 'Free', '2021-08-03 15:13:58', '2021-08-03 15:20:05', '1', 0.000, 0.000, 66, 1, NULL, 66, 66, '2021-08-03 09:13:58', '2021-08-03 09:20:07', 0),
(1240, 1, 1, 1240, 1, 1240, 1, 1, '27-8971', NULL, 'Free', '2021-08-03 15:14:26', '2021-08-03 15:15:22', '1', 0.000, 0.000, 66, 1, NULL, 66, 66, '2021-08-03 09:14:26', '2021-08-03 09:15:24', 0),
(1241, 1, 1, 1241, 6, 1241, 1, 1, '28-3499', NULL, 'Free', '2021-08-03 15:16:49', '2021-08-04 11:39:35', '21', 0.000, 0.000, 66, 1, NULL, 66, 66, '2021-08-03 09:16:49', '2021-08-04 05:39:36', 0),
(1242, 1, 1, 1242, 1, 1242, 1, 1, '29-4891', NULL, 'Free', '2021-08-03 15:22:33', '2021-08-08 12:53:27', '118', 0.000, 0.000, 66, 1, NULL, 66, 66, '2021-08-03 09:22:33', '2021-08-08 06:53:30', 0),
(1243, 1, 1, 1243, 1, 1243, 1, 1, '27-8972', NULL, 'Free', '2021-08-03 15:23:41', '2021-08-08 12:53:18', '118', 0.000, 0.000, 66, 1, NULL, 66, 66, '2021-08-03 09:23:41', '2021-08-08 06:53:20', 0),
(1244, 1, 1, 1244, 1, 1244, 1, 1, '22-0701', NULL, 'Free', '2021-08-03 15:24:15', '2021-08-08 12:53:06', '118', 0.000, 0.000, 66, 1, NULL, 66, 66, '2021-08-03 09:24:15', '2021-08-08 06:53:08', 0),
(1245, 1, 1, 1245, 1, 1245, 1, 1, '25-4646', NULL, 'Free', '2021-08-03 15:24:42', '2021-08-08 12:03:28', '117', 0.000, 0.000, 66, 1, NULL, 66, 66, '2021-08-03 09:24:42', '2021-08-08 06:03:31', 0),
(1246, 1, 1, 1246, 1, 1246, 1, 1, '25-4646', NULL, 'Free', '2021-08-03 15:25:29', '2021-08-08 11:52:44', '117', 0.000, 0.000, 66, 1, NULL, 66, 66, '2021-08-03 09:25:29', '2021-08-08 05:52:52', 0),
(1247, 1, 1, 1247, 1, 1247, 1, 1, '25-4646', NULL, 'Free', '2021-08-03 15:26:16', '2021-08-08 11:51:28', '117', 0.000, 0.000, 66, 1, NULL, 66, 66, '2021-08-03 09:26:16', '2021-08-08 05:51:38', 0),
(1248, 1, 1, 1248, 1, 1248, 1, 1, '27-8971', NULL, 'Free', '2021-08-03 15:27:52', '2021-08-08 11:48:32', '117', 0.000, 0.000, 66, 1, NULL, 66, 66, '2021-08-03 09:27:52', '2021-08-08 05:48:35', 0),
(1249, 1, 1, 1249, 1, 1249, 1, 1, '29-4891', NULL, 'Free', '2021-08-03 15:28:16', '2021-08-03 15:28:31', '1', 0.000, 0.000, 66, 1, NULL, 66, 66, '2021-08-03 09:28:16', '2021-08-03 09:28:34', 0),
(1250, 1, 1, 1250, 1, 1250, 1, 1, '25-4646', NULL, 'Free', '2021-08-03 15:29:37', '2021-08-08 11:47:59', '117', 0.000, 0.000, 66, 1, NULL, 66, 66, '2021-08-03 09:29:37', '2021-08-08 05:48:01', 0),
(1251, 1, 1, 1251, 1, 1251, 1, 1, '25-4646', NULL, 'Free', '2021-08-03 15:31:36', '2021-08-08 11:47:28', '117', 0.000, 0.000, 66, 1, NULL, 66, 66, '2021-08-03 09:31:36', '2021-08-08 05:47:30', 0),
(1252, 1, 1, 1252, 1, 1252, 1, 1, '27-8971', NULL, 'Free', '2021-08-03 15:32:13', '2021-08-08 11:45:18', '117', 0.000, 0.000, 66, 1, NULL, 66, 66, '2021-08-03 09:32:13', '2021-08-08 05:45:20', 0),
(1253, 1, 1, 1253, 1, 1253, 1, 1, '25-4646', NULL, 'Free', '2021-08-03 15:34:19', '2021-08-08 11:06:06', '116', 0.000, 0.000, 66, 1, NULL, 66, 66, '2021-08-03 09:34:19', '2021-08-08 05:06:08', 0),
(1254, 1, 1, 1254, 1, 1254, 1, 1, '25-4646', NULL, 'Free', '2021-08-03 15:37:09', '2021-08-03 15:41:40', '1', 0.000, 0.000, 66, 1, NULL, 66, 66, '2021-08-03 09:37:09', '2021-08-03 09:41:42', 0),
(1255, 1, 1, 1255, 1, 1255, 1, 1, '25-4645', NULL, 'Free', '2021-08-03 15:37:55', '2021-08-05 12:08:55', '45', 0.000, 0.000, 66, 1, NULL, 66, 66, '2021-08-03 09:37:55', '2021-08-05 06:08:57', 0),
(1256, 1, 1, 1256, 1, 1256, 1, 1, '25-4646', NULL, 'Free', '2021-08-03 15:42:43', '2021-08-05 12:04:39', '45', 0.000, 0.000, 66, 1, NULL, 66, 66, '2021-08-03 09:42:43', '2021-08-05 06:04:40', 0),
(1257, 1, 1, 1257, 1, 1257, 1, 1, '27-8971', NULL, 'Free', '2021-08-03 15:43:18', '2021-08-05 12:04:03', '45', 0.000, 0.000, 66, 1, NULL, 66, 66, '2021-08-03 09:43:18', '2021-08-05 06:04:04', 0),
(1258, 1, 1, 1258, 1, 1258, 1, 1, '27-8972', NULL, 'Free', '2021-08-03 15:44:02', '2021-08-05 12:03:37', '45', 0.000, 0.000, 66, 1, NULL, 66, 66, '2021-08-03 09:44:02', '2021-08-05 06:03:38', 0),
(1259, 1, 1, 1259, 1, 1259, 1, 1, '25-4645', NULL, 'Free', '2021-08-03 15:44:44', '2021-08-05 12:02:30', '45', 0.000, 0.000, 66, 1, NULL, 66, 66, '2021-08-03 09:44:44', '2021-08-05 06:02:31', 0),
(1260, 1, 1, 1260, 1, 1260, 1, 1, '25-4645', NULL, 'Free', '2021-08-03 15:45:29', '2021-08-05 12:01:13', '45', 0.000, 0.000, 66, 1, NULL, 66, 66, '2021-08-03 09:45:29', '2021-08-05 06:01:22', 0),
(1261, 1, 1, 1261, 1, 1261, 1, 1, '25-4645', NULL, 'Free', '2021-08-03 15:47:31', '2021-08-05 11:58:51', '45', 0.000, 0.000, 66, 1, NULL, 66, 66, '2021-08-03 09:47:31', '2021-08-05 05:58:53', 0),
(1262, 1, 1, 1262, 1, 1262, 1, 1, '27-8971', NULL, 'Free', '2021-08-03 15:48:46', '2021-08-03 15:50:07', '1', 0.000, 0.000, 66, 1, NULL, 66, 66, '2021-08-03 09:48:46', '2021-08-03 09:50:09', 0),
(1263, 1, 1, 1263, 1, 1263, 1, 1, '25-4645', NULL, 'Free', '2021-08-03 15:49:09', '2021-08-05 11:29:53', '44', 0.000, 0.000, 66, 1, NULL, 66, 66, '2021-08-03 09:49:09', '2021-08-05 05:29:55', 0),
(1264, 1, 1, 1264, 1, 1264, 1, 1, '27-8972', NULL, 'Free', '2021-08-03 15:49:27', '2021-08-05 11:58:07', '45', 0.000, 0.000, 66, 1, NULL, 66, 66, '2021-08-03 09:49:27', '2021-08-05 05:58:09', 0),
(1265, 1, 1, 1265, 1, 1265, 1, 1, '25-4645', NULL, 'Free', '2021-08-03 15:49:47', '2021-08-05 11:29:38', '44', 0.000, 0.000, 66, 1, NULL, 66, 66, '2021-08-03 09:49:47', '2021-08-05 05:29:39', 0);
INSERT INTO `daily_parkings` (`id`, `vehicle_type_id`, `station_id`, `token_number`, `tenant_id`, `station_parking_id`, `code_id`, `area_id`, `vehicle_number`, `mobile_number`, `payment_status`, `clock_in`, `clock_out`, `total_time`, `payable_amount`, `paid_amount`, `collection_by`, `status`, `deleted_at`, `added_by`, `updated_by`, `created_at`, `updated_at`, `sync_status`) VALUES
(1266, 1, 1, 1266, 2, 1266, 1, 1, '22-3275', '01715593455', 'Free', '2021-08-03 16:06:40', '2021-08-05 11:21:24', '44', 0.000, 0.000, 66, 1, NULL, 66, 66, '2021-08-03 10:06:40', '2021-08-05 05:21:26', 0),
(1267, 1, 1, 1267, 9, 1267, 1, 1, '29-5803', '01958133025', 'Free', '2021-08-04 11:37:49', '2021-08-04 11:39:13', '1', 0.000, 0.000, 66, 1, NULL, 66, 66, '2021-08-04 05:37:49', '2021-08-04 05:39:14', 0),
(1268, 1, 1, 1268, 9, 1268, 1, 1, '28-7873', '01713211042', 'Free', '2021-08-04 11:38:44', '2021-08-04 11:39:00', '1', 0.000, 0.000, 66, 1, NULL, 66, 66, '2021-08-04 05:38:44', '2021-08-04 05:39:02', 0),
(1269, 1, 1, 1269, 6, 1269, 1, 1, '28-3499', NULL, 'Free', '2021-08-04 11:39:52', '2021-08-04 11:40:24', '1', 0.000, 0.000, 66, 1, NULL, 66, 66, '2021-08-04 05:39:52', '2021-08-04 05:40:25', 0),
(1270, 1, 1, 1270, 6, 1270, 1, 1, '28-3499', NULL, 'Free', '2021-08-04 11:40:33', '2021-08-04 11:43:38', '1', 0.000, 0.000, 66, 1, NULL, 66, 66, '2021-08-04 05:40:33', '2021-08-04 05:43:40', 0),
(1271, 1, 1, 1271, 6, 1271, 1, 1, '28-3499', NULL, 'Free', '2021-08-04 11:43:49', '2021-08-04 11:44:38', '1', 0.000, 0.000, 66, 1, NULL, 66, 66, '2021-08-04 05:43:49', '2021-08-04 05:44:39', 0),
(1272, 1, 1, 1272, 6, 1272, 1, 1, '28-3499', NULL, 'Free', '2021-08-04 11:44:52', '2021-08-05 11:14:18', '24', 0.000, 0.000, 66, 1, NULL, 66, 66, '2021-08-04 05:44:52', '2021-08-05 05:14:19', 0),
(1273, 1, 1, 1273, 8, 1273, 1, 1, '22-5773', '01716738146', 'Free', '2021-08-05 10:36:17', '2021-08-05 10:37:17', '1', 0.000, 0.000, 66, 1, NULL, 66, 66, '2021-08-05 04:36:17', '2021-08-05 04:37:18', 0),
(1274, 1, 1, 1274, 8, 1274, 1, 1, '22-5773', '01716738146', 'Free', '2021-08-05 10:37:29', '2021-08-05 10:57:53', '1', 0.000, 0.000, 66, 1, NULL, 66, 66, '2021-08-05 04:37:29', '2021-08-05 04:57:54', 0),
(1275, 1, 1, 1275, 8, 1275, 1, 1, '22-5773', '01716738146', 'Free', '2021-08-05 10:58:04', '2021-08-05 10:58:59', '1', 0.000, 0.000, 66, 1, NULL, 66, 66, '2021-08-05 04:58:04', '2021-08-05 04:59:00', 0),
(1276, 1, 1, 1276, 8, 1276, 1, 1, '22-5773', '01716738146', 'Free', '2021-08-05 10:59:34', '2021-08-05 11:07:44', '1', 0.000, 0.000, 66, 1, NULL, 66, 66, '2021-08-05 04:59:34', '2021-08-05 05:07:45', 0),
(1277, 1, 1, 1277, 8, 1277, 1, 1, '22-5773', '01716738146', 'Free', '2021-08-05 11:11:20', '2021-08-05 11:14:03', '1', 0.000, 0.000, 66, 1, NULL, 66, 66, '2021-08-05 05:11:20', '2021-08-05 05:14:04', 0),
(1278, 1, 1, 1278, 6, 1278, 1, 1, '28-3499', NULL, 'Free', '2021-08-05 11:14:26', '2021-08-05 11:14:59', '1', 0.000, 0.000, 66, 1, NULL, 66, 66, '2021-08-05 05:14:26', '2021-08-05 05:15:00', 0),
(1279, 1, 1, 1279, 6, 1279, 1, 1, '28-3499', NULL, 'Free', '2021-08-05 11:15:08', '2021-08-05 11:15:38', '1', 0.000, 0.000, 66, 1, NULL, 66, 66, '2021-08-05 05:15:08', '2021-08-05 05:15:39', 0),
(1280, 1, 1, 1280, 6, 1280, 1, 1, '28-3499', NULL, 'Free', '2021-08-05 11:15:47', '2021-08-05 11:16:18', '1', 0.000, 0.000, 66, 1, NULL, 66, 66, '2021-08-05 05:15:47', '2021-08-05 05:16:20', 0),
(1281, 1, 1, 1281, 6, 1281, 1, 1, '28-3499', NULL, 'Free', '2021-08-05 11:16:33', '2021-08-05 11:16:57', '1', 0.000, 0.000, 66, 1, NULL, 66, 66, '2021-08-05 05:16:33', '2021-08-05 05:16:59', 0),
(1282, 1, 1, 1282, 6, 1282, 1, 1, '28-3499', NULL, 'Free', '2021-08-05 11:17:09', '2021-08-05 11:17:23', '1', 0.000, 0.000, 66, 1, NULL, 66, 66, '2021-08-05 05:17:09', '2021-08-05 05:17:25', 0),
(1283, 1, 1, 1283, 6, 1283, 1, 1, '28-3499', NULL, 'Free', '2021-08-05 11:17:37', '2021-08-05 11:21:03', '1', 0.000, 0.000, 66, 1, NULL, 66, 66, '2021-08-05 05:17:37', '2021-08-05 05:21:04', 0),
(1284, 1, 1, 1284, 2, 1284, 1, 1, '22-3275', '01715593455', 'Free', '2021-08-05 11:21:33', '2021-08-05 11:22:37', '1', 0.000, 0.000, 66, 1, NULL, 66, 66, '2021-08-05 05:21:33', '2021-08-05 05:22:38', 0),
(1285, 1, 1, 1285, 2, 1285, 1, 1, '22-3275', '01715593455', 'Free', '2021-08-05 11:22:46', '2021-08-05 11:23:35', '1', 0.000, 0.000, 66, 1, NULL, 66, 66, '2021-08-05 05:22:46', '2021-08-05 05:23:37', 0),
(1286, 1, 1, 1286, 2, 1286, 1, 1, '22-3275', '01715593455', 'Free', '2021-08-05 11:23:47', '2021-08-05 11:24:22', '1', 0.000, 0.000, 66, 1, NULL, 66, 66, '2021-08-05 05:23:47', '2021-08-05 05:24:23', 0),
(1287, 1, 1, 1287, 2, 1287, 1, 1, '22-3275', '01715593455', 'Free', '2021-08-05 11:24:30', '2021-08-05 11:26:15', '1', 0.000, 0.000, 66, 1, NULL, 66, 66, '2021-08-05 05:24:30', '2021-08-05 05:26:17', 0),
(1288, 1, 1, 1288, 2, 1288, 1, 1, '23-2886', '01719367310', 'Free', '2021-08-05 11:30:07', '2021-08-05 11:35:57', '1', 0.000, 0.000, 66, 1, NULL, 66, 66, '2021-08-05 05:30:07', '2021-08-05 05:35:59', 0),
(1289, 1, 1, 1289, 2, 1289, 1, 1, '23-2886', '01719367310', 'Free', '2021-08-05 11:36:30', '2021-08-05 11:57:50', '1', 0.000, 0.000, 66, 1, NULL, 66, 66, '2021-08-05 05:36:30', '2021-08-05 05:57:51', 0),
(1290, 1, 1, 1290, 3, 1290, 1, 1, '21-5689', NULL, 'Paid', '2021-08-05 12:01:52', '2021-08-05 12:04:48', '1', 60.000, 60.000, 66, 1, NULL, 66, 66, '2021-08-05 06:01:52', '2021-08-05 06:04:58', 0),
(1291, 1, 1, 1291, 3, 1291, 1, 1, '12-8965', NULL, 'Paid', '2021-08-05 12:06:17', '2021-08-08 10:54:09', '71', 2160.000, 0.000, 66, 1, NULL, 66, 66, '2021-08-05 06:06:17', '2021-08-08 04:54:11', 0),
(1292, 1, 1, 1292, 3, 1292, 1, 1, '78-8965', NULL, 'Paid', '2021-08-05 12:08:18', '2021-08-08 10:53:39', '71', 2160.000, 0.000, 66, 1, NULL, 66, 66, '2021-08-05 06:08:18', '2021-08-08 04:53:40', 0),
(1293, 1, 1, 1293, 8, 1293, 1, 1, '22-5773', '01716738146', 'Free', '2021-08-08 10:55:31', '2021-08-08 11:04:39', '1', 0.000, 0.000, 66, 1, NULL, 66, 66, '2021-08-08 04:55:31', '2021-08-08 05:04:41', 0),
(1294, 1, 1, 1294, 1, 1294, 1, 1, '39-2228', NULL, 'Free', '2021-08-08 11:06:20', '2021-08-08 11:26:31', '1', 0.000, 0.000, 66, 1, NULL, 66, 66, '2021-08-08 05:06:20', '2021-08-08 05:26:34', 0),
(1295, 1, 1, 1295, 1, 1295, 1, 1, '39-2228', NULL, 'Free', '2021-08-08 11:26:51', '2021-08-08 11:44:48', '1', 0.000, 0.000, 66, 1, NULL, 66, 66, '2021-08-08 05:26:51', '2021-08-08 05:44:50', 0),
(1296, 1, 1, 1296, 1, 1296, 1, 1, '39-2228', NULL, 'Free', '2021-08-08 11:45:46', '2021-08-08 11:46:57', '1', 0.000, 0.000, 66, 1, NULL, 66, 66, '2021-08-08 05:45:46', '2021-08-08 05:46:58', 0),
(1297, 1, 1, 1297, 1, 1297, 1, 1, '39-2228', NULL, 'Free', '2021-08-08 11:48:50', '2021-08-08 11:49:49', '1', 0.000, 0.000, 66, 1, NULL, 66, 66, '2021-08-08 05:48:50', '2021-08-08 05:49:51', 0),
(1298, 1, 1, 1298, 1, 1298, 1, 1, '34-9447', '01708800978', 'Free', '2021-08-08 11:54:10', '2021-08-08 11:55:03', '1', 0.000, 0.000, 66, 1, NULL, 66, 66, '2021-08-08 05:54:10', '2021-08-08 05:55:05', 0),
(1299, 1, 1, 1299, 1, 1299, 1, 1, '31-2924', NULL, 'Free', '2021-08-08 11:55:26', '2021-08-08 11:57:50', '1', 0.000, 0.000, 66, 1, NULL, 66, 66, '2021-08-08 05:55:26', '2021-08-08 05:57:52', 0),
(1300, 1, 1, 1300, 1, 1300, 1, 1, '34-9447', '01708800978', 'Free', '2021-08-08 11:58:47', '2021-08-08 11:59:36', '1', 0.000, 0.000, 66, 1, NULL, 66, 66, '2021-08-08 05:58:47', '2021-08-08 05:59:37', 0),
(1301, 1, 1, 1301, 1, 1301, 1, 1, '34-7701', NULL, 'Free', '2021-08-08 11:59:55', '2021-08-08 12:01:10', '1', 0.000, 0.000, 66, 1, NULL, 66, 66, '2021-08-08 05:59:55', '2021-08-08 06:01:12', 0),
(1302, 1, 1, 1302, 3, 1302, 1, 1, '12-9865', NULL, 'Paid', '2021-08-09 17:54:11', '2021-08-09 17:54:19', '1', 60.000, 0.000, 66, 1, NULL, 66, 66, '2021-08-09 11:54:11', '2021-08-09 11:54:37', 0),
(1303, 1, 1, 1303, 3, 1303, 1, 1, '23-8974', NULL, 'Paid', '2021-08-09 17:55:20', '2021-08-09 17:58:13', '1', 60.000, 0.000, 66, 1, NULL, 66, 66, '2021-08-09 11:55:20', '2021-08-09 11:58:22', 0);

-- --------------------------------------------------------

--
-- Table structure for table `data_rows`
--

DROP TABLE IF EXISTS `data_rows`;
CREATE TABLE IF NOT EXISTS `data_rows` (
  `id` int(10) UNSIGNED NOT NULL AUTO_INCREMENT,
  `data_type_id` int(10) UNSIGNED NOT NULL,
  `field` varchar(191) COLLATE utf8mb4_unicode_ci NOT NULL,
  `type` varchar(191) COLLATE utf8mb4_unicode_ci NOT NULL,
  `display_name` varchar(191) COLLATE utf8mb4_unicode_ci NOT NULL,
  `required` tinyint(1) NOT NULL DEFAULT 0,
  `browse` tinyint(1) NOT NULL DEFAULT 1,
  `read` tinyint(1) NOT NULL DEFAULT 1,
  `edit` tinyint(1) NOT NULL DEFAULT 1,
  `add` tinyint(1) NOT NULL DEFAULT 1,
  `delete` tinyint(1) NOT NULL DEFAULT 1,
  `search` tinyint(1) NOT NULL DEFAULT 0,
  `details` text COLLATE utf8mb4_unicode_ci DEFAULT NULL,
  `additional_details` text COLLATE utf8mb4_unicode_ci DEFAULT NULL,
  `order` int(11) NOT NULL DEFAULT 1,
  PRIMARY KEY (`id`),
  KEY `data_rows_data_type_id_foreign` (`data_type_id`)
) ENGINE=InnoDB AUTO_INCREMENT=441 DEFAULT CHARSET=utf8mb4 COLLATE=utf8mb4_unicode_ci;

--
-- Dumping data for table `data_rows`
--

INSERT INTO `data_rows` (`id`, `data_type_id`, `field`, `type`, `display_name`, `required`, `browse`, `read`, `edit`, `add`, `delete`, `search`, `details`, `additional_details`, `order`) VALUES
(1, 1, 'id', 'number', 'ID', 1, 0, 0, 0, 0, 0, 0, '{}', '{}', 1),
(2, 1, 'name', 'text', 'name', 1, 1, 1, 1, 1, 1, 0, '{}', '{}', 2),
(3, 1, 'email', 'text', 'email', 1, 1, 1, 1, 1, 1, 0, '{}', '{}', 3),
(4, 1, 'password', 'password', 'password', 1, 0, 0, 1, 1, 0, 0, '{}', '{}', 4),
(5, 1, 'remember_token', 'text', 'remember_token', 0, 0, 0, 0, 0, 0, 0, '{}', '{}', 5),
(6, 1, 'created_at', 'timestamp', 'Created At', 0, 0, 1, 0, 0, 0, 0, '{}', '{}', 6),
(7, 1, 'updated_at', 'timestamp', 'Updated At', 0, 0, 1, 0, 0, 0, 0, '{}', '{}', 7),
(8, 1, 'avatar', 'image', 'avatar', 0, 1, 1, 1, 1, 1, 0, '{}', '{}', 8),
(9, 1, 'user_belongsto_role_relationship', 'relationship', 'role', 0, 1, 1, 1, 1, 0, 0, '{\"model\":\"TCG\\\\Voyager\\\\Models\\\\Role\",\"table\":\"roles\",\"type\":\"belongsTo\",\"column\":\"role_id\",\"key\":\"id\",\"label\":\"display_name\",\"pivot_table\":\"roles\",\"pivot\":\"0\",\"taggable\":\"0\"}', '{}', 10),
(10, 1, 'user_belongstomany_role_relationship', 'relationship', 'roles', 0, 0, 1, 1, 0, 0, 0, '{\"model\":\"TCG\\\\Voyager\\\\Models\\\\Role\",\"table\":\"roles\",\"type\":\"belongsToMany\",\"column\":\"id\",\"key\":\"id\",\"label\":\"display_name\",\"pivot_table\":\"user_roles\",\"pivot\":\"1\",\"taggable\":\"0\"}', '{}', 11),
(11, 1, 'settings', 'hidden', 'settings', 0, 0, 0, 0, 0, 0, 0, '{}', '{}', 12),
(12, 2, 'id', 'number', 'ID', 1, 0, 0, 0, 0, 0, 0, NULL, NULL, 1),
(13, 2, 'name', 'text', 'Name', 1, 1, 1, 1, 1, 1, 0, NULL, NULL, 2),
(14, 2, 'created_at', 'timestamp', 'Created At', 0, 0, 0, 0, 0, 0, 0, NULL, NULL, 3),
(15, 2, 'updated_at', 'timestamp', 'Updated At', 0, 0, 0, 0, 0, 0, 0, NULL, NULL, 4),
(16, 3, 'id', 'number', 'ID', 1, 0, 0, 0, 0, 0, 0, '{}', '{}', 1),
(17, 3, 'name', 'text', 'name', 1, 1, 1, 1, 1, 1, 0, '{}', '{}', 2),
(18, 3, 'created_at', 'timestamp', 'Created At', 0, 0, 0, 0, 0, 0, 0, '{}', '{}', 3),
(19, 3, 'updated_at', 'timestamp', 'Updated At', 0, 0, 0, 0, 0, 0, 0, '{}', '{}', 4),
(20, 3, 'display_name', 'text', 'display_name', 1, 1, 1, 1, 1, 1, 0, '{}', '{}', 5),
(21, 1, 'role_id', 'text', 'Role', 0, 1, 1, 1, 1, 1, 0, '{}', '{}', 9),
(22, 4, 'id', 'text', 'Id', 1, 0, 0, 0, 0, 0, 0, '{}', '{}', 1),
(23, 4, 'title_en', 'text', 'Title En', 1, 1, 1, 1, 1, 1, 1, '{\"validation\":{\"rule\":\"required|min:2\",\"messages\":{\"required\":\"This :attribute field is a must.\",\"min\":\"This :attribute field minimum :min.\"}},\"frontend_validation\":{\"rules\":{\"required\":true,\"minlength\":2}}}', '{}', 2),
(24, 4, 'title', 'text', 'Title', 1, 1, 1, 1, 1, 1, 1, '{\"validation\":{\"rule\":\"required|min:2\",\"messages\":{\"required\":\"This :attribute field is a must.\",\"min\":\"This :attribute field minimum :min.\"}},\"frontend_validation\":{\"rules\":{\"required\":true,\"minlength\":2}}}', '{}', 3),
(25, 4, 'bbs_code', 'text', 'Bbs Code', 0, 1, 1, 1, 1, 1, 1, '{}', '{}', 4),
(26, 4, 'status', 'text', 'Status', 1, 1, 1, 1, 0, 1, 1, '{\"default\":\"1\",\"options\":{\"0\":\"Inactive\",\"1\":\"Active\"}}', '{}', 5),
(27, 4, 'created_by', 'text', 'Created By', 0, 0, 0, 0, 0, 0, 0, '{}', '{}', 6),
(28, 4, 'updated_by', 'text', 'Updated By', 0, 0, 0, 0, 0, 0, 0, '{}', '{}', 7),
(29, 4, 'created_at', 'timestamp', 'Created At', 0, 0, 0, 0, 0, 0, 0, '{}', '{}', 8),
(30, 4, 'updated_at', 'timestamp', 'Updated At', 0, 0, 0, 0, 0, 0, 0, '{}', '{}', 9),
(31, 5, 'id', 'text', 'Id', 1, 0, 0, 0, 0, 0, 0, '{}', '{}', 1),
(32, 5, 'loc_division_id', 'text', 'Loc Division Id', 1, 1, 1, 1, 1, 1, 1, '{\"validation\":{\"rule\":\"required\",\"messages\":{\"required\":\"This :attribute field is a must.\"}},\"frontend_validation\":{\"rules\":{\"required\":true}}}', '{}', 2),
(33, 5, 'division_bbs_code', 'text', 'Division Bbs Code', 0, 1, 1, 1, 1, 1, 1, '{}', '{}', 3),
(34, 5, 'title_en', 'text', 'Title En', 1, 1, 1, 1, 1, 1, 1, '{\"validation\":{\"rule\":\"required|min:2\",\"messages\":{\"required\":\"This :attribute field is a must.\",\"min\":\"This :attribute field minimum :min.\"}},\"frontend_validation\":{\"rules\":{\"required\":true,\"minlength\":2}}}', '{}', 4),
(35, 5, 'title', 'text', 'Title', 1, 1, 1, 1, 1, 1, 1, '{\"validation\":{\"rule\":\"required|min:2\",\"messages\":{\"required\":\"This :attribute field is a must.\",\"min\":\"This :attribute field minimum :min.\"}},\"frontend_validation\":{\"rules\":{\"required\":true,\"minlength\":2}}}', '{}', 5),
(36, 5, 'bbs_code', 'text', 'Bbs Code', 0, 1, 1, 1, 1, 1, 1, '{}', '{}', 6),
(37, 5, 'status', 'text', 'Status', 1, 1, 1, 1, 0, 1, 1, '{\"default\":\"1\",\"options\":{\"0\":\"Inactive\",\"1\":\"Active\"}}', '{}', 7),
(38, 5, 'created_by', 'text', 'Created By', 0, 0, 0, 0, 0, 0, 0, '{}', '{}', 8),
(39, 5, 'updated_by', 'text', 'Updated By', 0, 0, 0, 0, 0, 0, 0, '{}', '{}', 9),
(40, 5, 'created_at', 'timestamp', 'Created At', 0, 0, 0, 0, 0, 0, 0, '{}', '{}', 10),
(41, 5, 'updated_at', 'timestamp', 'Updated At', 0, 0, 0, 0, 0, 0, 0, '{}', '{}', 11),
(43, 5, 'loc_district_belongsto_loc_division_relationship', 'relationship', 'loc_divisions', 0, 1, 1, 1, 1, 1, 0, '{\"model\":\"App\\\\Models\\\\LocDivision\",\"table\":\"loc_divisions\",\"type\":\"belongsTo\",\"column\":\"loc_division_id\",\"key\":\"id\",\"label\":\"title\",\"pivot_table\":\"activity_logs\",\"pivot\":\"0\",\"taggable\":\"0\"}', '{}', 12),
(62, 7, 'id', 'text', 'Id', 1, 0, 0, 0, 0, 0, 0, '{}', '{}', 1),
(63, 7, 'loc_division_id', 'text', 'Loc Division Id', 1, 1, 1, 1, 1, 1, 1, '{\"validation\":{\"rule\":\"required\",\"messages\":{\"required\":\"This :attribute field is a must.\"}},\"frontend_validation\":{\"rules\":{\"required\":true}}}', '{}', 2),
(64, 7, 'loc_district_id', 'text', 'Loc District Id', 1, 1, 1, 1, 1, 1, 1, '{\"validation\":{\"rule\":\"required\",\"messages\":{\"required\":\"This :attribute field is a must.\"}},\"frontend_validation\":{\"rules\":{\"required\":true}}}', '{}', 3),
(65, 7, 'division_bbs_code', 'text', 'Division Bbs Code', 0, 1, 1, 1, 1, 1, 1, '{}', '{}', 4),
(66, 7, 'district_bbs_code', 'text', 'District Bbs Code', 0, 1, 1, 1, 1, 1, 1, '{}', '{}', 5),
(67, 7, 'title_en', 'text', 'Title En', 1, 1, 1, 1, 1, 1, 1, '{\"validation\":{\"rule\":\"required|min:2\",\"messages\":{\"required\":\"This :attribute field is a must.\",\"min\":\"This :attribute field minimum :min.\"}},\"frontend_validation\":{\"rules\":{\"required\":true,\"minlength\":2}}}', '{}', 6),
(68, 7, 'title', 'text', 'Title', 1, 1, 1, 1, 1, 1, 1, '{\"validation\":{\"rule\":\"required|min:2\",\"messages\":{\"required\":\"This :attribute field is a must.\",\"min\":\"This :attribute field minimum :min.\"}},\"frontend_validation\":{\"rules\":{\"required\":true,\"minlength\":2}}}', '{}', 7),
(69, 7, 'bbs_code', 'text', 'Bbs Code', 0, 1, 1, 1, 1, 1, 1, '{}', '{}', 8),
(70, 7, 'status', 'text', 'Status', 1, 1, 1, 1, 0, 1, 1, '{\"default\":\"Active\",\"options\":{\"0\":\"Inactive\",\"1\":\"Active\"}}', '{}', 9),
(71, 7, 'created_by', 'text', 'Created By', 0, 0, 0, 0, 0, 0, 0, '{}', '{}', 10),
(72, 7, 'updated_by', 'text', 'Updated By', 0, 0, 0, 0, 0, 0, 0, '{}', '{}', 11),
(73, 7, 'created_at', 'timestamp', 'Created At', 0, 0, 0, 0, 0, 0, 0, '{}', '{}', 12),
(74, 7, 'updated_at', 'timestamp', 'Updated At', 0, 0, 0, 0, 0, 0, 0, '{}', '{}', 13),
(75, 7, 'loc_upazila_belongsto_loc_division_relationship', 'relationship', 'loc_divisions', 0, 1, 1, 1, 1, 1, 0, '{\"model\":\"App\\\\Models\\\\LocDivision\",\"table\":\"loc_divisions\",\"type\":\"belongsTo\",\"column\":\"loc_division_id\",\"key\":\"id\",\"label\":\"title\",\"pivot_table\":\"activity_logs\",\"pivot\":\"0\",\"taggable\":\"0\"}', '{}', 14),
(76, 7, 'loc_upazila_belongsto_loc_district_relationship', 'relationship', 'loc_districts', 0, 1, 1, 1, 1, 1, 0, '{\"model\":\"App\\\\Models\\\\LocDistrict\",\"table\":\"loc_districts\",\"type\":\"belongsTo\",\"column\":\"loc_district_id\",\"key\":\"id\",\"label\":\"title\",\"pivot_table\":\"activity_logs\",\"pivot\":\"0\",\"taggable\":\"0\"}', '{}', 15),
(299, 6, 'id', 'text', 'Id', 1, 0, 0, 0, 0, 0, 0, '{}', '{}', 1),
(300, 6, 'key', 'text', 'key', 1, 1, 1, 1, 1, 1, 1, '{\"validation\":{\"rule\":\"required\"},\"frontend_validation\":{\"rules\":{\"required\":true}}}', '{}', 2),
(301, 6, 'table_name', 'text', 'table_name', 0, 1, 1, 1, 1, 1, 1, '{}', '{}', 3),
(302, 6, 'is_user_defined', 'select_dropdown', 'is_user_defined', 1, 1, 1, 1, 1, 1, 1, '{\"validation\":{\"rule\":\"required\"},\"frontend_validation\":{\"rules\":{\"required\":true}},\"default\":1,\"options\":{\"0\":\"No\",\"1\":\"Yes\"}}', '{}', 4),
(303, 6, 'created_at', 'timestamp', 'Created At', 0, 1, 1, 1, 0, 1, 1, '{}', '{}', 5),
(304, 6, 'updated_at', 'timestamp', 'Updated At', 0, 0, 0, 0, 0, 0, 0, '{}', '{}', 6),
(305, 6, 'sub_group', 'text', 'sub_group', 0, 1, 1, 1, 1, 1, 1, '{}', '{}', 7),
(306, 6, 'sub_group_order', 'text', 'sub_group_order', 1, 1, 1, 1, 1, 1, 1, '{\"validation\":{\"rule\":\"required\"},\"frontend_validation\":{\"rules\":{\"required\":true}},\"default\":99}', '{}', 8),
(307, 1, 'is_superuser', 'select_dropdown', 'is_super_user', 1, 0, 1, 1, 1, 1, 1, '{\"options\":{\"0\":\"No\",\"1\":\"Yes\"}}', '{}', 2),
(308, 1, 'user_type', 'text', 'user_type', 0, 1, 1, 1, 1, 1, 1, '{}', '{}', 5),
(311, 1, 'loc_division_id', 'text', 'Loc Division Id', 0, 0, 1, 0, 0, 0, 0, '{}', '{}', 9),
(312, 1, 'loc_district_id', 'text', 'Loc District Id', 0, 0, 1, 0, 0, 0, 0, '{}', '{}', 10),
(313, 1, 'loc_upazila_id', 'text', 'Loc Upazila Id', 0, 0, 1, 0, 0, 0, 0, '{}', '{}', 11),
(314, 1, 'loc_municipality_id', 'text', 'Loc Municipality Id', 0, 0, 1, 0, 0, 0, 0, '{}', '{}', 12),
(315, 1, 'loc_union_id', 'text', 'Loc Union Id', 0, 0, 1, 0, 0, 0, 0, '{}', '{}', 13),
(316, 1, 'status', 'select_dropdown', 'status', 1, 0, 1, 1, 1, 1, 1, '{\"options\":{\"0\":\"Inactive\",\"1\":\"Active\"}}', '{}', 15),
(317, 1, 'email_verified_at', 'text', 'email_verified_at', 0, 0, 1, 0, 0, 0, 0, '{}', '{}', 16),
(318, 1, 'created_by', 'text', 'created_by', 0, 0, 1, 0, 0, 0, 0, '{}', '{}', 20),
(319, 1, 'updated_by', 'text', 'updated_by', 0, 0, 1, 0, 0, 0, 0, '{}', '{}', 21),
(320, 1, 'deleted_at', 'timestamp', 'Deleted At', 0, 0, 1, 0, 0, 0, 0, '{}', '{}', 24),
(327, 1, 'mobile', 'text', 'mobile', 1, 1, 1, 1, 1, 1, 1, '{}', '{}', 7),
(328, 23, 'id', 'text', 'Id', 1, 0, 0, 0, 0, 0, 0, '{}', '{}', 1),
(329, 23, 'name', 'text', 'name', 1, 1, 1, 1, 1, 1, 1, '{\"validation\":{\"rule\":\"required\"},\"frontend_validation\":{\"rules\":{\"required\":true}}}', '{}', 2),
(330, 23, 'status', 'select_dropdown', 'status', 1, 1, 1, 1, 0, 1, 1, '{\"options\":{\"0\":\"Inactive\",\"1\":\"Active\"}}', '{}', 3),
(331, 23, 'deleted_at', 'timestamp', 'Deleted At', 0, 0, 0, 0, 0, 1, 0, '{}', '{}', 4),
(332, 23, 'added_by', 'text', 'Added By', 1, 0, 0, 0, 0, 1, 0, '{}', '{}', 5),
(333, 23, 'updated_by', 'text', 'Updated By', 0, 0, 0, 0, 0, 1, 0, '{}', '{}', 6),
(334, 23, 'created_at', 'timestamp', 'Created At', 0, 0, 0, 0, 0, 1, 0, '{}', '{}', 7),
(335, 23, 'updated_at', 'timestamp', 'Updated At', 0, 0, 0, 0, 0, 0, 0, '{}', '{}', 8),
(336, 24, 'id', 'text', 'Id', 1, 0, 0, 0, 0, 0, 0, '{}', '{}', 1),
(337, 24, 'station_id', 'text', 'station_name', 1, 1, 1, 1, 1, 1, 1, '{}', '{}', 2),
(338, 24, 'name', 'text', 'name', 1, 1, 1, 1, 1, 1, 1, '{\"validation\":{\"rule\":\"required\"},\"frontend_validation\":{\"rules\":{\"required\":true}}}', '{}', 4),
(339, 24, 'status', 'select_dropdown', 'status', 1, 1, 1, 1, 0, 1, 1, '{\"options\":{\"0\":\"Inactive\",\"1\":\"Active\"}}', '{}', 5),
(340, 24, 'deleted_at', 'timestamp', 'Deleted At', 0, 0, 0, 0, 0, 1, 0, '{}', '{}', 6),
(341, 24, 'added_by', 'text', 'Added By', 1, 0, 0, 0, 0, 1, 0, '{}', '{}', 7),
(342, 24, 'updated_by', 'text', 'Updated By', 0, 0, 0, 0, 0, 1, 0, '{}', '{}', 8),
(343, 24, 'created_at', 'timestamp', 'Created At', 0, 0, 0, 0, 0, 1, 0, '{}', '{}', 9),
(344, 24, 'updated_at', 'timestamp', 'Updated At', 0, 0, 0, 0, 0, 0, 0, '{}', '{}', 10),
(345, 24, 'vehicle_type_belongsto_station_relationship', 'relationship', 'station_name', 0, 1, 1, 1, 1, 1, 0, '{\"model\":\"App\\\\models\\\\Station\",\"table\":\"stations\",\"type\":\"belongsTo\",\"column\":\"station_id\",\"key\":\"id\",\"label\":\"name\",\"pivot_table\":\"activity_logs\",\"pivot\":\"0\",\"taggable\":\"0\"}', '{\"validation\":{\"rule\":\"required\"},\"frontend_validation\":{\"rules\":{\"required\":true}}}', 3),
(346, 25, 'id', 'text', 'Id', 1, 0, 0, 0, 0, 0, 0, '{}', '{}', 1),
(348, 25, 'station_id', 'text', 'Station Id', 1, 1, 1, 1, 1, 1, 1, '{}', '{}', 5),
(349, 25, 'vehicle_type_id', 'text', 'Vehicle Type Id', 1, 1, 1, 1, 1, 1, 1, '{}', '{}', 7),
(350, 25, 'space_limit', 'text', 'Space Limit', 1, 1, 1, 1, 1, 1, 1, '{\"validation\":{\"rule\":\"required\"},\"frontend_validation\":{\"rules\":{\"required\":true}}}', '{}', 8),
(351, 25, 'used', 'text', 'used', 1, 1, 1, 1, 0, 1, 1, '{}', '{}', 9),
(352, 25, 'left', 'text', 'left', 1, 1, 1, 1, 1, 1, 1, '{}', '{}', 10),
(353, 25, 'status', 'select_dropdown', 'status', 1, 1, 1, 1, 0, 1, 1, '{\"options\":{\"0\":\"Inactive\",\"1\":\"Active\"}}', '{}', 11),
(354, 25, 'deleted_at', 'timestamp', 'Deleted At', 0, 0, 0, 0, 0, 1, 0, '{}', '{}', 12),
(355, 25, 'added_by', 'text', 'Added By', 1, 0, 0, 0, 0, 1, 0, '{}', '{}', 13),
(356, 25, 'updated_by', 'text', 'Updated By', 0, 0, 0, 0, 0, 1, 0, '{}', '{}', 14),
(357, 25, 'created_at', 'timestamp', 'Created At', 0, 0, 0, 0, 0, 1, 0, '{}', '{}', 15),
(358, 25, 'updated_at', 'timestamp', 'Updated At', 0, 0, 0, 0, 0, 0, 0, '{}', '{}', 16),
(359, 25, 'customer_category_belongsto_vehicle_type_relationship', 'relationship', 'vehicle type', 0, 1, 1, 1, 1, 1, 0, '{\"model\":\"App\\\\Models\\\\VehicleType\",\"table\":\"vehicle_types\",\"type\":\"belongsTo\",\"column\":\"vehicle_type_id\",\"key\":\"id\",\"label\":\"name\",\"pivot_table\":\"activity_logs\",\"pivot\":\"0\",\"taggable\":\"0\"}', '{\"validation\":{\"rule\":\"required\"},\"frontend_validation\":{\"rules\":{\"required\":true}}}', 6),
(360, 25, 'customer_category_belongsto_station_relationship', 'relationship', 'stations', 0, 1, 1, 1, 1, 1, 0, '{\"model\":\"App\\\\Models\\\\Station\",\"table\":\"stations\",\"type\":\"belongsTo\",\"column\":\"station_id\",\"key\":\"id\",\"label\":\"name\",\"pivot_table\":\"activity_logs\",\"pivot\":\"0\",\"taggable\":\"0\"}', '{\"validation\":{\"rule\":\"required\"},\"frontend_validation\":{\"rules\":{\"required\":true}}}', 3),
(361, 26, 'id', 'text', 'Id', 1, 0, 0, 0, 0, 0, 0, '{}', '{}', 1),
(362, 26, 'name', 'text', 'name', 1, 1, 1, 1, 1, 1, 1, '{\"validation\":{\"rule\":\"required\"},\"frontend_validation\":{\"rules\":{\"required\":true}}}', '{}', 2),
(363, 26, 'status', 'select_dropdown', 'status', 1, 1, 1, 1, 0, 1, 1, '{\"options\":{\"0\":\"Inactive\",\"1\":\"Active\"}}', '{}', 5),
(364, 26, 'deleted_at', 'timestamp', 'Deleted At', 0, 0, 0, 0, 0, 1, 0, '{}', '{}', 6),
(365, 26, 'added_by', 'text', 'Added By', 1, 0, 0, 0, 0, 1, 0, '{}', '{}', 7),
(366, 26, 'updated_by', 'text', 'Updated By', 0, 0, 0, 0, 0, 1, 0, '{}', '{}', 8),
(367, 26, 'created_at', 'timestamp', 'Created At', 0, 0, 0, 0, 0, 1, 0, '{}', '{}', 9),
(368, 26, 'updated_at', 'timestamp', 'Updated At', 0, 0, 0, 0, 0, 0, 0, '{}', '{}', 10),
(369, 25, 'customer_category_belongsto_tenant_relationship', 'relationship', 'tenants', 0, 1, 1, 1, 1, 1, 0, '{\"model\":\"App\\\\Models\\\\Tenant\",\"table\":\"tenants\",\"type\":\"belongsTo\",\"column\":\"tenant_id\",\"key\":\"id\",\"label\":\"name\",\"pivot_table\":\"activity_logs\",\"pivot\":\"0\",\"taggable\":\"0\"}', '{\"validation\":{\"rule\":\"required\"},\"frontend_validation\":{\"rules\":{\"required\":true}}}', 4),
(370, 25, 'tenant_id', 'text', 'Tenant Id', 1, 1, 1, 1, 1, 1, 1, '{}', '{}', 2),
(371, 27, 'id', 'text', 'Id', 1, 0, 0, 0, 0, 0, 0, '{}', '{}', 1),
(372, 27, 'station_id', 'text', 'Station Id', 1, 1, 1, 1, 1, 1, 1, '{}', '{}', 2),
(373, 27, 'vehicle_type_id', 'text', 'Vehicle Type Id', 1, 1, 1, 1, 1, 1, 1, '{}', '{}', 4),
(374, 27, 'first_hour', 'text', 'First Hour', 1, 1, 1, 1, 1, 1, 1, '{\"validation\":{\"rule\":\"required\"},\"frontend_validation\":{\"rules\":{\"required\":true}}}', '{}', 6),
(375, 27, 'next_hour', 'text', 'Next Hour', 1, 1, 1, 1, 1, 1, 1, '{\"validation\":{\"rule\":\"required\"},\"frontend_validation\":{\"rules\":{\"required\":true}}}', '{}', 7),
(376, 27, 'status', 'select_dropdown', 'Status', 1, 1, 1, 1, 0, 1, 1, '{\"options\":{\"0\":\"Inactive\",\"1\":\"Active\"}}', '{}', 8),
(377, 27, 'deleted_at', 'timestamp', 'Deleted At', 0, 0, 0, 0, 0, 1, 0, '{}', '{}', 9),
(378, 27, 'added_by', 'text', 'Added By', 1, 0, 0, 0, 0, 1, 0, '{}', '{}', 10),
(379, 27, 'updated_by', 'text', 'Updated By', 0, 0, 0, 0, 0, 1, 0, '{}', '{}', 11),
(380, 27, 'created_at', 'timestamp', 'Created At', 0, 0, 0, 0, 0, 1, 0, '{}', '{}', 12),
(381, 27, 'updated_at', 'timestamp', 'Updated At', 0, 0, 0, 0, 0, 0, 0, '{}', '{}', 13),
(382, 27, 'rate_belongsto_station_relationship', 'relationship', 'stations', 0, 1, 1, 1, 1, 1, 0, '{\"model\":\"App\\\\Models\\\\Station\",\"table\":\"stations\",\"type\":\"belongsTo\",\"column\":\"station_id\",\"key\":\"id\",\"label\":\"name\",\"pivot_table\":\"activity_logs\",\"pivot\":\"0\",\"taggable\":\"0\"}', '{\"validation\":{\"rule\":\"required\"},\"frontend_validation\":{\"rules\":{\"required\":true}}}', 3),
(383, 27, 'rate_belongsto_vehicle_type_relationship', 'relationship', 'vehicle types', 0, 1, 1, 1, 1, 1, 0, '{\"model\":\"App\\\\Models\\\\VehicleType\",\"table\":\"vehicle_types\",\"type\":\"belongsTo\",\"column\":\"vehicle_type_id\",\"key\":\"id\",\"label\":\"name\",\"pivot_table\":\"activity_logs\",\"pivot\":\"0\",\"taggable\":\"0\"}', '{\"validation\":{\"rule\":\"required\"},\"frontend_validation\":{\"rules\":{\"required\":true}}}', 5),
(384, 28, 'id', 'text', 'Id', 1, 0, 0, 0, 0, 0, 0, '{}', '{}', 1),
(385, 28, 'vehicle_type_id', 'text', 'Vehicle Type Id', 1, 1, 1, 1, 1, 1, 1, '{}', '{}', 2),
(386, 28, 'station_id', 'text', 'Station Id', 1, 1, 1, 1, 1, 1, 1, '{}', '{}', 3),
(387, 28, 'token_number', 'text', 'Token Number', 1, 1, 1, 1, 1, 1, 1, '{}', '{}', 4),
(388, 28, 'tenant_id', 'text', 'Tenant Id', 1, 1, 1, 1, 1, 1, 1, '{}', '{}', 5),
(389, 28, 'vehicle_number', 'text', 'Vehicle Number', 1, 1, 1, 1, 1, 1, 1, '{}', '{}', 6),
(390, 28, 'mobile_number', 'text', 'Mobile Number', 0, 1, 1, 1, 1, 1, 1, '{}', '{}', 7),
(391, 28, 'payment_status', 'text', 'Payment Status', 1, 1, 1, 1, 1, 1, 1, '{}', '{}', 8),
(392, 28, 'clock_in', 'text', 'Clock In', 1, 1, 1, 1, 1, 1, 1, '{}', '{}', 9),
(393, 28, 'clock_out', 'text', 'Clock Out', 0, 1, 1, 1, 1, 1, 1, '{}', '{}', 10),
(394, 28, 'total_time', 'text', 'Total Time', 0, 1, 1, 1, 1, 1, 1, '{}', '{}', 11),
(395, 28, 'payable_amount', 'text', 'Payable Amount', 1, 1, 1, 1, 1, 1, 1, '{}', '{}', 12),
(396, 28, 'paid_amount', 'text', 'Paid Amount', 1, 1, 1, 1, 1, 1, 1, '{}', '{}', 13),
(397, 28, 'status', 'text', 'Status', 1, 1, 1, 1, 1, 1, 1, '{}', '{}', 14),
(398, 28, 'deleted_at', 'timestamp', 'Deleted At', 0, 0, 0, 0, 0, 1, 1, '{}', '{}', 15),
(399, 28, 'added_by', 'text', 'Added By', 1, 0, 0, 0, 0, 1, 1, '{}', '{}', 16),
(400, 28, 'updated_by', 'text', 'Updated By', 0, 0, 0, 0, 0, 1, 1, '{}', '{}', 17),
(401, 28, 'created_at', 'timestamp', 'Created At', 0, 0, 0, 0, 0, 1, 1, '{}', '{}', 18),
(402, 28, 'updated_at', 'timestamp', 'Updated At', 0, 0, 0, 0, 0, 0, 0, '{}', '{}', 19),
(403, 26, 'tenant_belongsto_station_relationship', 'relationship', 'stations', 0, 1, 1, 1, 1, 1, 0, '{\"model\":\"App\\\\Models\\\\Station\",\"table\":\"stations\",\"type\":\"belongsTo\",\"column\":\"station_id\",\"key\":\"id\",\"label\":\"name\",\"pivot_table\":\"activity_logs\",\"pivot\":\"0\",\"taggable\":\"0\"}', '{\"validation\":{\"rule\":\"required\"},\"frontend_validation\":{\"rules\":{\"required\":true}}}', 3),
(404, 26, 'station_id', 'text', 'Station Id', 1, 1, 1, 1, 1, 1, 1, '{}', '{}', 4),
(405, 29, 'id', 'text', 'Id', 1, 0, 0, 0, 0, 0, 0, '{}', '{}', 1),
(406, 29, 'name', 'text', 'name', 1, 1, 1, 1, 1, 1, 1, '{\"validation\":{\"rule\":\"required\"},\"frontend_validation\":{\"rules\":{\"required\":true}}}', '{}', 2),
(407, 29, 'status', 'select_dropdown', 'Status', 1, 1, 1, 1, 0, 1, 1, '{\"options\":{\"0\":\"Inactive\",\"1\":\"Active\"}}', '{}', 3),
(408, 29, 'deleted_at', 'timestamp', 'Deleted At', 0, 0, 0, 0, 0, 1, 0, '{}', '{}', 4),
(409, 29, 'added_by', 'text', 'Added By', 1, 0, 0, 0, 0, 1, 0, '{}', '{}', 5),
(410, 29, 'updated_by', 'text', 'Updated By', 0, 0, 0, 0, 0, 1, 0, '{}', '{}', 6),
(411, 29, 'created_at', 'timestamp', 'Created At', 0, 0, 0, 0, 0, 1, 0, '{}', '{}', 7),
(412, 29, 'updated_at', 'timestamp', 'Updated At', 0, 0, 0, 0, 0, 0, 0, '{}', '{}', 8),
(413, 30, 'id', 'text', 'Id', 1, 0, 0, 0, 0, 0, 0, '{}', '{}', 1),
(414, 30, 'name', 'text', 'name', 1, 1, 1, 1, 1, 1, 1, '{\"validation\":{\"rule\":\"required\"},\"frontend_validation\":{\"rules\":{\"required\":true}}}', '{}', 2),
(415, 30, 'status', 'select_dropdown', 'status', 1, 1, 1, 1, 0, 1, 1, '{\"options\":{\"0\":\"Inactive\",\"1\":\"Active\"}}', '{}', 3),
(416, 30, 'deleted_at', 'timestamp', 'Deleted At', 0, 0, 0, 0, 0, 0, 0, '{}', '{}', 4),
(417, 30, 'added_by', 'text', 'Added By', 1, 0, 0, 0, 0, 1, 0, '{}', '{}', 5),
(418, 30, 'updated_by', 'text', 'Updated By', 0, 0, 0, 0, 0, 1, 0, '{}', '{}', 6),
(419, 30, 'created_at', 'timestamp', 'Created At', 0, 0, 0, 0, 0, 1, 0, '{}', '{}', 7),
(420, 30, 'updated_at', 'timestamp', 'Updated At', 0, 0, 0, 0, 0, 0, 0, '{}', '{}', 8),
(421, 31, 'id', 'text', 'Id', 1, 0, 0, 0, 0, 0, 0, '{}', '{}', 1),
(422, 31, 'station_id', 'text', 'Station Id', 1, 1, 1, 1, 1, 1, 1, '{}', '{}', 2),
(423, 31, 'tenant_id', 'text', 'Tenant Id', 1, 1, 1, 1, 1, 1, 1, '{}', '{}', 5),
(424, 31, 'area_id', 'text', 'Area Id', 1, 1, 1, 1, 1, 1, 1, '{}', '{}', 9),
(425, 31, 'code_id', 'text', 'Code Id', 1, 1, 1, 1, 1, 1, 1, '{}', '{}', 10),
(426, 31, 'vehicle_number', 'text', 'vehicle_number', 1, 1, 1, 1, 1, 1, 1, '{\"validation\":{\"rule\":\"required\"},\"frontend_validation\":{\"rules\":{\"required\":true}}}', '{}', 12),
(427, 31, 'mobile_number', 'text', 'mobile_number', 0, 1, 1, 1, 1, 1, 1, '{}', '{}', 13),
(428, 31, 'parking_number', 'text', 'parking_number', 1, 1, 1, 1, 1, 1, 1, '{}', '{}', 14),
(429, 31, 'status', 'select_dropdown', 'status', 1, 1, 1, 1, 1, 1, 1, '{\"options\":{\"0\":\"Inactive\",\"1\":\"Active\"}}', '{}', 15),
(430, 31, 'deleted_at', 'timestamp', 'Deleted At', 0, 0, 0, 0, 0, 1, 0, '{}', '{}', 16),
(431, 31, 'added_by', 'text', 'Added By', 1, 0, 0, 0, 0, 1, 0, '{}', '{}', 17),
(432, 31, 'updated_by', 'text', 'Updated By', 0, 0, 0, 0, 0, 1, 0, '{}', '{}', 18),
(433, 31, 'created_at', 'timestamp', 'Created At', 0, 0, 0, 0, 0, 1, 1, '{}', '{}', 19),
(434, 31, 'updated_at', 'timestamp', 'Updated At', 0, 0, 0, 0, 0, 0, 0, '{}', '{}', 20),
(435, 31, 'car_number_belongsto_station_relationship', 'relationship', 'stations', 0, 1, 1, 1, 1, 1, 0, '{\"model\":\"App\\\\Models\\\\Station\",\"table\":\"stations\",\"type\":\"belongsTo\",\"column\":\"station_id\",\"key\":\"id\",\"label\":\"name\",\"pivot_table\":\"activity_logs\",\"pivot\":\"0\",\"taggable\":\"0\"}', '{\"dependent_fields\":[\"select[name=tenents]\"],\"frontend_validation\":{\"rules\":{\"required\":true}}}', 3),
(436, 31, 'car_number_belongsto_tenant_relationship', 'relationship', 'tenants', 0, 1, 1, 1, 1, 1, 0, '{\"model\":\"App\\\\Models\\\\Tenant\",\"table\":\"tenants\",\"type\":\"belongsTo\",\"column\":\"tenant_id\",\"key\":\"id\",\"label\":\"name\",\"pivot_table\":\"activity_logs\",\"pivot\":\"0\",\"taggable\":\"0\"}', '{\"depend_on\":[\"select[name=stations]\"],\"frontend_validation\":{\"rules\":{\"required\":true}}}', 6),
(437, 31, 'car_number_belongsto_area_relationship', 'relationship', 'areas', 0, 1, 1, 1, 1, 1, 0, '{\"model\":\"App\\\\Models\\\\Area\",\"table\":\"areas\",\"type\":\"belongsTo\",\"column\":\"area_id\",\"key\":\"id\",\"label\":\"name\",\"pivot_table\":\"activity_logs\",\"pivot\":\"0\",\"taggable\":\"0\"}', '{\"validation\":{\"rule\":\"required\"},\"frontend_validation\":{\"rules\":{\"required\":true}}}', 8),
(438, 31, 'car_number_belongsto_code_relationship', 'relationship', 'codes', 0, 1, 1, 1, 1, 1, 0, '{\"model\":\"App\\\\Models\\\\Code\",\"table\":\"codes\",\"type\":\"belongsTo\",\"column\":\"code_id\",\"key\":\"id\",\"label\":\"name\",\"pivot_table\":\"activity_logs\",\"pivot\":\"0\",\"taggable\":\"0\"}', '{\"validation\":{\"rule\":\"required\"},\"frontend_validation\":{\"rules\":{\"required\":true}}}', 11),
(439, 31, 'vehicle_type_id', 'text', 'Vehicle Type Id', 1, 1, 1, 1, 1, 1, 1, '{}', '{}', 4),
(440, 31, 'car_number_belongsto_vehicle_type_relationship', 'relationship', 'vehicle_type', 0, 1, 1, 1, 1, 1, 0, '{\"model\":\"App\\\\models\\\\VehicleType\",\"table\":\"vehicle_types\",\"type\":\"belongsTo\",\"column\":\"vehicle_type_id\",\"key\":\"id\",\"label\":\"name\",\"pivot_table\":\"activity_logs\",\"pivot\":\"0\",\"taggable\":\"0\"}', '{}', 7);

-- --------------------------------------------------------

--
-- Table structure for table `data_types`
--

DROP TABLE IF EXISTS `data_types`;
CREATE TABLE IF NOT EXISTS `data_types` (
  `id` int(10) UNSIGNED NOT NULL AUTO_INCREMENT,
  `name` varchar(191) COLLATE utf8mb4_unicode_ci NOT NULL,
  `slug` varchar(191) COLLATE utf8mb4_unicode_ci NOT NULL,
  `display_name_singular` varchar(191) COLLATE utf8mb4_unicode_ci NOT NULL,
  `display_name_plural` varchar(191) COLLATE utf8mb4_unicode_ci NOT NULL,
  `icon` varchar(191) COLLATE utf8mb4_unicode_ci DEFAULT NULL,
  `model_name` varchar(191) COLLATE utf8mb4_unicode_ci DEFAULT NULL,
  `policy_name` varchar(191) COLLATE utf8mb4_unicode_ci DEFAULT NULL,
  `controller` varchar(191) COLLATE utf8mb4_unicode_ci DEFAULT NULL,
  `description` varchar(191) COLLATE utf8mb4_unicode_ci DEFAULT NULL,
  `generate_permissions` tinyint(1) NOT NULL DEFAULT 0,
  `server_side` tinyint(1) NOT NULL DEFAULT 0,
  `details` text COLLATE utf8mb4_unicode_ci DEFAULT NULL,
  `created_at` timestamp NULL DEFAULT NULL,
  `updated_at` timestamp NULL DEFAULT NULL,
  PRIMARY KEY (`id`),
  UNIQUE KEY `data_types_name_unique` (`name`),
  UNIQUE KEY `data_types_slug_unique` (`slug`)
) ENGINE=InnoDB AUTO_INCREMENT=32 DEFAULT CHARSET=utf8mb4 COLLATE=utf8mb4_unicode_ci;

--
-- Dumping data for table `data_types`
--

INSERT INTO `data_types` (`id`, `name`, `slug`, `display_name_singular`, `display_name_plural`, `icon`, `model_name`, `policy_name`, `controller`, `description`, `generate_permissions`, `server_side`, `details`, `created_at`, `updated_at`) VALUES
(1, 'users', 'users', 'User', 'Users', 'voyager-person', 'App\\Models\\User', 'App\\Policies\\UserPolicy', 'App\\Http\\Controllers\\Voyager\\VoyagerUserController', NULL, 1, 0, '{\"order_column\":null,\"order_display_column\":null,\"order_direction\":\"desc\",\"default_search_key\":null,\"scope\":\"acl\"}', '2019-12-12 04:28:39', '2020-01-13 05:35:23'),
(2, 'menus', 'menus', 'Menu', 'Menus', 'voyager-list', 'App\\Models\\Menu', NULL, '', '', 1, 0, NULL, '2019-12-12 04:28:39', '2019-12-12 04:28:39'),
(3, 'roles', 'roles', 'Role', 'Roles', 'voyager-lock', 'App\\Models\\Role', NULL, NULL, NULL, 1, 0, '{\"order_column\":null,\"order_display_column\":null,\"order_direction\":\"desc\",\"default_search_key\":null,\"scope\":null}', '2019-12-12 04:28:40', '2019-12-23 05:05:49'),
(4, 'loc_divisions', 'divisions', 'Division', 'Loc Divisions', NULL, 'App\\Models\\LocDivision', NULL, 'App\\Http\\Controllers\\LocDivisionController', NULL, 1, 0, '{\"order_column\":\"id\",\"order_display_column\":\"title\",\"order_direction\":\"desc\",\"default_search_key\":\"title\",\"scope\":null}', '2019-12-15 10:24:14', '2020-01-05 17:56:28'),
(5, 'loc_districts', 'loc-districts', 'District', 'Districts', NULL, 'App\\Models\\LocDistrict', NULL, 'App\\Http\\Controllers\\LocDistrictController', NULL, 1, 0, '{\"order_column\":\"id\",\"order_display_column\":\"title_en\",\"order_direction\":\"asc\",\"default_search_key\":\"id\",\"scope\":null}', '2019-12-17 04:34:59', '2020-01-05 17:56:19'),
(6, 'permissions', 'permissions', 'Permission', 'Permissions', 'voyager-skull', 'App\\Models\\Permission', NULL, NULL, NULL, 1, 0, '{\"order_column\":null,\"order_display_column\":null,\"order_direction\":\"asc\",\"default_search_key\":null,\"scope\":null}', '2019-12-23 11:47:46', '2019-12-23 12:01:12'),
(7, 'loc_upazilas', 'loc-upazilas', 'Loc Upazila', 'Loc Upazilas', NULL, 'App\\Models\\LocUpazila', NULL, 'App\\Http\\Controllers\\LocUpazilaController', NULL, 1, 0, '{\"order_column\":\"id\",\"order_display_column\":\"title\",\"order_direction\":\"asc\",\"default_search_key\":null,\"scope\":null}', '2019-12-17 06:34:27', '2020-01-05 17:56:47'),
(23, 'stations', 'stations', 'Station', 'Stations', 'voyager-categories', 'App\\Models\\Station', 'App\\Policies\\StationPolicy', 'App\\Http\\Controllers\\StationController', NULL, 1, 0, '{\"order_column\":null,\"order_display_column\":null,\"order_direction\":\"asc\",\"default_search_key\":null,\"scope\":null}', '2021-03-02 06:32:15', '2021-03-02 06:36:33'),
(24, 'vehicle_types', 'vehicle-types', 'Vehicle Type', 'Vehicle Types', 'voyager-categories', 'App\\Models\\VehicleType', 'App\\Policies\\VehicleTypePolicy', 'App\\Http\\Controllers\\VehicleTypeController', NULL, 1, 0, '{\"order_column\":null,\"order_display_column\":null,\"order_direction\":\"asc\",\"default_search_key\":null,\"scope\":null}', '2021-03-02 06:50:48', '2021-03-02 06:56:42'),
(25, 'customer_categories', 'customer-categories', 'Customer Category', 'Customer Categories', 'voyager-categories', 'App\\Models\\CustomerCategory', 'App\\Policies\\CustomerCategoryPolicy', 'App\\Http\\Controllers\\CustomerCategoryController', NULL, 1, 0, '{\"order_column\":null,\"order_display_column\":null,\"order_direction\":\"asc\",\"default_search_key\":null,\"scope\":null}', '2021-03-02 11:01:25', '2021-04-07 07:05:54'),
(26, 'tenants', 'tenants', 'Tenant', 'Tenants', 'voyager-categories', 'App\\Models\\Tenant', 'App\\Policies\\TenantPolicy', 'App\\Http\\Controllers\\TenantController', NULL, 1, 0, '{\"order_column\":null,\"order_display_column\":null,\"order_direction\":\"asc\",\"default_search_key\":null,\"scope\":null}', '2021-03-02 11:31:34', '2021-04-07 07:07:20'),
(27, 'rates', 'rates', 'Rate', 'Rates', 'voyager-categories', 'App\\Models\\Rate', 'App\\Policies\\RatePolicy', 'App\\Http\\Controllers\\RateController', NULL, 1, 0, '{\"order_column\":null,\"order_display_column\":null,\"order_direction\":\"asc\",\"default_search_key\":null,\"scope\":null}', '2021-03-03 03:00:06', '2021-06-17 10:57:38'),
(28, 'daily_parkings', 'daily-parkings', 'Daily Parking', 'Daily Parkings', 'voyager-categories', 'App\\Models\\DailyParking', 'App\\Policies\\DailyParkingPolicy', 'App\\Http\\Controllers\\DailyParkingController', NULL, 1, 0, '{\"order_column\":null,\"order_display_column\":null,\"order_direction\":\"asc\",\"default_search_key\":null}', '2021-03-03 06:45:37', '2021-03-03 06:45:37'),
(29, 'areas', 'areas', 'Area', 'Areas', 'voyager-categories', 'App\\Models\\Area', 'App\\Policies\\AreaPolicy', 'App\\Http\\Controllers\\AreaController', NULL, 1, 0, '{\"order_column\":null,\"order_display_column\":null,\"order_direction\":\"asc\",\"default_search_key\":null,\"scope\":null}', '2021-03-09 04:59:57', '2021-03-09 05:01:53'),
(30, 'codes', 'codes', 'Code', 'Codes', 'voyager-categories', 'App\\Models\\Code', 'App\\Policies\\CodePolicy', 'App\\Http\\Controllers\\CodeController', NULL, 1, 0, '{\"order_column\":null,\"order_display_column\":null,\"order_direction\":\"asc\",\"default_search_key\":null,\"scope\":null}', '2021-03-09 05:06:38', '2021-03-09 05:07:26'),
(31, 'car_numbers', 'car-numbers', 'Car Number', 'Car Numbers', 'voyager-categories', 'App\\Models\\CarNumber', 'App\\Policies\\CarNumberPolicy', 'App\\Http\\Controllers\\CarNumberController', NULL, 1, 0, '{\"order_column\":null,\"order_display_column\":null,\"order_direction\":\"asc\",\"default_search_key\":null,\"scope\":null}', '2021-03-09 06:56:25', '2021-06-12 08:29:18');

-- --------------------------------------------------------

--
-- Table structure for table `departments`
--

DROP TABLE IF EXISTS `departments`;
CREATE TABLE IF NOT EXISTS `departments` (
  `id` smallint(5) UNSIGNED NOT NULL AUTO_INCREMENT,
  `name` varchar(191) COLLATE utf8mb4_unicode_ci NOT NULL,
  `description` varchar(191) COLLATE utf8mb4_unicode_ci NOT NULL,
  `deleted_at` timestamp NULL DEFAULT NULL,
  `created_at` timestamp NULL DEFAULT NULL,
  `updated_at` timestamp NULL DEFAULT NULL,
  PRIMARY KEY (`id`)
) ENGINE=InnoDB AUTO_INCREMENT=3 DEFAULT CHARSET=utf8mb4 COLLATE=utf8mb4_unicode_ci;

--
-- Dumping data for table `departments`
--

INSERT INTO `departments` (`id`, `name`, `description`, `deleted_at`, `created_at`, `updated_at`) VALUES
(2, 'IT Department', 'Unique group It Departments', NULL, '2020-03-07 06:42:12', '2020-03-07 06:42:12');

-- --------------------------------------------------------

--
-- Table structure for table `districts`
--

DROP TABLE IF EXISTS `districts`;
CREATE TABLE IF NOT EXISTS `districts` (
  `id` smallint(5) UNSIGNED NOT NULL AUTO_INCREMENT,
  `division_id` smallint(5) UNSIGNED NOT NULL,
  `name` varchar(100) COLLATE utf8mb4_unicode_ci NOT NULL,
  `bn_name` varchar(100) COLLATE utf8mb4_unicode_ci NOT NULL,
  `lat` double(10,3) DEFAULT NULL,
  `lon` double(10,3) DEFAULT NULL,
  `url` varchar(100) COLLATE utf8mb4_unicode_ci DEFAULT NULL,
  `deleted_at` timestamp NULL DEFAULT NULL,
  `created_at` timestamp NULL DEFAULT NULL,
  `updated_at` timestamp NULL DEFAULT NULL,
  PRIMARY KEY (`id`),
  KEY `districts_name_index` (`name`),
  KEY `districts_bn_name_index` (`bn_name`)
) ENGINE=InnoDB AUTO_INCREMENT=77 DEFAULT CHARSET=utf8mb4 COLLATE=utf8mb4_unicode_ci;

--
-- Dumping data for table `districts`
--

INSERT INTO `districts` (`id`, `division_id`, `name`, `bn_name`, `lat`, `lon`, `url`, `deleted_at`, `created_at`, `updated_at`) VALUES
(1, 1, 'Comilla', 'কুমিল্লা', 23.468, 91.179, 'www.comilla.gov.bd', NULL, NULL, NULL),
(2, 1, 'Feni', 'ফেনী', 23.023, 91.384, 'www.feni.gov.bd', NULL, NULL, NULL),
(3, 1, 'Brahmanbaria', 'ব্রাহ্মণবাড়িয়া', 23.957, 91.112, 'www.brahmanbaria.gov.bd', NULL, NULL, NULL),
(4, 1, 'Rangamati', 'রাঙ্গামাটি', NULL, NULL, 'www.rangamati.gov.bd', NULL, NULL, NULL),
(5, 1, 'Noakhali', 'নোয়াখালী', 22.870, 91.099, 'www.noakhali.gov.bd', NULL, NULL, NULL),
(6, 1, 'Chandpur', 'চাঁদপুর', 23.233, 90.671, 'www.chandpur.gov.bd', NULL, NULL, NULL),
(7, 1, 'Lakshmipur', 'লক্ষ্মীপুর', 22.942, 90.841, 'www.lakshmipur.gov.bd', NULL, NULL, NULL),
(8, 1, 'Chattogram', 'চট্টগ্রাম', 22.335, 91.834, 'www.chittagong.gov.bd', NULL, NULL, NULL),
(9, 1, 'Coxsbazar', 'কক্সবাজার', NULL, NULL, 'www.coxsbazar.gov.bd', NULL, NULL, NULL),
(10, 1, 'Khagrachhari', 'খাগড়াছড়ি', 23.119, 91.985, 'www.khagrachhari.gov.bd', NULL, NULL, NULL),
(11, 1, 'Bandarban', 'বান্দরবান', 22.195, 92.218, 'www.bandarban.gov.bd', NULL, NULL, NULL),
(12, 2, 'Sirajganj', 'সিরাজগঞ্জ', 24.453, 89.701, 'www.sirajganj.gov.bd', NULL, NULL, NULL),
(13, 2, 'Pabna', 'পাবনা', 23.999, 89.234, 'www.pabna.gov.bd', NULL, NULL, NULL),
(14, 2, 'Bogura', 'বগুড়া', 24.847, 89.378, 'www.bogra.gov.bd', NULL, NULL, NULL),
(15, 2, 'Rajshahi', 'রাজশাহী', NULL, NULL, 'www.rajshahi.gov.bd', NULL, NULL, NULL),
(16, 2, 'Natore', 'নাটোর', 24.421, 89.000, 'www.natore.gov.bd', NULL, NULL, NULL),
(17, 2, 'Joypurhat', 'জয়পুরহাট', NULL, NULL, 'www.joypurhat.gov.bd', NULL, NULL, NULL),
(18, 2, 'Chapainawabganj', 'চাঁপাইনবাবগঞ্জ', 24.597, 88.278, 'www.chapainawabganj.gov.bd', NULL, NULL, NULL),
(19, 2, 'Naogaon', 'নওগাঁ', NULL, NULL, 'www.naogaon.gov.bd', NULL, NULL, NULL),
(20, 3, 'Jashore', 'যশোর', 23.166, 89.208, 'www.jessore.gov.bd', NULL, NULL, NULL),
(21, 3, 'Satkhira', 'সাতক্ষীরা', NULL, NULL, 'www.satkhira.gov.bd', NULL, NULL, NULL),
(22, 3, 'Meherpur', 'মেহেরপুর', 23.762, 88.632, 'www.meherpur.gov.bd', NULL, NULL, NULL),
(23, 3, 'Narail', 'নড়াইল', 23.173, 89.513, 'www.narail.gov.bd', NULL, NULL, NULL),
(24, 3, 'Chuadanga', 'চুয়াডাঙ্গা', 23.640, 88.842, 'www.chuadanga.gov.bd', NULL, NULL, NULL),
(25, 3, 'Kushtia', 'কুষ্টিয়া', 23.901, 89.120, 'www.kushtia.gov.bd', NULL, NULL, NULL),
(26, 3, 'Magura', 'মাগুরা', 23.487, 89.420, 'www.magura.gov.bd', NULL, NULL, NULL),
(27, 3, 'Khulna', 'খুলনা', 22.816, 89.569, 'www.khulna.gov.bd', NULL, NULL, NULL),
(28, 3, 'Bagerhat', 'বাগেরহাট', 22.652, 89.786, 'www.bagerhat.gov.bd', NULL, NULL, NULL),
(29, 3, 'Jhenaidah', 'ঝিনাইদহ', 23.545, 89.154, 'www.jhenaidah.gov.bd', NULL, NULL, NULL),
(30, 4, 'Jhalakathi', 'ঝালকাঠি', NULL, NULL, 'www.jhalakathi.gov.bd', NULL, NULL, NULL),
(31, 4, 'Patuakhali', 'পটুয়াখালী', 22.360, 90.330, 'www.patuakhali.gov.bd', NULL, NULL, NULL),
(32, 4, 'Pirojpur', 'পিরোজপুর', NULL, NULL, 'www.pirojpur.gov.bd', NULL, NULL, NULL),
(33, 4, 'Barisal', 'বরিশাল', NULL, NULL, 'www.barisal.gov.bd', NULL, NULL, NULL),
(34, 4, 'Bhola', 'ভোলা', 22.686, 90.648, 'www.bhola.gov.bd', NULL, NULL, NULL),
(35, 4, 'Barguna', 'বরগুনা', NULL, NULL, 'www.barguna.gov.bd', NULL, NULL, NULL),
(36, 5, 'Sylhet', 'সিলেট', 24.890, 91.870, 'www.sylhet.gov.bd', NULL, NULL, NULL),
(37, 5, 'Moulvibazar', 'মৌলভীবাজার', 24.483, 91.777, 'www.moulvibazar.gov.bd', NULL, NULL, NULL),
(38, 5, 'Habiganj', 'হবিগঞ্জ', 24.375, 91.416, 'www.habiganj.gov.bd', NULL, NULL, NULL),
(39, 5, 'Sunamganj', 'সুনামগঞ্জ', 25.066, 91.395, 'www.sunamganj.gov.bd', NULL, NULL, NULL),
(40, 6, 'Narsingdi', 'নরসিংদী', 23.932, 90.715, 'www.narsingdi.gov.bd', NULL, NULL, NULL),
(41, 6, 'Gazipur', 'গাজীপুর', 24.002, 90.426, 'www.gazipur.gov.bd', NULL, NULL, NULL),
(42, 6, 'Shariatpur', 'শরীয়তপুর', NULL, NULL, 'www.shariatpur.gov.bd', NULL, NULL, NULL),
(43, 6, 'Narayanganj', 'নারায়ণগঞ্জ', 23.634, 90.496, 'www.narayanganj.gov.bd', NULL, NULL, NULL),
(44, 6, 'Tangail', 'টাঙ্গাইল', NULL, NULL, 'www.tangail.gov.bd', NULL, NULL, NULL),
(45, 6, 'Kishoreganj', 'কিশোরগঞ্জ', 24.445, 90.777, 'www.kishoreganj.gov.bd', NULL, NULL, NULL),
(46, 6, 'Manikganj', 'মানিকগঞ্জ', NULL, NULL, 'www.manikganj.gov.bd', NULL, NULL, NULL),
(47, 6, 'Dhaka', 'ঢাকা', 23.712, 90.411, 'www.dhaka.gov.bd', NULL, NULL, NULL),
(48, 6, 'Munshiganj', 'মুন্সিগঞ্জ', NULL, NULL, 'www.munshiganj.gov.bd', NULL, NULL, NULL),
(49, 6, 'Rajbari', 'রাজবাড়ী', 23.757, 89.644, 'www.rajbari.gov.bd', NULL, NULL, NULL),
(50, 6, 'Madaripur', 'মাদারীপুর', 23.164, 90.190, 'www.madaripur.gov.bd', NULL, NULL, NULL),
(51, 6, 'Gopalganj', 'গোপালগঞ্জ', 23.005, 89.827, 'www.gopalganj.gov.bd', NULL, NULL, NULL),
(52, 6, 'Faridpur', 'ফরিদপুর', 23.607, 89.843, 'www.faridpur.gov.bd', NULL, NULL, NULL),
(53, 7, 'Panchagarh', 'পঞ্চগড়', 26.341, 88.554, 'www.panchagarh.gov.bd', NULL, NULL, NULL),
(54, 7, 'Dinajpur', 'দিনাজপুর', 25.622, 88.635, 'www.dinajpur.gov.bd', NULL, NULL, NULL),
(55, 7, 'Lalmonirhat', 'লালমনিরহাট', NULL, NULL, 'www.lalmonirhat.gov.bd', NULL, NULL, NULL),
(56, 7, 'Nilphamari', 'নীলফামারী', 25.932, 88.856, 'www.nilphamari.gov.bd', NULL, NULL, NULL),
(57, 7, 'Gaibandha', 'গাইবান্ধা', 25.329, 89.528, 'www.gaibandha.gov.bd', NULL, NULL, NULL),
(58, 7, 'Thakurgaon', 'ঠাকুরগাঁও', 26.034, 88.462, 'www.thakurgaon.gov.bd', NULL, NULL, NULL),
(59, 7, 'Rangpur', 'রংপুর', 25.756, 89.244, 'www.rangpur.gov.bd', NULL, NULL, NULL),
(60, 7, 'Kurigram', 'কুড়িগ্রাম', 25.805, 89.636, 'www.kurigram.gov.bd', NULL, NULL, NULL),
(61, 8, 'Sherpur', 'শেরপুর', 25.020, 90.015, 'www.sherpur.gov.bd', NULL, NULL, NULL),
(62, 8, 'Mymensingh', 'ময়মনসিংহ', NULL, NULL, 'www.mymensingh.gov.bd', NULL, NULL, NULL),
(63, 8, 'Jamalpur', 'জামালপুর', 24.938, 89.938, 'www.jamalpur.gov.bd', NULL, NULL, NULL),
(64, 8, 'Netrokona', 'নেত্রকোণা', 24.871, 90.728, 'www.netrokona.gov.bd', NULL, NULL, NULL),
(65, 4, 'Barisal City Corporation ', 'Barisal City Corporation ', NULL, NULL, NULL, NULL, NULL, NULL),
(66, 1, 'Chattogram City Corporation', 'Chattogram City Corporation', NULL, NULL, NULL, NULL, NULL, NULL),
(67, 1, 'Cumilla City Corporation (COCC)', 'Cumilla City Corporation (COCC)', NULL, NULL, NULL, NULL, NULL, NULL),
(68, 6, 'Dhaka North City Corporation (DNCC)', 'Dhaka North City Corporation (DNCC)', NULL, NULL, NULL, NULL, NULL, NULL),
(69, 6, 'Dhaka South City Corporation (DSCC)', 'Dhaka South City Corporation (DSCC)', NULL, NULL, NULL, NULL, NULL, NULL),
(70, 6, 'Gazipur City Corporation (GCC)', 'Gazipur City Corporation (GCC)', NULL, NULL, NULL, NULL, NULL, NULL),
(71, 6, 'Narayanganj City Corporation (NCC)', 'Narayanganj City Corporation (NCC)', NULL, NULL, NULL, NULL, NULL, NULL),
(72, 3, 'Khulna City Corporation (KCC)', 'Khulna City Corporation (KCC)', NULL, NULL, NULL, NULL, NULL, NULL),
(73, 8, 'Mymensingh City Corporation (MCC)', 'Mymensingh City Corporation (MCC)', NULL, NULL, NULL, NULL, NULL, NULL),
(74, 2, 'Rajshahi City Corporation (RCC)', 'Rajshahi City Corporation (RCC)', NULL, NULL, NULL, NULL, NULL, NULL),
(75, 7, 'Rangpur City Corporation (RACC)', 'Rangpur City Corporation (RACC)', NULL, NULL, NULL, NULL, NULL, NULL),
(76, 5, 'Sylhet City Corporation (SCC)', 'Sylhet City Corporation (SCC)', NULL, NULL, NULL, NULL, NULL, NULL);

-- --------------------------------------------------------

--
-- Table structure for table `divisions`
--

DROP TABLE IF EXISTS `divisions`;
CREATE TABLE IF NOT EXISTS `divisions` (
  `id` smallint(5) UNSIGNED NOT NULL AUTO_INCREMENT,
  `name` varchar(100) COLLATE utf8mb4_unicode_ci NOT NULL,
  `bn_name` varchar(100) COLLATE utf8mb4_unicode_ci NOT NULL,
  `url` varchar(100) COLLATE utf8mb4_unicode_ci NOT NULL,
  `deleted_at` timestamp NULL DEFAULT NULL,
  `created_at` timestamp NULL DEFAULT NULL,
  `updated_at` timestamp NULL DEFAULT NULL,
  PRIMARY KEY (`id`),
  KEY `divisions_name_index` (`name`),
  KEY `divisions_bn_name_index` (`bn_name`)
) ENGINE=InnoDB AUTO_INCREMENT=9 DEFAULT CHARSET=utf8mb4 COLLATE=utf8mb4_unicode_ci;

--
-- Dumping data for table `divisions`
--

INSERT INTO `divisions` (`id`, `name`, `bn_name`, `url`, `deleted_at`, `created_at`, `updated_at`) VALUES
(1, 'Chattagram', 'চট্টগ্রাম', 'www.chittagongdiv.gov.bd', NULL, NULL, NULL),
(2, 'Rajshahi', 'রাজশাহী', 'www.rajshahidiv.gov.bd', NULL, NULL, NULL),
(3, 'Khulna', 'খুলনা', 'www.khulnadiv.gov.bd', NULL, NULL, NULL),
(4, 'Barisal', 'বরিশাল', 'www.barisaldiv.gov.bd', NULL, NULL, NULL),
(5, 'Sylhet', 'সিলেট', 'www.sylhetdiv.gov.bd', NULL, NULL, NULL),
(6, 'Dhaka', 'ঢাকা', 'www.dhakadiv.gov.bd', NULL, NULL, NULL),
(7, 'Rangpur', 'রংপুর', 'www.rangpurdiv.gov.bd', NULL, NULL, NULL),
(8, 'Mymensingh', 'ময়মনসিংহ', 'www.mymensinghdiv.gov.bd', NULL, NULL, NULL);

-- --------------------------------------------------------

--
-- Table structure for table `loc_districts`
--

DROP TABLE IF EXISTS `loc_districts`;
CREATE TABLE IF NOT EXISTS `loc_districts` (
  `id` mediumint(8) UNSIGNED NOT NULL AUTO_INCREMENT,
  `loc_division_id` mediumint(8) UNSIGNED NOT NULL,
  `division_bbs_code` char(4) COLLATE utf8mb4_unicode_ci DEFAULT NULL,
  `title_en` varchar(191) COLLATE utf8mb4_unicode_ci NOT NULL,
  `title` varchar(191) COLLATE utf8mb4_unicode_ci NOT NULL,
  `bbs_code` char(4) COLLATE utf8mb4_unicode_ci DEFAULT NULL,
  `status` tinyint(1) NOT NULL DEFAULT 1,
  `created_by` int(11) DEFAULT NULL,
  `updated_by` int(11) DEFAULT NULL,
  `created_at` timestamp NULL DEFAULT NULL,
  `updated_at` timestamp NULL DEFAULT NULL,
  PRIMARY KEY (`id`)
) ENGINE=InnoDB DEFAULT CHARSET=utf8mb4 COLLATE=utf8mb4_unicode_ci;

-- --------------------------------------------------------

--
-- Table structure for table `loc_divisions`
--

DROP TABLE IF EXISTS `loc_divisions`;
CREATE TABLE IF NOT EXISTS `loc_divisions` (
  `id` mediumint(8) UNSIGNED NOT NULL AUTO_INCREMENT,
  `title_en` varchar(191) COLLATE utf8mb4_unicode_ci NOT NULL,
  `title` varchar(191) COLLATE utf8mb4_unicode_ci NOT NULL,
  `bbs_code` char(4) COLLATE utf8mb4_unicode_ci DEFAULT '',
  `status` tinyint(1) NOT NULL DEFAULT 1,
  `created_by` int(10) UNSIGNED DEFAULT NULL,
  `updated_by` int(10) UNSIGNED DEFAULT NULL,
  `created_at` timestamp NULL DEFAULT NULL,
  `updated_at` timestamp NULL DEFAULT NULL,
  PRIMARY KEY (`id`)
) ENGINE=InnoDB DEFAULT CHARSET=utf8mb4 COLLATE=utf8mb4_unicode_ci;

-- --------------------------------------------------------

--
-- Table structure for table `loc_municipalities`
--

DROP TABLE IF EXISTS `loc_municipalities`;
CREATE TABLE IF NOT EXISTS `loc_municipalities` (
  `id` int(10) UNSIGNED NOT NULL AUTO_INCREMENT,
  `loc_division_id` mediumint(8) UNSIGNED NOT NULL,
  `loc_district_id` mediumint(8) UNSIGNED NOT NULL,
  `loc_upazila_id` int(10) UNSIGNED DEFAULT NULL,
  `geo_code` varchar(10) COLLATE utf8mb4_unicode_ci NOT NULL,
  `title_en` varchar(100) COLLATE utf8mb4_unicode_ci NOT NULL,
  `title` varchar(300) COLLATE utf8mb4_unicode_ci NOT NULL,
  `municipality_type` varchar(300) COLLATE utf8mb4_unicode_ci NOT NULL,
  `created_by` int(10) UNSIGNED DEFAULT NULL,
  `updated_by` int(10) UNSIGNED DEFAULT NULL,
  `created_at` timestamp NULL DEFAULT NULL,
  `updated_at` timestamp NULL DEFAULT NULL,
  PRIMARY KEY (`id`)
) ENGINE=InnoDB DEFAULT CHARSET=utf8mb4 COLLATE=utf8mb4_unicode_ci;

-- --------------------------------------------------------

--
-- Table structure for table `loc_unions`
--

DROP TABLE IF EXISTS `loc_unions`;
CREATE TABLE IF NOT EXISTS `loc_unions` (
  `id` int(10) UNSIGNED NOT NULL AUTO_INCREMENT,
  `loc_division_id` mediumint(8) UNSIGNED NOT NULL,
  `loc_district_id` mediumint(8) UNSIGNED NOT NULL,
  `loc_upazila_id` int(10) UNSIGNED NOT NULL,
  `division_bbs_code` char(4) COLLATE utf8mb4_unicode_ci DEFAULT NULL,
  `district_bbs_code` char(4) COLLATE utf8mb4_unicode_ci DEFAULT NULL,
  `upazila_bbs_code` char(4) COLLATE utf8mb4_unicode_ci DEFAULT NULL,
  `title_en` varchar(191) COLLATE utf8mb4_unicode_ci NOT NULL,
  `title` varchar(191) COLLATE utf8mb4_unicode_ci NOT NULL,
  `bbs_code` char(4) COLLATE utf8mb4_unicode_ci DEFAULT NULL,
  `status` tinyint(1) NOT NULL DEFAULT 1,
  `created_by` int(10) UNSIGNED DEFAULT NULL,
  `updated_by` int(10) UNSIGNED DEFAULT NULL,
  `created_at` timestamp NULL DEFAULT NULL,
  `updated_at` timestamp NULL DEFAULT NULL,
  PRIMARY KEY (`id`)
) ENGINE=InnoDB DEFAULT CHARSET=utf8mb4 COLLATE=utf8mb4_unicode_ci;

-- --------------------------------------------------------

--
-- Table structure for table `loc_upazilas`
--

DROP TABLE IF EXISTS `loc_upazilas`;
CREATE TABLE IF NOT EXISTS `loc_upazilas` (
  `id` int(10) UNSIGNED NOT NULL AUTO_INCREMENT,
  `loc_division_id` mediumint(8) UNSIGNED NOT NULL,
  `loc_district_id` mediumint(8) UNSIGNED NOT NULL,
  `division_bbs_code` char(4) COLLATE utf8mb4_unicode_ci DEFAULT NULL,
  `district_bbs_code` char(4) COLLATE utf8mb4_unicode_ci DEFAULT NULL,
  `title_en` varchar(191) COLLATE utf8mb4_unicode_ci NOT NULL,
  `title` varchar(191) COLLATE utf8mb4_unicode_ci NOT NULL,
  `bbs_code` char(4) COLLATE utf8mb4_unicode_ci DEFAULT NULL,
  `status` tinyint(1) NOT NULL DEFAULT 1,
  `created_by` int(10) UNSIGNED DEFAULT NULL,
  `updated_by` int(10) UNSIGNED DEFAULT NULL,
  `created_at` timestamp NULL DEFAULT NULL,
  `updated_at` timestamp NULL DEFAULT NULL,
  PRIMARY KEY (`id`)
) ENGINE=InnoDB DEFAULT CHARSET=utf8mb4 COLLATE=utf8mb4_unicode_ci;

-- --------------------------------------------------------

--
-- Table structure for table `menus`
--

DROP TABLE IF EXISTS `menus`;
CREATE TABLE IF NOT EXISTS `menus` (
  `id` int(10) UNSIGNED NOT NULL AUTO_INCREMENT,
  `name` varchar(191) COLLATE utf8mb4_unicode_ci NOT NULL,
  `created_at` timestamp NULL DEFAULT NULL,
  `updated_at` timestamp NULL DEFAULT NULL,
  PRIMARY KEY (`id`),
  UNIQUE KEY `menus_name_unique` (`name`)
) ENGINE=InnoDB AUTO_INCREMENT=2 DEFAULT CHARSET=utf8mb4 COLLATE=utf8mb4_unicode_ci;

--
-- Dumping data for table `menus`
--

INSERT INTO `menus` (`id`, `name`, `created_at`, `updated_at`) VALUES
(1, 'admin', '2019-12-12 04:28:40', '2019-12-12 04:28:40');

-- --------------------------------------------------------

--
-- Table structure for table `menu_items`
--

DROP TABLE IF EXISTS `menu_items`;
CREATE TABLE IF NOT EXISTS `menu_items` (
  `id` int(10) UNSIGNED NOT NULL AUTO_INCREMENT,
  `menu_id` int(10) UNSIGNED DEFAULT NULL,
  `title` varchar(191) COLLATE utf8mb4_unicode_ci NOT NULL,
  `title_lang_key` varchar(100) COLLATE utf8mb4_unicode_ci DEFAULT NULL,
  `url` varchar(191) COLLATE utf8mb4_unicode_ci NOT NULL,
  `target` varchar(191) COLLATE utf8mb4_unicode_ci NOT NULL DEFAULT '_self',
  `icon_class` varchar(191) COLLATE utf8mb4_unicode_ci DEFAULT NULL,
  `color` varchar(191) COLLATE utf8mb4_unicode_ci DEFAULT NULL,
  `parent_id` int(11) DEFAULT NULL,
  `order` int(11) NOT NULL,
  `created_at` timestamp NULL DEFAULT NULL,
  `updated_at` timestamp NULL DEFAULT NULL,
  `route` varchar(191) COLLATE utf8mb4_unicode_ci DEFAULT NULL,
  `permission_key` varchar(191) COLLATE utf8mb4_unicode_ci DEFAULT NULL,
  `parameters` text COLLATE utf8mb4_unicode_ci DEFAULT NULL,
  PRIMARY KEY (`id`),
  KEY `menu_items_menu_id_foreign` (`menu_id`)
) ENGINE=InnoDB AUTO_INCREMENT=87 DEFAULT CHARSET=utf8mb4 COLLATE=utf8mb4_unicode_ci;

--
-- Dumping data for table `menu_items`
--

INSERT INTO `menu_items` (`id`, `menu_id`, `title`, `title_lang_key`, `url`, `target`, `icon_class`, `color`, `parent_id`, `order`, `created_at`, `updated_at`, `route`, `permission_key`, `parameters`) VALUES
(1, 1, 'Dashboard', 'menu.dashboard', '', '_self', 'voyager-boat', '#000000', NULL, 1, '2019-12-12 04:28:40', '2020-01-13 04:23:43', 'voyager.dashboard', NULL, 'null'),
(3, 1, 'Users', 'menu.users', '', '_self', 'voyager-person', NULL, NULL, 4, '2019-12-12 04:28:40', '2019-12-23 11:49:07', 'voyager.users.index', NULL, NULL),
(4, 1, 'Roles', 'menu.roles', '', '_self', 'voyager-lock', NULL, NULL, 2, '2019-12-12 04:28:40', '2019-12-12 04:28:40', 'voyager.roles.index', NULL, NULL),
(5, 1, 'Tools', 'menu.tools', '', '_self', 'voyager-tools', NULL, NULL, 5, '2019-12-12 04:28:40', '2020-06-10 09:36:35', NULL, NULL, NULL),
(6, 1, 'Menu Builder', 'menu.menu_builder', '', '_self', 'voyager-list', NULL, 5, 1, '2019-12-12 04:28:40', '2019-12-17 07:26:13', 'voyager.menus.index', NULL, NULL),
(7, 1, 'Database', 'menu.database', '', '_self', 'voyager-data', NULL, 5, 2, '2019-12-12 04:28:40', '2019-12-17 07:26:13', 'voyager.database.index', NULL, NULL),
(8, 1, 'Compass', 'menu.compass', '', '_self', 'voyager-compass', NULL, 5, 3, '2019-12-12 04:28:40', '2019-12-17 07:26:13', 'voyager.compass.index', NULL, NULL),
(9, 1, 'BREAD', 'menu.bread', '', '_self', 'voyager-bread', NULL, 5, 4, '2019-12-12 04:28:40', '2019-12-17 07:26:13', 'voyager.bread.index', NULL, NULL),
(10, 1, 'Settings', 'menu.settings', '', '_self', 'voyager-settings', NULL, NULL, 6, '2019-12-12 04:28:40', '2020-06-10 09:36:35', 'voyager.settings.index', NULL, NULL),
(11, 1, 'Loc Divisions', 'menu.loc_divisions', '', '_self', 'voyager-window-list', '#000000', 31, 1, '2019-12-15 10:24:15', '2019-12-23 11:49:20', 'voyager.divisions.index', NULL, 'null'),
(12, 1, 'Districts', 'menu.districts', '', '_self', 'voyager-window-list', '#000000', 31, 2, '2019-12-17 04:35:00', '2019-12-23 11:49:29', 'voyager.loc-districts.index', NULL, 'null'),
(14, 1, 'Loc Upazilas', 'menu.loc_upazilas', '', '_self', 'voyager-window-list', '#000000', 31, 3, '2019-12-17 06:34:27', '2019-12-23 11:49:29', 'voyager.loc-upazilas.index', NULL, 'null'),
(30, 1, 'Permissions', 'menu.permissions', '', '_self', 'voyager-skull', NULL, NULL, 3, '2019-12-23 11:47:46', '2019-12-23 11:49:07', 'voyager.permissions.index', NULL, NULL),
(78, 1, 'Stations', NULL, '', '_self', 'voyager-categories', NULL, NULL, 20, '2021-03-02 06:32:15', '2021-03-02 06:32:15', 'voyager.stations.index', NULL, NULL),
(79, 1, 'Vehicle Types', NULL, '', '_self', 'voyager-categories', NULL, NULL, 21, '2021-03-02 06:50:48', '2021-03-02 06:50:48', 'voyager.vehicle-types.index', NULL, NULL),
(80, 1, 'Customer Categories', NULL, '', '_self', 'voyager-categories', NULL, NULL, 22, '2021-03-02 11:01:25', '2021-03-02 11:01:25', 'voyager.customer-categories.index', NULL, NULL),
(81, 1, 'Tenants', NULL, '', '_self', 'voyager-categories', NULL, NULL, 23, '2021-03-02 11:31:34', '2021-03-02 11:31:34', 'voyager.tenants.index', NULL, NULL),
(82, 1, 'Rates', NULL, '', '_self', 'voyager-categories', NULL, NULL, 24, '2021-03-03 03:00:06', '2021-03-03 03:00:06', 'voyager.rates.index', NULL, NULL),
(83, 1, 'Daily Parkings', NULL, '', '_self', 'voyager-categories', NULL, NULL, 25, '2021-03-03 06:45:38', '2021-03-03 06:45:38', 'voyager.daily-parkings.index', NULL, NULL),
(84, 1, 'Areas', NULL, '', '_self', 'voyager-categories', NULL, NULL, 26, '2021-03-09 04:59:58', '2021-03-09 04:59:58', 'voyager.areas.index', NULL, NULL),
(85, 1, 'Codes', NULL, '', '_self', 'voyager-categories', NULL, NULL, 27, '2021-03-09 05:06:38', '2021-03-09 05:06:38', 'voyager.codes.index', NULL, NULL),
(86, 1, 'Car Numbers', NULL, '', '_self', 'voyager-categories', NULL, NULL, 28, '2021-03-09 06:56:26', '2021-03-09 06:56:26', 'voyager.car-numbers.index', NULL, NULL);

-- --------------------------------------------------------

--
-- Table structure for table `migrations`
--

DROP TABLE IF EXISTS `migrations`;
CREATE TABLE IF NOT EXISTS `migrations` (
  `id` int(10) UNSIGNED NOT NULL AUTO_INCREMENT,
  `migration` varchar(191) COLLATE utf8mb4_unicode_ci NOT NULL,
  `batch` int(11) NOT NULL,
  PRIMARY KEY (`id`)
) ENGINE=InnoDB AUTO_INCREMENT=108 DEFAULT CHARSET=utf8mb4 COLLATE=utf8mb4_unicode_ci;

--
-- Dumping data for table `migrations`
--

INSERT INTO `migrations` (`id`, `migration`, `batch`) VALUES
(1, '2012_11_03_115237_create_users_table', 1),
(2, '2019_11_03_115237_create_activity_logs_table', 1),
(3, '2019_11_03_115237_create_calendars_table', 1),
(4, '2019_11_03_115237_create_data_rows_table', 1),
(5, '2019_11_03_115237_create_data_types_table', 1),
(6, '2019_11_03_115237_create_designations_table', 1),
(7, '2019_11_03_115237_create_event_types_table', 1),
(8, '2019_11_03_115237_create_menu_items_table', 1),
(9, '2019_11_03_115237_create_menus_table', 1),
(10, '2019_11_03_115237_create_pages_table', 1),
(11, '2019_11_03_115237_create_password_resets_table', 1),
(12, '2019_11_03_115237_create_permission_role_table', 1),
(13, '2019_11_03_115237_create_permissions_table', 1),
(14, '2019_11_03_115237_create_posts_table', 1),
(15, '2019_11_03_115237_create_posts_tags_table', 1),
(16, '2019_11_03_115237_create_roles_table', 1),
(17, '2019_11_03_115237_create_settings_table', 1),
(18, '2019_11_03_115237_create_sms_configs_table', 1),
(19, '2019_11_03_115237_create_sms_sending_logs_table', 1),
(20, '2019_11_03_115237_create_tags_table', 1),
(21, '2019_11_03_115237_create_translations_table', 1),
(22, '2019_11_03_115237_create_user_roles_table', 1),
(23, '2019_11_03_115237_create_users_permissions_table', 1),
(24, '2019_11_03_115237_create_users_posts_table', 1),
(31, '2019_12_11_154635_create_field_supervisors_table', 1),
(32, '2016_06_01_000001_create_oauth_auth_codes_table', 2),
(33, '2016_06_01_000002_create_oauth_access_tokens_table', 2),
(34, '2016_06_01_000003_create_oauth_refresh_tokens_table', 2),
(35, '2016_06_01_000004_create_oauth_clients_table', 2),
(36, '2016_06_01_000005_create_oauth_personal_access_clients_table', 2),
(37, '2019_11_14_193657_add_sub_group_to_permissions_table', 3),
(38, '2019_12_10_162451_create_loc_districts_table', 3),
(39, '2019_12_10_162451_create_loc_divisions_table', 3),
(40, '2019_12_10_162451_create_loc_municipalities_table', 3),
(41, '2019_12_10_162451_create_loc_unions_table', 3),
(42, '2019_12_10_162451_create_loc_upazilas_table', 3),
(43, '2019_12_12_122910_create_api_password_resets_table', 3),
(44, '2020_01_26_111028_create_notifications_table', 3),
(45, '2020_02_04_150421_update_user_table_otp_assigned_number', 4),
(48, '2020_03_07_102309_create_requisition_logs_table', 6),
(49, '2020_03_07_121116_create_departments_table', 6),
(50, '2020_03_07_140728_update_users_table_add_department', 7),
(67, '2019_11_28_085924_create_category_table', 8),
(69, '2020_06_06_053514_create_division_table', 8),
(70, '2020_06_06_053641_create_districts_table', 8),
(75, '2020_06_08_110431_create_upazilas_table', 9),
(78, '2019_09_02_175114_create_units_table', 11),
(89, '2021_03_02_093615_create_vehicle_types_table', 12),
(90, '2021_03_02_093630_create_stations_table', 12),
(91, '2021_03_02_093735_create_customer_categories_table', 12),
(92, '2021_03_02_093833_create_rates_table', 12),
(93, '2021_03_02_094037_create_daily_parkings_table', 12),
(96, '2021_03_02_171448_create_tenants_table', 13),
(97, '2021_03_02_172506_add_tenants_id_to_customer_categories_table', 13),
(98, '2021_03_03_095444_add_statino_id_to_users_table', 14),
(99, '2021_03_03_152012_add_statino_id_to_tenants_table', 15),
(100, '2021_03_09_100319_create_car_numbers_table', 16),
(101, '2021_03_09_103032_create_areas_table', 16),
(102, '2021_03_09_103052_create_codes_table', 16),
(106, '2021_03_21_154426_add_area_id_to_daily_parkings', 17),
(107, '2021_04_06_105348_addsync_status_to_daily_parkings', 17);

-- --------------------------------------------------------

--
-- Table structure for table `notifications`
--

DROP TABLE IF EXISTS `notifications`;
CREATE TABLE IF NOT EXISTS `notifications` (
  `id` char(36) COLLATE utf8mb4_unicode_ci NOT NULL,
  `type` varchar(191) COLLATE utf8mb4_unicode_ci NOT NULL,
  `notifiable_type` varchar(191) COLLATE utf8mb4_unicode_ci NOT NULL,
  `notifiable_id` bigint(20) UNSIGNED NOT NULL,
  `data` text COLLATE utf8mb4_unicode_ci NOT NULL,
  `read_at` timestamp NULL DEFAULT NULL,
  `created_at` timestamp NULL DEFAULT NULL,
  `updated_at` timestamp NULL DEFAULT NULL,
  PRIMARY KEY (`id`),
  KEY `notifications_notifiable_type_notifiable_id_index` (`notifiable_type`,`notifiable_id`)
) ENGINE=InnoDB DEFAULT CHARSET=utf8mb4 COLLATE=utf8mb4_unicode_ci;

-- --------------------------------------------------------

--
-- Table structure for table `password_resets`
--

DROP TABLE IF EXISTS `password_resets`;
CREATE TABLE IF NOT EXISTS `password_resets` (
  `email` varchar(191) COLLATE utf8mb4_unicode_ci NOT NULL,
  `token` varchar(191) COLLATE utf8mb4_unicode_ci NOT NULL,
  `created_at` datetime DEFAULT NULL,
  KEY `password_resets_email_index` (`email`)
) ENGINE=InnoDB DEFAULT CHARSET=utf8mb4 COLLATE=utf8mb4_unicode_ci;

--
-- Dumping data for table `password_resets`
--

INSERT INTO `password_resets` (`email`, `token`, `created_at`) VALUES
('amirul1313.diu@gmail.com', '$2y$10$1/0rirx.VzuLXa4ih91Eu.nunWQ8V5n6ZAEfBEaQ9z8/Z8jRvZ6s6', '2020-02-11 12:36:44'),
('amirul1313.diu@gmail.com', '$2y$10$1/0rirx.VzuLXa4ih91Eu.nunWQ8V5n6ZAEfBEaQ9z8/Z8jRvZ6s6', '2020-02-11 12:36:44');

-- --------------------------------------------------------

--
-- Table structure for table `permissions`
--

DROP TABLE IF EXISTS `permissions`;
CREATE TABLE IF NOT EXISTS `permissions` (
  `id` bigint(20) UNSIGNED NOT NULL AUTO_INCREMENT,
  `key` varchar(191) COLLATE utf8mb4_unicode_ci NOT NULL,
  `table_name` varchar(191) COLLATE utf8mb4_unicode_ci DEFAULT NULL,
  `is_user_defined` tinyint(1) NOT NULL DEFAULT 0,
  `created_at` timestamp NULL DEFAULT NULL,
  `updated_at` timestamp NULL DEFAULT NULL,
  `sub_group` varchar(191) COLLATE utf8mb4_unicode_ci DEFAULT NULL,
  `sub_group_order` smallint(6) NOT NULL DEFAULT 0,
  PRIMARY KEY (`id`),
  UNIQUE KEY `permissions_key_unique` (`key`)
) ENGINE=InnoDB AUTO_INCREMENT=419 DEFAULT CHARSET=utf8mb4 COLLATE=utf8mb4_unicode_ci;

--
-- Dumping data for table `permissions`
--

INSERT INTO `permissions` (`id`, `key`, `table_name`, `is_user_defined`, `created_at`, `updated_at`, `sub_group`, `sub_group_order`) VALUES
(1, 'browse_admin', NULL, 0, '2019-12-12 04:28:40', '2019-12-12 04:28:40', NULL, 0),
(2, 'browse_bread', NULL, 0, '2019-12-12 04:28:40', '2019-12-12 04:28:40', NULL, 0),
(3, 'browse_database', NULL, 0, '2019-12-12 04:28:40', '2019-12-12 04:28:40', NULL, 0),
(4, 'browse_media', NULL, 0, '2019-12-12 04:28:40', '2019-12-12 04:28:40', NULL, 0),
(5, 'browse_compass', NULL, 0, '2019-12-12 04:28:40', '2019-12-12 04:28:40', NULL, 0),
(6, 'browse_menus', 'menus', 0, '2019-12-12 04:28:40', '2019-12-12 04:28:40', NULL, 0),
(7, 'read_menus', 'menus', 0, '2019-12-12 04:28:40', '2019-12-12 04:28:40', NULL, 0),
(8, 'edit_menus', 'menus', 0, '2019-12-12 04:28:40', '2019-12-12 04:28:40', NULL, 0),
(9, 'add_menus', 'menus', 0, '2019-12-12 04:28:40', '2019-12-12 04:28:40', NULL, 0),
(10, 'delete_menus', 'menus', 0, '2019-12-12 04:28:40', '2019-12-12 04:28:40', NULL, 0),
(11, 'browse_roles', 'roles', 0, '2019-12-12 04:28:40', '2019-12-12 04:28:40', NULL, 0),
(12, 'read_roles', 'roles', 0, '2019-12-12 04:28:40', '2019-12-12 04:28:40', NULL, 0),
(13, 'edit_roles', 'roles', 0, '2019-12-12 04:28:40', '2019-12-12 04:28:40', NULL, 0),
(14, 'add_roles', 'roles', 0, '2019-12-12 04:28:40', '2019-12-12 04:28:40', NULL, 0),
(15, 'delete_roles', 'roles', 0, '2019-12-12 04:28:40', '2019-12-12 04:28:40', NULL, 0),
(16, 'browse_users', 'users', 0, '2019-12-12 04:28:40', '2019-12-12 04:28:40', NULL, 0),
(17, 'read_users', 'users', 0, '2019-12-12 04:28:40', '2019-12-12 04:28:40', NULL, 0),
(18, 'edit_users', 'users', 0, '2019-12-12 04:28:40', '2019-12-12 04:28:40', NULL, 0),
(19, 'add_users', 'users', 0, '2019-12-12 04:28:40', '2019-12-12 04:28:40', NULL, 0),
(20, 'delete_users', 'users', 0, '2019-12-12 04:28:40', '2019-12-12 04:28:40', NULL, 0),
(21, 'browse_settings', 'settings', 0, '2019-12-12 04:28:40', '2019-12-12 04:28:40', NULL, 0),
(22, 'read_settings', 'settings', 0, '2019-12-12 04:28:40', '2019-12-12 04:28:40', NULL, 0),
(23, 'edit_settings', 'settings', 0, '2019-12-12 04:28:40', '2019-12-12 04:28:40', NULL, 0),
(24, 'add_settings', 'settings', 0, '2019-12-12 04:28:40', '2019-12-12 04:28:40', NULL, 0),
(25, 'delete_settings', 'settings', 0, '2019-12-12 04:28:40', '2019-12-12 04:28:40', NULL, 0),
(26, 'browse_loc_divisions', 'loc_divisions', 0, '2019-12-15 10:24:15', '2019-12-15 10:24:15', NULL, 0),
(27, 'read_loc_divisions', 'loc_divisions', 0, '2019-12-15 10:24:15', '2019-12-15 10:24:15', NULL, 0),
(28, 'edit_loc_divisions', 'loc_divisions', 0, '2019-12-15 10:24:15', '2019-12-15 10:24:15', NULL, 0),
(29, 'add_loc_divisions', 'loc_divisions', 0, '2019-12-15 10:24:15', '2019-12-15 10:24:15', NULL, 0),
(30, 'delete_loc_divisions', 'loc_divisions', 0, '2019-12-15 10:24:15', '2019-12-15 10:24:15', NULL, 0),
(31, 'restore_loc_divisions', 'loc_divisions', 0, '2019-12-15 10:24:15', '2019-12-15 10:24:15', NULL, 0),
(32, 'force_delete_loc_divisions', 'loc_divisions', 0, '2019-12-15 10:24:15', '2019-12-15 10:24:15', NULL, 0),
(33, 'bulk_delete_loc_divisions', 'loc_divisions', 0, '2019-12-15 10:24:15', '2019-12-15 10:24:15', NULL, 0),
(34, 'browse_loc_districts', 'loc_districts', 0, '2019-12-17 04:35:00', '2019-12-17 04:35:00', NULL, 0),
(35, 'read_loc_districts', 'loc_districts', 0, '2019-12-17 04:35:00', '2019-12-17 04:35:00', NULL, 0),
(36, 'edit_loc_districts', 'loc_districts', 0, '2019-12-17 04:35:00', '2019-12-17 04:35:00', NULL, 0),
(37, 'add_loc_districts', 'loc_districts', 0, '2019-12-17 04:35:00', '2019-12-17 04:35:00', NULL, 0),
(38, 'delete_loc_districts', 'loc_districts', 0, '2019-12-17 04:35:00', '2019-12-17 04:35:00', NULL, 0),
(39, 'restore_loc_districts', 'loc_districts', 0, '2019-12-17 04:35:00', '2019-12-17 04:35:00', NULL, 0),
(40, 'force_delete_loc_districts', 'loc_districts', 0, '2019-12-17 04:35:00', '2019-12-17 04:35:00', NULL, 0),
(41, 'bulk_delete_loc_districts', 'loc_districts', 0, '2019-12-17 04:35:00', '2019-12-17 04:35:00', NULL, 0),
(51, 'read_loc_upazilas', 'loc_upazilas', 0, '2019-12-17 06:34:27', '2019-12-17 06:34:27', NULL, 0),
(52, 'edit_loc_upazilas', 'loc_upazilas', 0, '2019-12-17 06:34:27', '2019-12-17 06:34:27', NULL, 0),
(53, 'add_loc_upazilas', 'loc_upazilas', 0, '2019-12-17 06:34:27', '2019-12-17 06:34:27', NULL, 0),
(54, 'delete_loc_upazilas', 'loc_upazilas', 0, '2019-12-17 06:34:27', '2019-12-17 06:34:27', NULL, 0),
(55, 'restore_loc_upazilas', 'loc_upazilas', 0, '2019-12-17 06:34:27', '2019-12-17 06:34:27', NULL, 0),
(56, 'force_delete_loc_upazilas', 'loc_upazilas', 0, '2019-12-17 06:34:27', '2019-12-17 06:34:27', NULL, 0),
(57, 'bulk_delete_loc_upazilas', 'loc_upazilas', 0, '2019-12-17 06:34:27', '2019-12-17 06:34:27', NULL, 0),
(162, 'restore_roles', 'roles', 0, '2019-12-23 05:05:49', '2019-12-23 05:05:49', NULL, 0),
(163, 'force_delete_roles', 'roles', 0, '2019-12-23 05:05:49', '2019-12-23 05:05:49', NULL, 0),
(164, 'bulk_delete_roles', 'roles', 0, '2019-12-23 05:05:49', '2019-12-23 05:05:49', NULL, 0),
(165, 'browse_permissions', 'permissions', 0, '2019-12-23 11:47:46', '2019-12-23 11:47:46', NULL, 0),
(166, 'read_permissions', 'permissions', 0, '2019-12-23 11:47:46', '2019-12-23 11:47:46', NULL, 0),
(167, 'edit_permissions', 'permissions', 0, '2019-12-23 11:47:46', '2019-12-23 11:47:46', NULL, 0),
(168, 'add_permissions', 'permissions', 0, '2019-12-23 11:47:46', '2019-12-23 11:47:46', NULL, 0),
(169, 'delete_permissions', 'permissions', 0, '2019-12-23 11:47:46', '2019-12-23 11:47:46', NULL, 0),
(170, 'restore_permissions', 'permissions', 0, '2019-12-23 11:47:46', '2019-12-23 11:47:46', NULL, 0),
(171, 'force_delete_permissions', 'permissions', 0, '2019-12-23 11:47:46', '2019-12-23 11:47:46', NULL, 0),
(172, 'bulk_delete_permissions', 'permissions', 0, '2019-12-23 11:47:46', '2019-12-23 11:47:46', NULL, 0),
(176, 'restore_users', 'users', 0, '2019-12-23 12:10:10', '2019-12-23 12:10:10', NULL, 0),
(177, 'force_delete_users', 'users', 0, '2019-12-23 12:10:10', '2019-12-23 12:10:10', NULL, 0),
(178, 'bulk_delete_users', 'users', 0, '2019-12-23 12:10:10', '2019-12-23 12:10:10', NULL, 0),
(183, 'edit_user_permissions_users', 'users', 1, '2019-12-24 04:56:11', '2020-06-10 09:08:59', NULL, 0),
(185, 'edit_status_users', 'users', 1, '2019-12-25 14:05:21', '2020-06-10 09:11:46', NULL, 0),
(186, 'edit_role_users', 'users', 1, '2019-12-25 14:05:32', '2019-12-25 14:05:32', NULL, 0),
(200, 'browse_departments', 'departments', 0, '2020-03-07 06:19:34', '2020-03-07 06:19:34', NULL, 0),
(201, 'read_departments', 'departments', 0, '2020-03-07 06:19:34', '2020-03-07 06:19:34', NULL, 0),
(202, 'edit_departments', 'departments', 0, '2020-03-07 06:19:34', '2020-03-07 06:19:34', NULL, 0),
(203, 'add_departments', 'departments', 0, '2020-03-07 06:19:34', '2020-03-07 06:19:34', NULL, 0),
(204, 'delete_departments', 'departments', 0, '2020-03-07 06:19:34', '2020-03-07 06:19:34', NULL, 0),
(205, 'restore_departments', 'departments', 0, '2020-03-07 06:19:34', '2020-03-07 06:19:34', NULL, 0),
(206, 'force_delete_departments', 'departments', 0, '2020-03-07 06:19:34', '2020-03-07 06:19:34', NULL, 0),
(207, 'bulk_delete_departments', 'departments', 0, '2020-03-07 06:19:34', '2020-03-07 06:19:34', NULL, 0),
(290, 'browse_units', 'units', 0, '2020-06-13 10:57:07', '2020-06-13 10:57:07', NULL, 0),
(291, 'read_units', 'units', 0, '2020-06-13 10:57:07', '2020-06-13 10:57:07', NULL, 0),
(292, 'edit_units', 'units', 0, '2020-06-13 10:57:07', '2020-06-13 10:57:07', NULL, 0),
(293, 'add_units', 'units', 0, '2020-06-13 10:57:07', '2020-06-13 10:57:07', NULL, 0),
(294, 'delete_units', 'units', 0, '2020-06-13 10:57:07', '2020-06-13 10:57:07', NULL, 0),
(295, 'restore_units', 'units', 0, '2020-06-13 10:57:07', '2020-06-13 10:57:07', NULL, 0),
(296, 'force_delete_units', 'units', 0, '2020-06-13 10:57:07', '2020-06-13 10:57:07', NULL, 0),
(297, 'bulk_delete_units', 'units', 0, '2020-06-13 10:57:07', '2020-06-13 10:57:07', NULL, 0),
(346, 'browse_stations', 'stations', 0, '2021-03-02 06:32:15', '2021-03-02 06:32:15', NULL, 0),
(347, 'read_stations', 'stations', 0, '2021-03-02 06:32:15', '2021-03-02 06:32:15', NULL, 0),
(348, 'edit_stations', 'stations', 0, '2021-03-02 06:32:15', '2021-03-02 06:32:15', NULL, 0),
(349, 'add_stations', 'stations', 0, '2021-03-02 06:32:15', '2021-03-02 06:32:15', NULL, 0),
(350, 'delete_stations', 'stations', 0, '2021-03-02 06:32:15', '2021-03-02 06:32:15', NULL, 0),
(351, 'restore_stations', 'stations', 0, '2021-03-02 06:32:15', '2021-03-02 06:32:15', NULL, 0),
(352, 'force_delete_stations', 'stations', 0, '2021-03-02 06:32:15', '2021-03-02 06:32:15', NULL, 0),
(353, 'bulk_delete_stations', 'stations', 0, '2021-03-02 06:32:15', '2021-03-02 06:32:15', NULL, 0),
(354, 'browse_vehicle_types', 'vehicle_types', 0, '2021-03-02 06:50:48', '2021-03-02 06:50:48', NULL, 0),
(355, 'read_vehicle_types', 'vehicle_types', 0, '2021-03-02 06:50:48', '2021-03-02 06:50:48', NULL, 0),
(356, 'edit_vehicle_types', 'vehicle_types', 0, '2021-03-02 06:50:48', '2021-03-02 06:50:48', NULL, 0),
(357, 'add_vehicle_types', 'vehicle_types', 0, '2021-03-02 06:50:48', '2021-03-02 06:50:48', NULL, 0),
(358, 'delete_vehicle_types', 'vehicle_types', 0, '2021-03-02 06:50:48', '2021-03-02 06:50:48', NULL, 0),
(359, 'restore_vehicle_types', 'vehicle_types', 0, '2021-03-02 06:50:48', '2021-03-02 06:50:48', NULL, 0),
(360, 'force_delete_vehicle_types', 'vehicle_types', 0, '2021-03-02 06:50:48', '2021-03-02 06:50:48', NULL, 0),
(361, 'bulk_delete_vehicle_types', 'vehicle_types', 0, '2021-03-02 06:50:48', '2021-03-02 06:50:48', NULL, 0),
(362, 'browse_customer_categories', 'customer_categories', 0, '2021-03-02 11:01:25', '2021-03-02 11:01:25', NULL, 0),
(363, 'read_customer_categories', 'customer_categories', 0, '2021-03-02 11:01:25', '2021-03-02 11:01:25', NULL, 0),
(364, 'edit_customer_categories', 'customer_categories', 0, '2021-03-02 11:01:25', '2021-03-02 11:01:25', NULL, 0),
(365, 'add_customer_categories', 'customer_categories', 0, '2021-03-02 11:01:25', '2021-03-02 11:01:25', NULL, 0),
(366, 'delete_customer_categories', 'customer_categories', 0, '2021-03-02 11:01:25', '2021-03-02 11:01:25', NULL, 0),
(367, 'restore_customer_categories', 'customer_categories', 0, '2021-03-02 11:01:25', '2021-03-02 11:01:25', NULL, 0),
(368, 'force_delete_customer_categories', 'customer_categories', 0, '2021-03-02 11:01:25', '2021-03-02 11:01:25', NULL, 0),
(369, 'bulk_delete_customer_categories', 'customer_categories', 0, '2021-03-02 11:01:25', '2021-03-02 11:01:25', NULL, 0),
(370, 'browse_tenants', 'tenants', 0, '2021-03-02 11:31:34', '2021-03-02 11:31:34', NULL, 0),
(371, 'read_tenants', 'tenants', 0, '2021-03-02 11:31:34', '2021-03-02 11:31:34', NULL, 0),
(372, 'edit_tenants', 'tenants', 0, '2021-03-02 11:31:34', '2021-03-02 11:31:34', NULL, 0),
(373, 'add_tenants', 'tenants', 0, '2021-03-02 11:31:34', '2021-03-02 11:31:34', NULL, 0),
(374, 'delete_tenants', 'tenants', 0, '2021-03-02 11:31:34', '2021-03-02 11:31:34', NULL, 0),
(375, 'restore_tenants', 'tenants', 0, '2021-03-02 11:31:34', '2021-03-02 11:31:34', NULL, 0),
(376, 'force_delete_tenants', 'tenants', 0, '2021-03-02 11:31:34', '2021-03-02 11:31:34', NULL, 0),
(377, 'bulk_delete_tenants', 'tenants', 0, '2021-03-02 11:31:34', '2021-03-02 11:31:34', NULL, 0),
(378, 'browse_rates', 'rates', 0, '2021-03-03 03:00:06', '2021-03-03 03:00:06', NULL, 0),
(379, 'read_rates', 'rates', 0, '2021-03-03 03:00:06', '2021-03-03 03:00:06', NULL, 0),
(380, 'edit_rates', 'rates', 0, '2021-03-03 03:00:06', '2021-03-03 03:00:06', NULL, 0),
(381, 'add_rates', 'rates', 0, '2021-03-03 03:00:06', '2021-03-03 03:00:06', NULL, 0),
(382, 'delete_rates', 'rates', 0, '2021-03-03 03:00:06', '2021-03-03 03:00:06', NULL, 0),
(383, 'restore_rates', 'rates', 0, '2021-03-03 03:00:06', '2021-03-03 03:00:06', NULL, 0),
(384, 'force_delete_rates', 'rates', 0, '2021-03-03 03:00:06', '2021-03-03 03:00:06', NULL, 0),
(385, 'bulk_delete_rates', 'rates', 0, '2021-03-03 03:00:06', '2021-03-03 03:00:06', NULL, 0),
(386, 'browse_daily_parkings', 'daily_parkings', 0, '2021-03-03 06:45:37', '2021-03-03 06:45:37', NULL, 0),
(387, 'read_daily_parkings', 'daily_parkings', 0, '2021-03-03 06:45:37', '2021-03-03 06:45:37', NULL, 0),
(388, 'edit_daily_parkings', 'daily_parkings', 0, '2021-03-03 06:45:37', '2021-03-03 06:45:37', NULL, 0),
(389, 'add_daily_parkings', 'daily_parkings', 0, '2021-03-03 06:45:37', '2021-03-03 06:45:37', NULL, 0),
(390, 'delete_daily_parkings', 'daily_parkings', 0, '2021-03-03 06:45:37', '2021-03-03 06:45:37', NULL, 0),
(391, 'restore_daily_parkings', 'daily_parkings', 0, '2021-03-03 06:45:37', '2021-03-03 06:45:37', NULL, 0),
(392, 'force_delete_daily_parkings', 'daily_parkings', 0, '2021-03-03 06:45:37', '2021-03-03 06:45:37', NULL, 0),
(393, 'bulk_delete_daily_parkings', 'daily_parkings', 0, '2021-03-03 06:45:37', '2021-03-03 06:45:37', NULL, 0),
(394, 'browse_areas', 'areas', 0, '2021-03-09 04:59:57', '2021-03-09 04:59:57', NULL, 0),
(395, 'read_areas', 'areas', 0, '2021-03-09 04:59:57', '2021-03-09 04:59:57', NULL, 0),
(396, 'edit_areas', 'areas', 0, '2021-03-09 04:59:57', '2021-03-09 04:59:57', NULL, 0),
(397, 'add_areas', 'areas', 0, '2021-03-09 04:59:57', '2021-03-09 04:59:57', NULL, 0),
(398, 'delete_areas', 'areas', 0, '2021-03-09 04:59:57', '2021-03-09 04:59:57', NULL, 0),
(399, 'restore_areas', 'areas', 0, '2021-03-09 04:59:57', '2021-03-09 04:59:57', NULL, 0),
(400, 'force_delete_areas', 'areas', 0, '2021-03-09 04:59:57', '2021-03-09 04:59:57', NULL, 0),
(401, 'bulk_delete_areas', 'areas', 0, '2021-03-09 04:59:57', '2021-03-09 04:59:57', NULL, 0),
(402, 'browse_codes', 'codes', 0, '2021-03-09 05:06:38', '2021-03-09 05:06:38', NULL, 0),
(403, 'read_codes', 'codes', 0, '2021-03-09 05:06:38', '2021-03-09 05:06:38', NULL, 0),
(404, 'edit_codes', 'codes', 0, '2021-03-09 05:06:38', '2021-03-09 05:06:38', NULL, 0),
(405, 'add_codes', 'codes', 0, '2021-03-09 05:06:38', '2021-03-09 05:06:38', NULL, 0),
(406, 'delete_codes', 'codes', 0, '2021-03-09 05:06:38', '2021-03-09 05:06:38', NULL, 0),
(407, 'restore_codes', 'codes', 0, '2021-03-09 05:06:38', '2021-03-09 05:06:38', NULL, 0),
(408, 'force_delete_codes', 'codes', 0, '2021-03-09 05:06:38', '2021-03-09 05:06:38', NULL, 0),
(409, 'bulk_delete_codes', 'codes', 0, '2021-03-09 05:06:38', '2021-03-09 05:06:38', NULL, 0),
(410, 'browse_car_numbers', 'car_numbers', 0, '2021-03-09 06:56:26', '2021-03-09 06:56:26', NULL, 0),
(411, 'read_car_numbers', 'car_numbers', 0, '2021-03-09 06:56:26', '2021-03-09 06:56:26', NULL, 0),
(412, 'edit_car_numbers', 'car_numbers', 0, '2021-03-09 06:56:26', '2021-03-09 06:56:26', NULL, 0),
(413, 'add_car_numbers', 'car_numbers', 0, '2021-03-09 06:56:26', '2021-03-09 06:56:26', NULL, 0),
(414, 'delete_car_numbers', 'car_numbers', 0, '2021-03-09 06:56:26', '2021-03-09 06:56:26', NULL, 0),
(415, 'restore_car_numbers', 'car_numbers', 0, '2021-03-09 06:56:26', '2021-03-09 06:56:26', NULL, 0),
(416, 'force_delete_car_numbers', 'car_numbers', 0, '2021-03-09 06:56:26', '2021-03-09 06:56:26', NULL, 0),
(417, 'bulk_delete_car_numbers', 'car_numbers', 0, '2021-03-09 06:56:26', '2021-03-09 06:56:26', NULL, 0),
(418, 'sync_daily_parkings', 'daily_parkings', 1, '2021-04-06 04:51:08', '2021-04-06 04:51:08', NULL, 99);

-- --------------------------------------------------------

--
-- Table structure for table `permission_role`
--

DROP TABLE IF EXISTS `permission_role`;
CREATE TABLE IF NOT EXISTS `permission_role` (
  `permission_id` bigint(20) UNSIGNED NOT NULL,
  `role_id` bigint(20) UNSIGNED NOT NULL,
  PRIMARY KEY (`permission_id`,`role_id`),
  KEY `permission_role_permission_id_index` (`permission_id`),
  KEY `permission_role_role_id_index` (`role_id`)
) ENGINE=InnoDB DEFAULT CHARSET=utf8mb4 COLLATE=utf8mb4_unicode_ci;

--
-- Dumping data for table `permission_role`
--

INSERT INTO `permission_role` (`permission_id`, `role_id`) VALUES
(1, 1),
(1, 3),
(1, 12),
(2, 1),
(3, 1),
(4, 1),
(5, 1),
(6, 1),
(7, 1),
(8, 1),
(9, 1),
(10, 1),
(11, 1),
(12, 1),
(13, 1),
(14, 1),
(15, 1),
(16, 1),
(17, 1),
(18, 1),
(19, 1),
(20, 1),
(21, 1),
(22, 1),
(23, 1),
(24, 1),
(25, 1),
(26, 1),
(27, 1),
(28, 1),
(29, 1),
(30, 1),
(31, 1),
(32, 1),
(33, 1),
(34, 1),
(35, 1),
(36, 1),
(37, 1),
(38, 1),
(39, 1),
(40, 1),
(41, 1),
(51, 1),
(52, 1),
(53, 1),
(54, 1),
(55, 1),
(56, 1),
(57, 1),
(165, 1),
(166, 1),
(167, 1),
(168, 1),
(169, 1),
(170, 1),
(171, 1),
(172, 1),
(183, 1),
(185, 1),
(186, 1),
(346, 1),
(347, 1),
(348, 1),
(349, 1),
(350, 1),
(351, 1),
(352, 1),
(353, 1),
(354, 1),
(355, 1),
(356, 1),
(357, 1),
(358, 1),
(359, 1),
(360, 1),
(361, 1),
(362, 1),
(363, 1),
(364, 1),
(365, 1),
(366, 1),
(367, 1),
(368, 1),
(369, 1),
(370, 1),
(371, 1),
(372, 1),
(373, 1),
(374, 1),
(375, 1),
(376, 1),
(377, 1),
(378, 1),
(379, 1),
(380, 1),
(381, 1),
(382, 1),
(383, 1),
(384, 1),
(385, 1),
(386, 1),
(386, 12),
(387, 1),
(388, 1),
(389, 1),
(390, 1),
(391, 1),
(392, 1),
(393, 1),
(394, 1),
(395, 1),
(396, 1),
(397, 1),
(398, 1),
(399, 1),
(400, 1),
(401, 1),
(402, 1),
(403, 1),
(404, 1),
(405, 1),
(406, 1),
(407, 1),
(408, 1),
(409, 1),
(410, 1),
(411, 1),
(412, 1),
(413, 1),
(414, 1),
(415, 1),
(416, 1),
(417, 1),
(418, 1),
(418, 12);

-- --------------------------------------------------------

--
-- Table structure for table `rates`
--

DROP TABLE IF EXISTS `rates`;
CREATE TABLE IF NOT EXISTS `rates` (
  `id` smallint(5) UNSIGNED NOT NULL AUTO_INCREMENT,
  `station_id` smallint(5) UNSIGNED NOT NULL,
  `vehicle_type_id` smallint(5) UNSIGNED NOT NULL,
  `first_hour` double(10,3) NOT NULL DEFAULT 0.000,
  `next_hour` double(10,3) NOT NULL DEFAULT 0.000,
  `status` tinyint(1) NOT NULL DEFAULT 1 COMMENT '1=>Active, 0=>Inactive',
  `deleted_at` timestamp NULL DEFAULT NULL,
  `added_by` int(10) UNSIGNED NOT NULL,
  `updated_by` int(10) UNSIGNED DEFAULT NULL,
  `created_at` timestamp NULL DEFAULT NULL,
  `updated_at` timestamp NULL DEFAULT NULL,
  PRIMARY KEY (`id`)
) ENGINE=InnoDB AUTO_INCREMENT=3 DEFAULT CHARSET=utf8mb4 COLLATE=utf8mb4_unicode_ci;

--
-- Dumping data for table `rates`
--

INSERT INTO `rates` (`id`, `station_id`, `vehicle_type_id`, `first_hour`, `next_hour`, `status`, `deleted_at`, `added_by`, `updated_by`, `created_at`, `updated_at`) VALUES
(1, 1, 1, 60.000, 30.000, 1, NULL, 0, NULL, '2021-06-17 10:57:55', '2021-06-17 10:57:55'),
(2, 1, 2, 25.000, 20.000, 1, NULL, 0, NULL, '2021-06-17 10:58:08', '2021-06-21 08:38:22');

-- --------------------------------------------------------

--
-- Table structure for table `roles`
--

DROP TABLE IF EXISTS `roles`;
CREATE TABLE IF NOT EXISTS `roles` (
  `id` bigint(20) UNSIGNED NOT NULL AUTO_INCREMENT,
  `name` varchar(191) COLLATE utf8mb4_unicode_ci NOT NULL,
  `display_name` varchar(191) COLLATE utf8mb4_unicode_ci NOT NULL,
  `created_at` timestamp NULL DEFAULT NULL,
  `updated_at` timestamp NULL DEFAULT NULL,
  PRIMARY KEY (`id`),
  UNIQUE KEY `roles_name_unique` (`name`)
) ENGINE=InnoDB AUTO_INCREMENT=13 DEFAULT CHARSET=utf8mb4 COLLATE=utf8mb4_unicode_ci;

--
-- Dumping data for table `roles`
--

INSERT INTO `roles` (`id`, `name`, `display_name`, `created_at`, `updated_at`) VALUES
(1, 'admin', 'Administrator', '2019-12-12 04:28:40', '2019-12-12 04:28:40'),
(12, 'counter', 'counter', '2021-04-07 05:20:40', '2021-04-07 05:20:40');

-- --------------------------------------------------------

--
-- Table structure for table `settings`
--

DROP TABLE IF EXISTS `settings`;
CREATE TABLE IF NOT EXISTS `settings` (
  `id` int(10) UNSIGNED NOT NULL AUTO_INCREMENT,
  `key` varchar(191) COLLATE utf8mb4_unicode_ci NOT NULL,
  `display_name` varchar(191) COLLATE utf8mb4_unicode_ci NOT NULL,
  `value` text COLLATE utf8mb4_unicode_ci DEFAULT NULL,
  `details` text COLLATE utf8mb4_unicode_ci DEFAULT NULL,
  `type` varchar(191) COLLATE utf8mb4_unicode_ci NOT NULL,
  `order` int(11) NOT NULL DEFAULT 1,
  `group` varchar(191) COLLATE utf8mb4_unicode_ci DEFAULT NULL,
  PRIMARY KEY (`id`),
  UNIQUE KEY `settings_key_unique` (`key`)
) ENGINE=InnoDB AUTO_INCREMENT=11 DEFAULT CHARSET=utf8mb4 COLLATE=utf8mb4_unicode_ci;

--
-- Dumping data for table `settings`
--

INSERT INTO `settings` (`id`, `key`, `display_name`, `value`, `details`, `type`, `order`, `group`) VALUES
(1, 'site.title', 'Site Title', 'Parking', '', 'text', 1, 'Site'),
(2, 'site.description', 'Site Description', NULL, '', 'text', 2, 'Site'),
(3, 'site.logo', 'Site Logo', 'settings\\February2020\\Y28uGrv87MmynxEawO4E.png', '', 'image', 3, 'Site'),
(4, 'site.google_analytics_tracking_id', 'Google Analytics Tracking ID', NULL, '', 'text', 4, 'Site'),
(5, 'admin.bg_image', 'Admin Background Image', 'settings\\February2020\\T8KgwAJxnD9VmjSAxWjT.png', '', 'image', 5, 'Admin'),
(6, 'admin.title', 'Admin Title', 'Parking', '', 'text', 1, 'Admin'),
(7, 'admin.description', 'Admin Description', NULL, '', 'text', 2, 'Admin'),
(8, 'admin.loader', 'Admin Loader', 'settings/June2021/7ZoJEupLZJ8RLcfynDXO.gif', '', 'image', 3, 'Admin'),
(9, 'admin.icon_image', 'Admin Icon Image', 'settings/June2021/Zy3JG84TLvMMmFDT3R8Q.png', '', 'image', 4, 'Admin'),
(10, 'admin.google_analytics_client_id', 'Google Analytics Client ID (used for admin dashboard)', NULL, '', 'text', 1, 'Admin');

-- --------------------------------------------------------

--
-- Table structure for table `stations`
--

DROP TABLE IF EXISTS `stations`;
CREATE TABLE IF NOT EXISTS `stations` (
  `id` smallint(5) UNSIGNED NOT NULL AUTO_INCREMENT,
  `name` varchar(100) COLLATE utf8mb4_unicode_ci NOT NULL,
  `status` tinyint(1) NOT NULL DEFAULT 1 COMMENT '1=>Active, 0=>Inactive',
  `deleted_at` timestamp NULL DEFAULT NULL,
  `added_by` int(10) UNSIGNED NOT NULL,
  `updated_by` int(10) UNSIGNED DEFAULT NULL,
  `created_at` timestamp NULL DEFAULT NULL,
  `updated_at` timestamp NULL DEFAULT NULL,
  PRIMARY KEY (`id`),
  KEY `stations_name_index` (`name`)
) ENGINE=InnoDB AUTO_INCREMENT=3 DEFAULT CHARSET=utf8mb4 COLLATE=utf8mb4_unicode_ci;

--
-- Dumping data for table `stations`
--

INSERT INTO `stations` (`id`, `name`, `status`, `deleted_at`, `added_by`, `updated_by`, `created_at`, `updated_at`) VALUES
(1, 'Mehnur', 1, NULL, 0, NULL, '2021-03-02 06:36:44', '2021-03-02 06:36:57'),
(2, 'Acropolish', 1, NULL, 0, NULL, '2021-03-09 09:21:38', '2021-03-09 09:21:38');

-- --------------------------------------------------------

--
-- Table structure for table `tenants`
--

DROP TABLE IF EXISTS `tenants`;
CREATE TABLE IF NOT EXISTS `tenants` (
  `id` smallint(5) UNSIGNED NOT NULL AUTO_INCREMENT,
  `station_id` smallint(5) UNSIGNED NOT NULL,
  `name` varchar(100) COLLATE utf8mb4_unicode_ci NOT NULL,
  `status` tinyint(1) NOT NULL DEFAULT 1 COMMENT '1=>Active, 0=>Inactive',
  `deleted_at` timestamp NULL DEFAULT NULL,
  `added_by` int(10) UNSIGNED NOT NULL,
  `updated_by` int(10) UNSIGNED DEFAULT NULL,
  `created_at` timestamp NULL DEFAULT NULL,
  `updated_at` timestamp NULL DEFAULT NULL,
  PRIMARY KEY (`id`),
  KEY `tenants_name_index` (`name`)
) ENGINE=InnoDB AUTO_INCREMENT=10 DEFAULT CHARSET=utf8mb4 COLLATE=utf8mb4_unicode_ci;

--
-- Dumping data for table `tenants`
--

INSERT INTO `tenants` (`id`, `station_id`, `name`, `status`, `deleted_at`, `added_by`, `updated_by`, `created_at`, `updated_at`) VALUES
(1, 1, 'UG', 1, NULL, 0, NULL, '2021-03-02 11:32:56', '2021-03-03 09:22:47'),
(2, 1, 'Brac Bank', 1, NULL, 0, NULL, '2021-03-09 09:21:54', '2021-06-08 03:32:38'),
(3, 1, 'Hourly Rent', 1, NULL, 0, NULL, '2021-03-24 07:24:19', '2021-06-21 03:52:11'),
(4, 2, 'UG', 1, NULL, 0, NULL, '2021-04-07 05:36:46', '2021-04-07 05:36:46'),
(6, 1, 'Meghnaghat Power Plant', 1, NULL, 0, NULL, '2021-06-08 03:31:26', '2021-06-08 03:31:26'),
(7, 1, 'Progoti System', 1, NULL, 0, NULL, '2021-06-08 03:32:11', '2021-06-08 03:32:11'),
(8, 1, 'Dutch Bangla Bank', 1, NULL, 0, NULL, '2021-06-08 03:33:02', '2021-06-08 03:33:02'),
(9, 1, 'Sheraton Hotel', 1, NULL, 0, NULL, '2021-06-12 06:13:48', '2021-06-12 06:13:48');

-- --------------------------------------------------------

--
-- Table structure for table `translations`
--

DROP TABLE IF EXISTS `translations`;
CREATE TABLE IF NOT EXISTS `translations` (
  `id` int(10) UNSIGNED NOT NULL AUTO_INCREMENT,
  `table_name` varchar(191) COLLATE utf8mb4_unicode_ci NOT NULL,
  `column_name` varchar(191) COLLATE utf8mb4_unicode_ci NOT NULL,
  `foreign_key` int(10) UNSIGNED NOT NULL,
  `locale` varchar(191) COLLATE utf8mb4_unicode_ci NOT NULL,
  `value` text COLLATE utf8mb4_unicode_ci NOT NULL,
  `created_at` timestamp NULL DEFAULT NULL,
  `updated_at` timestamp NULL DEFAULT NULL,
  PRIMARY KEY (`id`),
  UNIQUE KEY `translations_name_column_name_locale_unique` (`table_name`,`column_name`,`foreign_key`,`locale`)
) ENGINE=InnoDB AUTO_INCREMENT=3 DEFAULT CHARSET=utf8mb4 COLLATE=utf8mb4_unicode_ci;

--
-- Dumping data for table `translations`
--

INSERT INTO `translations` (`id`, `table_name`, `column_name`, `foreign_key`, `locale`, `value`, `created_at`, `updated_at`) VALUES
(1, 'data_types', 'display_name_singular', 1, 'bn', 'User', '2020-01-13 05:35:23', '2020-01-13 05:35:23'),
(2, 'data_types', 'display_name_plural', 1, 'bn', 'Users', '2020-01-13 05:35:23', '2020-01-13 05:35:23');

-- --------------------------------------------------------

--
-- Table structure for table `units`
--

DROP TABLE IF EXISTS `units`;
CREATE TABLE IF NOT EXISTS `units` (
  `id` tinyint(3) UNSIGNED NOT NULL AUTO_INCREMENT,
  `name` varchar(100) COLLATE utf8mb4_unicode_ci NOT NULL,
  `status` tinyint(3) UNSIGNED NOT NULL DEFAULT 1,
  `deleted_at` timestamp NULL DEFAULT NULL,
  `created_at` timestamp NULL DEFAULT NULL,
  `updated_at` timestamp NULL DEFAULT NULL,
  PRIMARY KEY (`id`),
  KEY `name_index` (`name`)
) ENGINE=InnoDB AUTO_INCREMENT=3 DEFAULT CHARSET=utf8mb4 COLLATE=utf8mb4_unicode_ci;

--
-- Dumping data for table `units`
--

INSERT INTO `units` (`id`, `name`, `status`, `deleted_at`, `created_at`, `updated_at`) VALUES
(1, 'pc', 1, NULL, '2020-06-13 11:00:42', '2020-06-13 11:00:42'),
(2, 'Lt', 1, NULL, '2020-06-13 11:00:52', '2020-06-13 11:00:52');

-- --------------------------------------------------------

--
-- Table structure for table `upazilas`
--

DROP TABLE IF EXISTS `upazilas`;
CREATE TABLE IF NOT EXISTS `upazilas` (
  `id` smallint(5) UNSIGNED NOT NULL AUTO_INCREMENT,
  `district_id` smallint(5) UNSIGNED NOT NULL,
  `name` varchar(100) COLLATE utf8mb4_unicode_ci NOT NULL,
  `bn_name` varchar(100) COLLATE utf8mb4_unicode_ci NOT NULL,
  `url` varchar(100) COLLATE utf8mb4_unicode_ci DEFAULT NULL,
  `deleted_at` timestamp NULL DEFAULT NULL,
  `created_at` timestamp NULL DEFAULT NULL,
  `updated_at` timestamp NULL DEFAULT NULL,
  PRIMARY KEY (`id`),
  KEY `upazilas_name_index` (`name`),
  KEY `upazilas_bn_name_index` (`bn_name`)
) ENGINE=InnoDB AUTO_INCREMENT=618 DEFAULT CHARSET=utf8mb4 COLLATE=utf8mb4_unicode_ci;

--
-- Dumping data for table `upazilas`
--

INSERT INTO `upazilas` (`id`, `district_id`, `name`, `bn_name`, `url`, `deleted_at`, `created_at`, `updated_at`) VALUES
(1, 34, 'Amtali', 'à¦†à¦®à¦¤à¦²à§€', NULL, NULL, '0000-00-00 00:00:00', '2016-04-06 13:48:39'),
(2, 34, 'Bamna ', 'à¦¬à¦¾à¦®à¦¨à¦¾', NULL, NULL, '0000-00-00 00:00:00', '0000-00-00 00:00:00'),
(3, 34, 'Barguna Sadar ', 'à¦¬à¦°à¦—à§à¦¨à¦¾ à¦¸à¦¦à¦°', NULL, NULL, '0000-00-00 00:00:00', '0000-00-00 00:00:00'),
(4, 34, 'Betagi ', 'à¦¬à§‡à¦¤à¦¾à¦—à¦¿', NULL, NULL, '0000-00-00 00:00:00', '0000-00-00 00:00:00'),
(5, 34, 'Patharghata ', 'à¦ªà¦¾à¦¥à¦°à¦˜à¦¾à¦Ÿà¦¾', NULL, NULL, '0000-00-00 00:00:00', '0000-00-00 00:00:00'),
(6, 34, 'Taltali ', 'à¦¤à¦¾à¦²à¦¤à¦²à§€', NULL, NULL, '0000-00-00 00:00:00', '0000-00-00 00:00:00'),
(7, 35, 'Muladi ', 'à¦®à§à¦²à¦¾à¦¦à¦¿', NULL, NULL, '0000-00-00 00:00:00', '0000-00-00 00:00:00'),
(8, 35, 'Babuganj ', 'à¦¬à¦¾à¦¬à§à¦—à¦žà§à¦œ', NULL, NULL, '0000-00-00 00:00:00', '0000-00-00 00:00:00'),
(9, 35, 'Agailjhara ', 'à¦†à¦—à¦¾à¦‡à¦²à¦à¦°à¦¾', NULL, NULL, '0000-00-00 00:00:00', '0000-00-00 00:00:00'),
(10, 35, 'Barisal Sadar ', 'à¦¬à¦°à¦¿à¦¶à¦¾à¦² à¦¸à¦¦à¦°', NULL, NULL, '0000-00-00 00:00:00', '0000-00-00 00:00:00'),
(11, 35, 'Bakerganj ', 'à¦¬à¦¾à¦•à§‡à¦°à¦—à¦žà§à¦œ', NULL, NULL, '0000-00-00 00:00:00', '0000-00-00 00:00:00'),
(12, 35, 'Banaripara ', 'à¦¬à¦¾à¦¨à¦¾à§œà¦¿à¦ªà¦¾à¦°à¦¾', NULL, NULL, '0000-00-00 00:00:00', '0000-00-00 00:00:00'),
(13, 35, 'Gaurnadi ', 'à¦—à§Œà¦°à¦¨à¦¦à§€', NULL, NULL, '0000-00-00 00:00:00', '0000-00-00 00:00:00'),
(14, 35, 'Hizla ', 'à¦¹à¦¿à¦œà¦²à¦¾', NULL, NULL, '0000-00-00 00:00:00', '0000-00-00 00:00:00'),
(15, 35, 'Mehendiganj ', 'à¦®à§‡à¦¹à§‡à¦¦à¦¿à¦—à¦žà§à¦œ ', NULL, NULL, '0000-00-00 00:00:00', '0000-00-00 00:00:00'),
(16, 35, 'Wazirpur ', 'à¦“à§Ÿà¦¾à¦œà¦¿à¦°à¦ªà§à¦°', NULL, NULL, '0000-00-00 00:00:00', '0000-00-00 00:00:00'),
(17, 36, 'Bhola Sadar ', 'à¦­à§‹à¦²à¦¾ à¦¸à¦¦à¦°', NULL, NULL, '0000-00-00 00:00:00', '0000-00-00 00:00:00'),
(18, 36, 'Burhanuddin ', 'à¦¬à§à¦°à¦¹à¦¾à¦¨à¦‰à¦¦à§à¦¦à¦¿à¦¨', NULL, NULL, '0000-00-00 00:00:00', '0000-00-00 00:00:00'),
(19, 36, 'Char Fasson ', 'à¦šà¦° à¦«à§à¦¯à¦¾à¦¶à¦¨', NULL, NULL, '0000-00-00 00:00:00', '0000-00-00 00:00:00'),
(20, 36, 'Daulatkhan ', 'à¦¦à§Œà¦²à¦¤à¦–à¦¾à¦¨', NULL, NULL, '0000-00-00 00:00:00', '0000-00-00 00:00:00'),
(21, 36, 'Lalmohan ', 'à¦²à¦¾à¦²à¦®à§‹à¦¹à¦¨', NULL, NULL, '0000-00-00 00:00:00', '0000-00-00 00:00:00'),
(22, 36, 'Manpura ', 'à¦®à¦¨à¦ªà§à¦°à¦¾', NULL, NULL, '0000-00-00 00:00:00', '0000-00-00 00:00:00'),
(23, 36, 'Tazumuddin ', 'à¦¤à¦¾à¦œà§à¦®à§à¦¦à§à¦¦à¦¿à¦¨', NULL, NULL, '0000-00-00 00:00:00', '0000-00-00 00:00:00'),
(24, 37, 'Jhalokati Sadar ', 'à¦à¦¾à¦²à¦•à¦¾à¦ à¦¿ à¦¸à¦¦à¦°', NULL, NULL, '0000-00-00 00:00:00', '0000-00-00 00:00:00'),
(25, 37, 'Kathalia ', 'à¦•à¦¾à¦à¦ à¦¾à¦²à¦¿à§Ÿà¦¾', NULL, NULL, '0000-00-00 00:00:00', '0000-00-00 00:00:00'),
(26, 37, 'Nalchity ', 'à¦¨à¦¾à¦²à¦šà¦¿à¦¤à¦¿', NULL, NULL, '0000-00-00 00:00:00', '0000-00-00 00:00:00'),
(27, 37, 'Rajapur ', 'à¦°à¦¾à¦œà¦¾à¦ªà§à¦°', NULL, NULL, '0000-00-00 00:00:00', '0000-00-00 00:00:00'),
(28, 38, 'Bauphal ', 'à¦¬à¦¾à¦‰à¦«à¦²', NULL, NULL, '0000-00-00 00:00:00', '0000-00-00 00:00:00'),
(29, 38, 'Dashmina ', 'à¦¦à¦¶à¦®à¦¿à¦¨à¦¾', NULL, NULL, '0000-00-00 00:00:00', '0000-00-00 00:00:00'),
(30, 38, 'Galachipa ', 'à¦—à¦²à¦¾à¦šà¦¿à¦ªà¦¾', NULL, NULL, '0000-00-00 00:00:00', '0000-00-00 00:00:00'),
(31, 38, 'Kalapara ', 'à¦•à¦¾à¦²à¦¾à¦ªà¦¾à¦°à¦¾', NULL, NULL, '0000-00-00 00:00:00', '0000-00-00 00:00:00'),
(32, 38, 'Mirzaganj ', 'à¦®à¦¿à¦°à§à¦œà¦¾à¦—à¦žà§à¦œ ', NULL, NULL, '0000-00-00 00:00:00', '0000-00-00 00:00:00'),
(33, 38, 'Patuakhali Sadar ', 'à¦ªà¦Ÿà§à§Ÿà¦¾à¦–à¦¾à¦²à§€ à¦¸à¦¦à¦°', NULL, NULL, '0000-00-00 00:00:00', '0000-00-00 00:00:00'),
(34, 38, 'Dumki ', 'à¦¡à§à¦®à¦•à¦¿', NULL, NULL, '0000-00-00 00:00:00', '0000-00-00 00:00:00'),
(35, 38, 'Rangabali ', 'à¦°à¦¾à¦™à§à¦—à¦¾à¦¬à¦¾à¦²à¦¿', NULL, NULL, '0000-00-00 00:00:00', '0000-00-00 00:00:00'),
(36, 39, 'Bhandaria', 'à¦­à§à¦¯à¦¾à¦¨à§à¦¡à¦¾à¦°à¦¿à§Ÿà¦¾', NULL, NULL, '0000-00-00 00:00:00', '0000-00-00 00:00:00'),
(37, 39, 'Kaukhali', 'à¦•à¦¾à¦‰à¦–à¦¾à¦²à¦¿', NULL, NULL, '0000-00-00 00:00:00', '0000-00-00 00:00:00'),
(38, 39, 'Mathbaria', 'à¦®à¦¾à¦ à¦¬à¦¾à§œà¦¿à§Ÿà¦¾', NULL, NULL, '0000-00-00 00:00:00', '0000-00-00 00:00:00'),
(39, 39, 'Nazirpur', 'à¦¨à¦¾à¦œà¦¿à¦°à¦ªà§à¦°', NULL, NULL, '0000-00-00 00:00:00', '0000-00-00 00:00:00'),
(40, 39, 'Nesarabad', 'à¦¨à§‡à¦¸à¦¾à¦°à¦¾à¦¬à¦¾à¦¦', NULL, NULL, '0000-00-00 00:00:00', '0000-00-00 00:00:00'),
(41, 39, 'Pirojpur Sadar', 'à¦ªà¦¿à¦°à§‹à¦œà¦ªà§à¦° à¦¸à¦¦à¦°', NULL, NULL, '0000-00-00 00:00:00', '0000-00-00 00:00:00'),
(42, 39, 'Zianagar', 'à¦œà¦¿à§Ÿà¦¾à¦¨à¦—à¦°', NULL, NULL, '0000-00-00 00:00:00', '0000-00-00 00:00:00'),
(43, 40, 'Bandarban Sadar', 'à¦¬à¦¾à¦¨à§à¦¦à¦°à¦¬à¦¨ à¦¸à¦¦à¦°', NULL, NULL, '0000-00-00 00:00:00', '0000-00-00 00:00:00'),
(44, 40, 'Thanchi', 'à¦¥à¦¾à¦¨à¦šà¦¿', NULL, NULL, '0000-00-00 00:00:00', '0000-00-00 00:00:00'),
(45, 40, 'Lama', 'à¦²à¦¾à¦®à¦¾', NULL, NULL, '0000-00-00 00:00:00', '0000-00-00 00:00:00'),
(46, 40, 'Naikhongchhari', 'à¦¨à¦¾à¦‡à¦–à¦‚à¦›à§œà¦¿ ', NULL, NULL, '0000-00-00 00:00:00', '0000-00-00 00:00:00'),
(47, 40, 'Ali kadam', 'à¦†à¦²à§€ à¦•à¦¦à¦®', NULL, NULL, '0000-00-00 00:00:00', '0000-00-00 00:00:00'),
(48, 40, 'Rowangchhari', 'à¦°à¦‰à§Ÿà¦¾à¦‚à¦›à§œà¦¿ ', NULL, NULL, '0000-00-00 00:00:00', '0000-00-00 00:00:00'),
(49, 40, 'Ruma', 'à¦°à§à¦®à¦¾', NULL, NULL, '0000-00-00 00:00:00', '0000-00-00 00:00:00'),
(50, 41, 'Brahmanbaria Sadar ', 'à¦¬à§à¦°à¦¾à¦¹à§à¦®à¦£à¦¬à¦¾à§œà¦¿à§Ÿà¦¾ à¦¸à¦¦à¦°', NULL, NULL, '0000-00-00 00:00:00', '0000-00-00 00:00:00'),
(51, 41, 'Ashuganj ', 'à¦†à¦¶à§à¦—à¦žà§à¦œ', NULL, NULL, '0000-00-00 00:00:00', '0000-00-00 00:00:00'),
(52, 41, 'Nasirnagar ', 'à¦¨à¦¾à¦¸à¦¿à¦° à¦¨à¦—à¦°', NULL, NULL, '0000-00-00 00:00:00', '0000-00-00 00:00:00'),
(53, 41, 'Nabinagar ', 'à¦¨à¦¬à§€à¦¨à¦—à¦°', NULL, NULL, '0000-00-00 00:00:00', '0000-00-00 00:00:00'),
(54, 41, 'Sarail ', 'à¦¸à¦°à¦¾à¦‡à¦²', NULL, NULL, '0000-00-00 00:00:00', '0000-00-00 00:00:00'),
(55, 41, 'Shahbazpur Town', 'à¦¶à¦¾à¦¹à¦¬à¦¾à¦œà¦ªà§à¦° à¦Ÿà¦¾à¦‰à¦¨', NULL, NULL, '0000-00-00 00:00:00', '0000-00-00 00:00:00'),
(56, 41, 'Kasba ', 'à¦•à¦¸à¦¬à¦¾', NULL, NULL, '0000-00-00 00:00:00', '0000-00-00 00:00:00'),
(57, 41, 'Akhaura ', 'à¦†à¦–à¦¾à¦‰à¦°à¦¾', NULL, NULL, '0000-00-00 00:00:00', '0000-00-00 00:00:00'),
(58, 41, 'Bancharampur ', 'à¦¬à¦¾à¦žà§à¦›à¦¾à¦°à¦¾à¦®à¦ªà§à¦°', NULL, NULL, '0000-00-00 00:00:00', '0000-00-00 00:00:00'),
(59, 41, 'Bijoynagar ', 'à¦¬à¦¿à¦œà§Ÿ à¦¨à¦—à¦°', NULL, NULL, '0000-00-00 00:00:00', '0000-00-00 00:00:00'),
(60, 42, 'Chandpur Sadar', 'à¦šà¦¾à¦à¦¦à¦ªà§à¦° à¦¸à¦¦à¦°', NULL, NULL, '0000-00-00 00:00:00', '0000-00-00 00:00:00'),
(61, 42, 'Faridganj', 'à¦«à¦°à¦¿à¦¦à¦—à¦žà§à¦œ', NULL, NULL, '0000-00-00 00:00:00', '0000-00-00 00:00:00'),
(62, 42, 'Haimchar', 'à¦¹à¦¾à¦‡à¦®à¦šà¦°', NULL, NULL, '0000-00-00 00:00:00', '0000-00-00 00:00:00'),
(63, 42, 'Haziganj', 'à¦¹à¦¾à¦œà§€à¦—à¦žà§à¦œ', NULL, NULL, '0000-00-00 00:00:00', '0000-00-00 00:00:00'),
(64, 42, 'Kachua', 'à¦•à¦šà§à§Ÿà¦¾', NULL, NULL, '0000-00-00 00:00:00', '0000-00-00 00:00:00'),
(65, 42, 'Matlab Uttar', 'à¦®à¦¤à¦²à¦¬ à¦‰à¦¤à§à¦¤à¦°', NULL, NULL, '0000-00-00 00:00:00', '0000-00-00 00:00:00'),
(66, 42, 'Matlab Dakkhin', 'à¦®à¦¤à¦²à¦¬ à¦¦à¦•à§à¦·à¦¿à¦£', NULL, NULL, '0000-00-00 00:00:00', '0000-00-00 00:00:00'),
(67, 42, 'Shahrasti', 'à¦¶à¦¾à¦¹à¦°à¦¾à¦¸à§à¦¤à¦¿', NULL, NULL, '0000-00-00 00:00:00', '0000-00-00 00:00:00'),
(68, 43, 'Anwara ', 'à¦†à¦¨à§‹à§Ÿà¦¾à¦°à¦¾', NULL, NULL, '0000-00-00 00:00:00', '0000-00-00 00:00:00'),
(69, 43, 'Banshkhali ', 'à¦¬à¦¾à¦¶à¦–à¦¾à¦²à¦¿', NULL, NULL, '0000-00-00 00:00:00', '0000-00-00 00:00:00'),
(70, 43, 'Boalkhali ', 'à¦¬à§‹à§Ÿà¦¾à¦²à¦–à¦¾à¦²à¦¿', NULL, NULL, '0000-00-00 00:00:00', '0000-00-00 00:00:00'),
(71, 43, 'Chandanaish ', 'à¦šà¦¨à§à¦¦à¦¨à¦¾à¦‡à¦¶', NULL, NULL, '0000-00-00 00:00:00', '0000-00-00 00:00:00'),
(72, 43, 'Fatikchhari ', 'à¦«à¦Ÿà¦¿à¦•à¦›à§œà¦¿', NULL, NULL, '0000-00-00 00:00:00', '0000-00-00 00:00:00'),
(73, 43, 'Hathazari ', 'à¦¹à¦¾à¦ à¦¹à¦¾à¦œà¦¾à¦°à§€', NULL, NULL, '0000-00-00 00:00:00', '0000-00-00 00:00:00'),
(74, 43, 'Lohagara ', 'à¦²à§‹à¦¹à¦¾à¦—à¦¾à¦°à¦¾', NULL, NULL, '0000-00-00 00:00:00', '0000-00-00 00:00:00'),
(75, 43, 'Mirsharai ', 'à¦®à¦¿à¦°à¦¸à¦°à¦¾à¦‡', NULL, NULL, '0000-00-00 00:00:00', '0000-00-00 00:00:00'),
(76, 43, 'Patiya ', 'à¦ªà¦Ÿà¦¿à§Ÿà¦¾', NULL, NULL, '0000-00-00 00:00:00', '0000-00-00 00:00:00'),
(77, 43, 'Rangunia ', 'à¦°à¦¾à¦™à§à¦—à§à¦¨à¦¿à§Ÿà¦¾', NULL, NULL, '0000-00-00 00:00:00', '0000-00-00 00:00:00'),
(78, 43, 'Raozan ', 'à¦°à¦¾à¦‰à¦œà¦¾à¦¨', NULL, NULL, '0000-00-00 00:00:00', '0000-00-00 00:00:00'),
(79, 43, 'Sandwip ', 'à¦¸à¦¨à§à¦¦à§à¦¬à§€à¦ª', NULL, NULL, '0000-00-00 00:00:00', '0000-00-00 00:00:00'),
(80, 43, 'Satkania ', 'à¦¸à¦¾à¦¤à¦•à¦¾à¦¨à¦¿à§Ÿà¦¾', NULL, NULL, '0000-00-00 00:00:00', '0000-00-00 00:00:00'),
(81, 43, 'Sitakunda ', 'à¦¸à§€à¦¤à¦¾à¦•à§à¦£à§à¦¡', NULL, NULL, '0000-00-00 00:00:00', '0000-00-00 00:00:00'),
(82, 44, 'Barura ', 'à¦¬à§œà§à¦°à¦¾', NULL, NULL, '0000-00-00 00:00:00', '0000-00-00 00:00:00'),
(83, 44, 'Brahmanpara ', 'à¦¬à§à¦°à¦¾à¦¹à§à¦®à¦£à¦ªà¦¾à§œà¦¾', NULL, NULL, '0000-00-00 00:00:00', '0000-00-00 00:00:00'),
(84, 44, 'Burichong ', 'à¦¬à§à§œà¦¿à¦šà¦‚', NULL, NULL, '0000-00-00 00:00:00', '0000-00-00 00:00:00'),
(85, 44, 'Chandina ', 'à¦šà¦¾à¦¨à§à¦¦à¦¿à¦¨à¦¾', NULL, NULL, '0000-00-00 00:00:00', '0000-00-00 00:00:00'),
(86, 44, 'Chauddagram ', 'à¦šà§Œà¦¦à§à¦¦à¦—à§à¦°à¦¾à¦®', NULL, NULL, '0000-00-00 00:00:00', '0000-00-00 00:00:00'),
(87, 44, 'Daudkandi ', 'à¦¦à¦¾à¦‰à¦¦à¦•à¦¾à¦¨à§à¦¦à¦¿', NULL, NULL, '0000-00-00 00:00:00', '0000-00-00 00:00:00'),
(88, 44, 'Debidwar ', 'à¦¦à§‡à¦¬à§€à¦¦à§à¦¬à¦¾à¦°', NULL, NULL, '0000-00-00 00:00:00', '0000-00-00 00:00:00'),
(89, 44, 'Homna ', 'à¦¹à§‹à¦®à¦¨à¦¾', NULL, NULL, '0000-00-00 00:00:00', '0000-00-00 00:00:00'),
(90, 44, 'Comilla Sadar ', 'à¦•à§à¦®à¦¿à¦²à§à¦²à¦¾ à¦¸à¦¦à¦°', NULL, NULL, '0000-00-00 00:00:00', '0000-00-00 00:00:00'),
(91, 44, 'Laksam ', 'à¦²à¦¾à¦•à¦¸à¦¾à¦®', NULL, NULL, '0000-00-00 00:00:00', '0000-00-00 00:00:00'),
(92, 44, 'Monohorgonj ', 'à¦®à¦¨à§‹à¦¹à¦°à¦—à¦žà§à¦œ', NULL, NULL, '0000-00-00 00:00:00', '0000-00-00 00:00:00'),
(93, 44, 'Meghna ', 'à¦®à§‡à¦˜à¦¨à¦¾', NULL, NULL, '0000-00-00 00:00:00', '0000-00-00 00:00:00'),
(94, 44, 'Muradnagar ', 'à¦®à§à¦°à¦¾à¦¦à¦¨à¦—à¦°', NULL, NULL, '0000-00-00 00:00:00', '0000-00-00 00:00:00'),
(95, 44, 'Nangalkot ', 'à¦¨à¦¾à¦™à§à¦—à¦¾à¦²à¦•à§‹à¦Ÿ', NULL, NULL, '0000-00-00 00:00:00', '0000-00-00 00:00:00'),
(96, 44, 'Comilla Sadar South ', 'à¦•à§à¦®à¦¿à¦²à§à¦²à¦¾ à¦¸à¦¦à¦° à¦¦à¦•à§à¦·à¦¿à¦£', NULL, NULL, '0000-00-00 00:00:00', '0000-00-00 00:00:00'),
(97, 44, 'Titas ', 'à¦¤à¦¿à¦¤à¦¾à¦¸', NULL, NULL, '0000-00-00 00:00:00', '0000-00-00 00:00:00'),
(98, 45, 'Chakaria ', 'à¦šà¦•à¦°à¦¿à§Ÿà¦¾', NULL, NULL, '0000-00-00 00:00:00', '0000-00-00 00:00:00'),
(99, 45, 'Chakaria ', 'à¦šà¦•à¦°à¦¿à§Ÿà¦¾', NULL, NULL, '0000-00-00 00:00:00', '0000-00-00 00:00:00'),
(100, 45, 'Cox\'s Bazar Sadar ', 'à¦•à¦•à§à¦¸ à¦¬à¦¾à¦œà¦¾à¦° à¦¸à¦¦à¦°', NULL, NULL, '0000-00-00 00:00:00', '0000-00-00 00:00:00'),
(101, 45, 'Kutubdia ', 'à¦•à§à¦¤à§à¦¬à¦¦à¦¿à§Ÿà¦¾', NULL, NULL, '0000-00-00 00:00:00', '0000-00-00 00:00:00'),
(102, 45, 'Maheshkhali ', 'à¦®à¦¹à§‡à¦¶à¦–à¦¾à¦²à§€', NULL, NULL, '0000-00-00 00:00:00', '0000-00-00 00:00:00'),
(103, 45, 'Ramu ', 'à¦°à¦¾à¦®à§', NULL, NULL, '0000-00-00 00:00:00', '0000-00-00 00:00:00'),
(104, 45, 'Teknaf ', 'à¦Ÿà§‡à¦•à¦¨à¦¾à¦«', NULL, NULL, '0000-00-00 00:00:00', '0000-00-00 00:00:00'),
(105, 45, 'Ukhia ', 'à¦‰à¦–à¦¿à§Ÿà¦¾', NULL, NULL, '0000-00-00 00:00:00', '0000-00-00 00:00:00'),
(106, 45, 'Pekua ', 'à¦ªà§‡à¦•à§à§Ÿà¦¾', NULL, NULL, '0000-00-00 00:00:00', '0000-00-00 00:00:00'),
(107, 46, 'Feni Sadar', 'à¦«à§‡à¦¨à§€ à¦¸à¦¦à¦°', NULL, NULL, '0000-00-00 00:00:00', '0000-00-00 00:00:00'),
(108, 46, 'Chagalnaiya', 'à¦›à¦¾à¦—à¦² à¦¨à¦¾à¦‡à§Ÿà¦¾', NULL, NULL, '0000-00-00 00:00:00', '0000-00-00 00:00:00'),
(109, 46, 'Daganbhyan', 'à¦¦à¦¾à¦—à¦¾à¦¨à¦­à¦¿à§Ÿà¦¾', NULL, NULL, '0000-00-00 00:00:00', '0000-00-00 00:00:00'),
(110, 46, 'Parshuram', 'à¦ªà¦°à¦¶à§à¦°à¦¾à¦®', NULL, NULL, '0000-00-00 00:00:00', '0000-00-00 00:00:00'),
(111, 46, 'Fhulgazi', 'à¦«à§à¦²à¦—à¦¾à¦œà¦¿', NULL, NULL, '0000-00-00 00:00:00', '0000-00-00 00:00:00'),
(112, 46, 'Sonagazi', 'à¦¸à§‹à¦¨à¦¾à¦—à¦¾à¦œà¦¿', NULL, NULL, '0000-00-00 00:00:00', '0000-00-00 00:00:00'),
(113, 47, 'Dighinala ', 'à¦¦à¦¿à¦˜à¦¿à¦¨à¦¾à¦²à¦¾ ', NULL, NULL, '0000-00-00 00:00:00', '0000-00-00 00:00:00'),
(114, 47, 'Khagrachhari ', 'à¦–à¦¾à¦—à§œà¦¾à¦›à§œà¦¿', NULL, NULL, '0000-00-00 00:00:00', '0000-00-00 00:00:00'),
(115, 47, 'Lakshmichhari ', 'à¦²à¦•à§à¦·à§à¦®à§€à¦›à§œà¦¿', NULL, NULL, '0000-00-00 00:00:00', '0000-00-00 00:00:00'),
(116, 47, 'Mahalchhari ', 'à¦®à¦¹à¦²à¦›à§œà¦¿', NULL, NULL, '0000-00-00 00:00:00', '0000-00-00 00:00:00'),
(117, 47, 'Manikchhari ', 'à¦®à¦¾à¦¨à¦¿à¦•à¦›à§œà¦¿', NULL, NULL, '0000-00-00 00:00:00', '0000-00-00 00:00:00'),
(118, 47, 'Matiranga ', 'à¦®à¦¾à¦Ÿà¦¿à¦°à¦¾à¦™à§à¦—à¦¾', NULL, NULL, '0000-00-00 00:00:00', '0000-00-00 00:00:00'),
(119, 47, 'Panchhari ', 'à¦ªà¦¾à¦¨à¦›à§œà¦¿', NULL, NULL, '0000-00-00 00:00:00', '0000-00-00 00:00:00'),
(120, 47, 'Ramgarh ', 'à¦°à¦¾à¦®à¦—à§œ', NULL, NULL, '0000-00-00 00:00:00', '0000-00-00 00:00:00'),
(121, 48, 'Lakshmipur Sadar ', 'à¦²à¦•à§à¦·à§à¦®à§€à¦ªà§à¦° à¦¸à¦¦à¦°', NULL, NULL, '0000-00-00 00:00:00', '0000-00-00 00:00:00'),
(122, 48, 'Raipur ', 'à¦°à¦¾à§Ÿà¦ªà§à¦°', NULL, NULL, '0000-00-00 00:00:00', '0000-00-00 00:00:00'),
(123, 48, 'Ramganj ', 'à¦°à¦¾à¦®à¦—à¦žà§à¦œ', NULL, NULL, '0000-00-00 00:00:00', '0000-00-00 00:00:00'),
(124, 48, 'Ramgati ', 'à¦°à¦¾à¦®à¦—à¦¤à¦¿', NULL, NULL, '0000-00-00 00:00:00', '0000-00-00 00:00:00'),
(125, 48, 'Komol Nagar ', 'à¦•à¦®à¦² à¦¨à¦—à¦°', NULL, NULL, '0000-00-00 00:00:00', '0000-00-00 00:00:00'),
(126, 49, 'Noakhali Sadar ', 'à¦¨à§‹à§Ÿà¦¾à¦–à¦¾à¦²à§€ à¦¸à¦¦à¦°', NULL, NULL, '0000-00-00 00:00:00', '0000-00-00 00:00:00'),
(127, 49, 'Begumganj ', 'à¦¬à§‡à¦—à¦®à¦—à¦žà§à¦œ', NULL, NULL, '0000-00-00 00:00:00', '0000-00-00 00:00:00'),
(128, 49, 'Chatkhil ', 'à¦šà¦¾à¦Ÿà¦–à¦¿à¦²', NULL, NULL, '0000-00-00 00:00:00', '0000-00-00 00:00:00'),
(129, 49, 'Companyganj ', 'à¦•à§‹à¦®à§à¦ªà¦¾à¦¨à§€à¦—à¦žà§à¦œ', NULL, NULL, '0000-00-00 00:00:00', '0000-00-00 00:00:00'),
(130, 49, 'Shenbag ', 'à¦¶à§‡à¦¨à¦¬à¦¾à¦—', NULL, NULL, '0000-00-00 00:00:00', '0000-00-00 00:00:00'),
(131, 49, 'Hatia ', 'à¦¹à¦¾à¦¤à¦¿à§Ÿà¦¾', NULL, NULL, '0000-00-00 00:00:00', '0000-00-00 00:00:00'),
(132, 49, 'Kobirhat ', 'à¦•à¦¬à¦¿à¦°à¦¹à¦¾à¦Ÿ ', NULL, NULL, '0000-00-00 00:00:00', '0000-00-00 00:00:00'),
(133, 49, 'Sonaimuri ', 'à¦¸à§‹à¦¨à¦¾à¦‡à¦®à§à¦°à¦¿', NULL, NULL, '0000-00-00 00:00:00', '0000-00-00 00:00:00'),
(134, 49, 'Suborno Char ', 'à¦¸à§à¦¬à¦°à§à¦£ à¦šà¦° ', NULL, NULL, '0000-00-00 00:00:00', '0000-00-00 00:00:00'),
(135, 50, 'Rangamati Sadar ', 'à¦°à¦¾à¦™à§à¦—à¦¾à¦®à¦¾à¦Ÿà¦¿ à¦¸à¦¦à¦°', NULL, NULL, '0000-00-00 00:00:00', '0000-00-00 00:00:00'),
(136, 50, 'Belaichhari ', 'à¦¬à§‡à¦²à¦¾à¦‡à¦›à§œà¦¿', NULL, NULL, '0000-00-00 00:00:00', '0000-00-00 00:00:00'),
(137, 50, 'Bagaichhari ', 'à¦¬à¦¾à¦˜à¦¾à¦‡à¦›à§œà¦¿', NULL, NULL, '0000-00-00 00:00:00', '0000-00-00 00:00:00'),
(138, 50, 'Barkal ', 'à¦¬à¦°à¦•à¦²', NULL, NULL, '0000-00-00 00:00:00', '0000-00-00 00:00:00'),
(139, 50, 'Juraichhari ', 'à¦œà§à¦°à¦¾à¦‡à¦›à§œà¦¿', NULL, NULL, '0000-00-00 00:00:00', '0000-00-00 00:00:00'),
(140, 50, 'Rajasthali ', 'à¦°à¦¾à¦œà¦¾à¦¸à§à¦¥à¦²à¦¿', NULL, NULL, '0000-00-00 00:00:00', '0000-00-00 00:00:00'),
(141, 50, 'Kaptai ', 'à¦•à¦¾à¦ªà§à¦¤à¦¾à¦‡', NULL, NULL, '0000-00-00 00:00:00', '0000-00-00 00:00:00'),
(142, 50, 'Langadu ', 'à¦²à¦¾à¦™à§à¦—à¦¾à¦¡à§', NULL, NULL, '0000-00-00 00:00:00', '0000-00-00 00:00:00'),
(143, 50, 'Nannerchar ', 'à¦¨à¦¾à¦¨à§à¦¨à§‡à¦°à¦šà¦° ', NULL, NULL, '0000-00-00 00:00:00', '0000-00-00 00:00:00'),
(144, 50, 'Kaukhali ', 'à¦•à¦¾à¦‰à¦–à¦¾à¦²à¦¿', NULL, NULL, '0000-00-00 00:00:00', '0000-00-00 00:00:00'),
(150, 2, 'Faridpur Sadar ', 'à¦«à¦°à¦¿à¦¦à¦ªà§à¦° à¦¸à¦¦à¦°', NULL, NULL, '0000-00-00 00:00:00', '0000-00-00 00:00:00'),
(151, 2, 'Boalmari ', 'à¦¬à§‹à§Ÿà¦¾à¦²à¦®à¦¾à¦°à§€', NULL, NULL, '0000-00-00 00:00:00', '0000-00-00 00:00:00'),
(152, 2, 'Alfadanga ', 'à¦†à¦²à¦«à¦¾à¦¡à¦¾à¦™à§à¦—à¦¾', NULL, NULL, '0000-00-00 00:00:00', '0000-00-00 00:00:00'),
(153, 2, 'Madhukhali ', 'à¦®à¦§à§à¦–à¦¾à¦²à¦¿', NULL, NULL, '0000-00-00 00:00:00', '0000-00-00 00:00:00'),
(154, 2, 'Bhanga ', 'à¦­à¦¾à¦™à§à¦—à¦¾', NULL, NULL, '0000-00-00 00:00:00', '0000-00-00 00:00:00'),
(155, 2, 'Nagarkanda ', 'à¦¨à¦—à¦°à¦•à¦¾à¦¨à§à¦¡', NULL, NULL, '0000-00-00 00:00:00', '0000-00-00 00:00:00'),
(156, 2, 'Charbhadrasan ', 'à¦šà¦°à¦­à¦¦à§à¦°à¦¾à¦¸à¦¨ ', NULL, NULL, '0000-00-00 00:00:00', '0000-00-00 00:00:00'),
(157, 2, 'Sadarpur ', 'à¦¸à¦¦à¦°à¦ªà§à¦°', NULL, NULL, '0000-00-00 00:00:00', '0000-00-00 00:00:00'),
(158, 2, 'Shaltha ', 'à¦¶à¦¾à¦²à¦¥à¦¾', NULL, NULL, '0000-00-00 00:00:00', '0000-00-00 00:00:00'),
(159, 3, 'Gazipur Sadar-Joydebpur', 'à¦—à¦¾à¦œà§€à¦ªà§à¦° à¦¸à¦¦à¦°', NULL, NULL, '0000-00-00 00:00:00', '0000-00-00 00:00:00'),
(160, 3, 'Kaliakior', 'à¦•à¦¾à¦²à¦¿à§Ÿà¦¾à¦•à§ˆà¦°', NULL, NULL, '0000-00-00 00:00:00', '0000-00-00 00:00:00'),
(161, 3, 'Kapasia', 'à¦•à¦¾à¦ªà¦¾à¦¸à¦¿à§Ÿà¦¾', NULL, NULL, '0000-00-00 00:00:00', '0000-00-00 00:00:00'),
(162, 3, 'Sripur', 'à¦¶à§à¦°à§€à¦ªà§à¦°', NULL, NULL, '0000-00-00 00:00:00', '0000-00-00 00:00:00'),
(163, 3, 'Kaliganj', 'à¦•à¦¾à¦²à§€à¦—à¦žà§à¦œ', NULL, NULL, '0000-00-00 00:00:00', '0000-00-00 00:00:00'),
(164, 3, 'Tongi', 'à¦Ÿà¦™à§à¦—à¦¿', NULL, NULL, '0000-00-00 00:00:00', '0000-00-00 00:00:00'),
(165, 4, 'Gopalganj Sadar ', 'à¦—à§‹à¦ªà¦¾à¦²à¦—à¦žà§à¦œ à¦¸à¦¦à¦°', NULL, NULL, '0000-00-00 00:00:00', '0000-00-00 00:00:00'),
(166, 4, 'Kashiani ', 'à¦•à¦¾à¦¶à¦¿à§Ÿà¦¾à¦¨à¦¿', NULL, NULL, '0000-00-00 00:00:00', '0000-00-00 00:00:00'),
(167, 4, 'Kotalipara ', 'à¦•à§‹à¦Ÿà¦¾à¦²à¦¿à¦ªà¦¾à§œà¦¾', NULL, NULL, '0000-00-00 00:00:00', '0000-00-00 00:00:00'),
(168, 4, 'Muksudpur ', 'à¦®à§à¦•à¦¸à§à¦¦à¦ªà§à¦°', NULL, NULL, '0000-00-00 00:00:00', '0000-00-00 00:00:00'),
(169, 4, 'Tungipara ', 'à¦Ÿà§à¦™à§à¦—à¦¿à¦ªà¦¾à§œà¦¾', NULL, NULL, '0000-00-00 00:00:00', '0000-00-00 00:00:00'),
(170, 5, 'Dewanganj ', 'à¦¦à§‡à¦“à§Ÿà¦¾à¦¨à¦—à¦žà§à¦œ', NULL, NULL, '0000-00-00 00:00:00', '0000-00-00 00:00:00'),
(171, 5, 'Baksiganj ', 'à¦¬à¦•à¦¸à¦¿à¦—à¦žà§à¦œ', NULL, NULL, '0000-00-00 00:00:00', '0000-00-00 00:00:00'),
(172, 5, 'Islampur ', 'à¦‡à¦¸à¦²à¦¾à¦®à¦ªà§à¦°', NULL, NULL, '0000-00-00 00:00:00', '0000-00-00 00:00:00'),
(173, 5, 'Jamalpur Sadar ', 'à¦œà¦¾à¦®à¦¾à¦²à¦ªà§à¦° à¦¸à¦¦à¦°', NULL, NULL, '0000-00-00 00:00:00', '0000-00-00 00:00:00'),
(174, 5, 'Madarganj ', 'à¦®à¦¾à¦¦à¦¾à¦°à¦—à¦žà§à¦œ', NULL, NULL, '0000-00-00 00:00:00', '0000-00-00 00:00:00'),
(175, 5, 'Melandaha ', 'à¦®à§‡à¦²à¦¾à¦¨à¦¦à¦¾à¦¹à¦¾', NULL, NULL, '0000-00-00 00:00:00', '0000-00-00 00:00:00'),
(176, 5, 'Sarishabari ', 'à¦¸à¦°à¦¿à¦·à¦¾à¦¬à¦¾à§œà¦¿ ', NULL, NULL, '0000-00-00 00:00:00', '0000-00-00 00:00:00'),
(177, 5, 'Narundi Police I.C', 'à¦¨à¦¾à¦°à§à¦¨à§à¦¦à¦¿', NULL, NULL, '0000-00-00 00:00:00', '0000-00-00 00:00:00'),
(178, 6, 'Astagram ', 'à¦…à¦·à§à¦Ÿà¦—à§à¦°à¦¾à¦®', NULL, NULL, '0000-00-00 00:00:00', '0000-00-00 00:00:00'),
(179, 6, 'Bajitpur ', 'à¦¬à¦¾à¦œà¦¿à¦¤à¦ªà§à¦°', NULL, NULL, '0000-00-00 00:00:00', '0000-00-00 00:00:00'),
(180, 6, 'Bhairab ', 'à¦­à§ˆà¦°à¦¬', NULL, NULL, '0000-00-00 00:00:00', '0000-00-00 00:00:00'),
(181, 6, 'Hossainpur ', 'à¦¹à§‹à¦¸à§‡à¦¨à¦ªà§à¦° ', NULL, NULL, '0000-00-00 00:00:00', '0000-00-00 00:00:00'),
(182, 6, 'Itna ', 'à¦‡à¦Ÿà¦¨à¦¾', NULL, NULL, '0000-00-00 00:00:00', '0000-00-00 00:00:00'),
(183, 6, 'Karimganj ', 'à¦•à¦°à¦¿à¦®à¦—à¦žà§à¦œ', NULL, NULL, '0000-00-00 00:00:00', '0000-00-00 00:00:00'),
(184, 6, 'Katiadi ', 'à¦•à¦¤à¦¿à§Ÿà¦¾à¦¦à¦¿', NULL, NULL, '0000-00-00 00:00:00', '0000-00-00 00:00:00'),
(185, 6, 'Kishoreganj Sadar ', 'à¦•à¦¿à¦¶à§‹à¦°à¦—à¦žà§à¦œ à¦¸à¦¦à¦°', NULL, NULL, '0000-00-00 00:00:00', '0000-00-00 00:00:00'),
(186, 6, 'Kuliarchar ', 'à¦•à§à¦²à¦¿à§Ÿà¦¾à¦°à¦šà¦°', NULL, NULL, '0000-00-00 00:00:00', '0000-00-00 00:00:00'),
(187, 6, 'Mithamain ', 'à¦®à¦¿à¦ à¦¾à¦®à¦¾à¦‡à¦¨', NULL, NULL, '0000-00-00 00:00:00', '0000-00-00 00:00:00'),
(188, 6, 'Nikli ', 'à¦¨à¦¿à¦•à¦²à¦¿', NULL, NULL, '0000-00-00 00:00:00', '0000-00-00 00:00:00'),
(189, 6, 'Pakundia ', 'à¦ªà¦¾à¦•à§à¦¨à§à¦¡à¦¾', NULL, NULL, '0000-00-00 00:00:00', '0000-00-00 00:00:00'),
(190, 6, 'Tarail ', 'à¦¤à¦¾à§œà¦¾à¦‡à¦²', NULL, NULL, '0000-00-00 00:00:00', '0000-00-00 00:00:00'),
(191, 7, 'Madaripur Sadar', 'à¦®à¦¾à¦¦à¦¾à¦°à§€à¦ªà§à¦° à¦¸à¦¦à¦°', NULL, NULL, '0000-00-00 00:00:00', '0000-00-00 00:00:00'),
(192, 7, 'Kalkini', 'à¦•à¦¾à¦²à¦•à¦¿à¦¨à¦¿', NULL, NULL, '0000-00-00 00:00:00', '0000-00-00 00:00:00'),
(193, 7, 'Rajoir', 'à¦°à¦¾à¦œà¦‡à¦°', NULL, NULL, '0000-00-00 00:00:00', '0000-00-00 00:00:00'),
(194, 7, 'Shibchar', 'à¦¶à¦¿à¦¬à¦šà¦°', NULL, NULL, '0000-00-00 00:00:00', '0000-00-00 00:00:00'),
(195, 8, 'Manikganj Sadar ', 'à¦®à¦¾à¦¨à¦¿à¦•à¦—à¦žà§à¦œ à¦¸à¦¦à¦°', NULL, NULL, '0000-00-00 00:00:00', '0000-00-00 00:00:00'),
(196, 8, 'Singair ', 'à¦¸à¦¿à¦™à§à¦—à¦¾à¦‡à¦°', NULL, NULL, '0000-00-00 00:00:00', '0000-00-00 00:00:00'),
(197, 8, 'Shibalaya ', 'à¦¶à¦¿à¦¬à¦¾à¦²à§Ÿ', NULL, NULL, '0000-00-00 00:00:00', '0000-00-00 00:00:00'),
(198, 8, 'Saturia ', 'à¦¸à¦¾à¦ à§à¦°à¦¿à§Ÿà¦¾', NULL, NULL, '0000-00-00 00:00:00', '0000-00-00 00:00:00'),
(199, 8, 'Harirampur ', 'à¦¹à¦°à¦¿à¦°à¦¾à¦®à¦ªà§à¦°', NULL, NULL, '0000-00-00 00:00:00', '0000-00-00 00:00:00'),
(200, 8, 'Ghior ', 'à¦˜à¦¿à¦“à¦°', NULL, NULL, '0000-00-00 00:00:00', '0000-00-00 00:00:00'),
(201, 8, 'Daulatpur ', 'à¦¦à§Œà¦²à¦¤à¦ªà§à¦°', NULL, NULL, '0000-00-00 00:00:00', '0000-00-00 00:00:00'),
(202, 9, 'Lohajang ', 'à¦²à§‹à¦¹à¦¾à¦œà¦‚', NULL, NULL, '0000-00-00 00:00:00', '0000-00-00 00:00:00'),
(203, 9, 'Sreenagar ', 'à¦¶à§à¦°à§€à¦¨à¦—à¦°', NULL, NULL, '0000-00-00 00:00:00', '0000-00-00 00:00:00'),
(204, 9, 'Munshiganj Sadar ', 'à¦®à§à¦¨à§à¦¸à¦¿à¦—à¦žà§à¦œ à¦¸à¦¦à¦°', NULL, NULL, '0000-00-00 00:00:00', '0000-00-00 00:00:00'),
(205, 9, 'Sirajdikhan ', 'à¦¸à¦¿à¦°à¦¾à¦œà¦¦à¦¿à¦–à¦¾à¦¨', NULL, NULL, '0000-00-00 00:00:00', '0000-00-00 00:00:00'),
(206, 9, 'Tongibari ', 'à¦Ÿà¦™à§à¦—à¦¿à¦¬à¦¾à§œà¦¿', NULL, NULL, '0000-00-00 00:00:00', '0000-00-00 00:00:00'),
(207, 9, 'Gazaria ', 'à¦—à¦œà¦¾à¦°à¦¿à§Ÿà¦¾', NULL, NULL, '0000-00-00 00:00:00', '0000-00-00 00:00:00'),
(208, 10, 'Bhaluka', 'à¦­à¦¾à¦²à§à¦•à¦¾', NULL, NULL, '0000-00-00 00:00:00', '0000-00-00 00:00:00'),
(209, 10, 'Trishal', 'à¦¤à§à¦°à¦¿à¦¶à¦¾à¦²', NULL, NULL, '0000-00-00 00:00:00', '0000-00-00 00:00:00'),
(210, 10, 'Haluaghat', 'à¦¹à¦¾à¦²à§à§Ÿà¦¾à¦˜à¦¾à¦Ÿ', NULL, NULL, '0000-00-00 00:00:00', '0000-00-00 00:00:00'),
(211, 10, 'Muktagachha', 'à¦®à§à¦•à§à¦¤à¦¾à¦—à¦¾à¦›à¦¾', NULL, NULL, '0000-00-00 00:00:00', '0000-00-00 00:00:00'),
(212, 10, 'Dhobaura', 'à¦§à¦¬à¦¾à¦°à§à§Ÿà¦¾', NULL, NULL, '0000-00-00 00:00:00', '0000-00-00 00:00:00'),
(213, 10, 'Fulbaria', 'à¦«à§à¦²à¦¬à¦¾à§œà¦¿à§Ÿà¦¾', NULL, NULL, '0000-00-00 00:00:00', '0000-00-00 00:00:00'),
(214, 10, 'Gaffargaon', 'à¦—à¦«à¦°à¦—à¦¾à¦à¦“', NULL, NULL, '0000-00-00 00:00:00', '0000-00-00 00:00:00'),
(215, 10, 'Gauripur', 'à¦—à§Œà¦°à¦¿à¦ªà§à¦°', NULL, NULL, '0000-00-00 00:00:00', '0000-00-00 00:00:00'),
(216, 10, 'Ishwarganj', 'à¦ˆà¦¶à§à¦¬à¦°à¦—à¦žà§à¦œ', NULL, NULL, '0000-00-00 00:00:00', '0000-00-00 00:00:00'),
(217, 10, 'Mymensingh Sadar', 'à¦®à§Ÿà¦®à¦¨à¦¸à¦¿à¦‚ à¦¸à¦¦à¦°', NULL, NULL, '0000-00-00 00:00:00', '0000-00-00 00:00:00'),
(218, 10, 'Nandail', 'à¦¨à¦¨à§à¦¦à¦¾à¦‡à¦²', NULL, NULL, '0000-00-00 00:00:00', '0000-00-00 00:00:00'),
(219, 10, 'Phulpur', 'à¦«à§à¦²à¦ªà§à¦°', NULL, NULL, '0000-00-00 00:00:00', '0000-00-00 00:00:00'),
(220, 11, 'Araihazar ', 'à¦†à§œà¦¾à¦‡à¦¹à¦¾à¦œà¦¾à¦°', NULL, NULL, '0000-00-00 00:00:00', '0000-00-00 00:00:00'),
(221, 11, 'Sonargaon ', 'à¦¸à§‹à¦¨à¦¾à¦°à¦—à¦¾à¦à¦“', NULL, NULL, '0000-00-00 00:00:00', '0000-00-00 00:00:00'),
(222, 11, 'Bandar', 'à¦¬à¦¾à¦¨à§à¦¦à¦¾à¦°', NULL, NULL, '0000-00-00 00:00:00', '0000-00-00 00:00:00'),
(223, 11, 'Naryanganj Sadar ', 'à¦¨à¦¾à¦°à¦¾à§Ÿà¦¾à¦¨à¦—à¦žà§à¦œ à¦¸à¦¦à¦°', NULL, NULL, '0000-00-00 00:00:00', '0000-00-00 00:00:00'),
(224, 11, 'Rupganj ', 'à¦°à§‚à¦ªà¦—à¦žà§à¦œ', NULL, NULL, '0000-00-00 00:00:00', '0000-00-00 00:00:00'),
(225, 11, 'Siddirgonj ', 'à¦¸à¦¿à¦¦à§à¦§à¦¿à¦°à¦—à¦žà§à¦œ', NULL, NULL, '0000-00-00 00:00:00', '0000-00-00 00:00:00'),
(226, 12, 'Belabo ', 'à¦¬à§‡à¦²à¦¾à¦¬à§‹', NULL, NULL, '0000-00-00 00:00:00', '0000-00-00 00:00:00'),
(227, 12, 'Monohardi ', 'à¦®à¦¨à§‹à¦¹à¦°à¦¦à¦¿', NULL, NULL, '0000-00-00 00:00:00', '0000-00-00 00:00:00'),
(228, 12, 'Narsingdi Sadar ', 'à¦¨à¦°à¦¸à¦¿à¦‚à¦¦à§€ à¦¸à¦¦à¦°', NULL, NULL, '0000-00-00 00:00:00', '0000-00-00 00:00:00'),
(229, 12, 'Palash ', 'à¦ªà¦²à¦¾à¦¶', NULL, NULL, '0000-00-00 00:00:00', '0000-00-00 00:00:00'),
(230, 12, 'Raipura , Narsingdi', 'à¦°à¦¾à§Ÿà¦ªà§à¦°', NULL, NULL, '0000-00-00 00:00:00', '0000-00-00 00:00:00'),
(231, 12, 'Shibpur ', 'à¦¶à¦¿à¦¬à¦ªà§à¦°', NULL, NULL, '0000-00-00 00:00:00', '0000-00-00 00:00:00'),
(232, 13, 'Kendua Upazilla', 'à¦•à§‡à¦¨à§à¦¦à§à§Ÿà¦¾', NULL, NULL, '0000-00-00 00:00:00', '0000-00-00 00:00:00'),
(233, 13, 'Atpara Upazilla', 'à¦†à¦Ÿà¦ªà¦¾à§œà¦¾', NULL, NULL, '0000-00-00 00:00:00', '0000-00-00 00:00:00'),
(234, 13, 'Barhatta Upazilla', 'à¦¬à¦°à¦¹à¦¾à¦Ÿà§à¦Ÿà¦¾', NULL, NULL, '0000-00-00 00:00:00', '0000-00-00 00:00:00'),
(235, 13, 'Durgapur Upazilla', 'à¦¦à§à¦°à§à¦—à¦¾à¦ªà§à¦°', NULL, NULL, '0000-00-00 00:00:00', '0000-00-00 00:00:00'),
(236, 13, 'Kalmakanda Upazilla', 'à¦•à¦²à¦®à¦¾à¦•à¦¾à¦¨à§à¦¦à¦¾', NULL, NULL, '0000-00-00 00:00:00', '0000-00-00 00:00:00'),
(237, 13, 'Madan Upazilla', 'à¦®à¦¦à¦¨', NULL, NULL, '0000-00-00 00:00:00', '0000-00-00 00:00:00'),
(238, 13, 'Mohanganj Upazilla', 'à¦®à§‹à¦¹à¦¨à¦—à¦žà§à¦œ', NULL, NULL, '0000-00-00 00:00:00', '0000-00-00 00:00:00'),
(239, 13, 'Netrakona-S Upazilla', 'à¦¨à§‡à¦¤à§à¦°à¦•à§‹à¦¨à¦¾ à¦¸à¦¦à¦°', NULL, NULL, '0000-00-00 00:00:00', '0000-00-00 00:00:00'),
(240, 13, 'Purbadhala Upazilla', 'à¦ªà§‚à¦°à§à¦¬à¦§à¦²à¦¾', NULL, NULL, '0000-00-00 00:00:00', '0000-00-00 00:00:00'),
(241, 13, 'Khaliajuri Upazilla', 'à¦–à¦¾à¦²à¦¿à§Ÿà¦¾à¦œà§à¦°à¦¿', NULL, NULL, '0000-00-00 00:00:00', '0000-00-00 00:00:00'),
(242, 14, 'Baliakandi ', 'à¦¬à¦¾à¦²à¦¿à§Ÿà¦¾à¦•à¦¾à¦¨à§à¦¦à¦¿', NULL, NULL, '0000-00-00 00:00:00', '0000-00-00 00:00:00'),
(243, 14, 'Goalandaghat ', 'à¦—à§‹à§Ÿà¦¾à¦²à¦¨à§à¦¦ à¦˜à¦¾à¦Ÿ', NULL, NULL, '0000-00-00 00:00:00', '0000-00-00 00:00:00'),
(244, 14, 'Pangsha ', 'à¦ªà¦¾à¦‚à¦¶à¦¾', NULL, NULL, '0000-00-00 00:00:00', '0000-00-00 00:00:00'),
(245, 14, 'Kalukhali ', 'à¦•à¦¾à¦²à§à¦–à¦¾à¦²à¦¿', NULL, NULL, '0000-00-00 00:00:00', '0000-00-00 00:00:00'),
(246, 14, 'Rajbari Sadar ', 'à¦°à¦¾à¦œà¦¬à¦¾à§œà¦¿ à¦¸à¦¦à¦°', NULL, NULL, '0000-00-00 00:00:00', '0000-00-00 00:00:00'),
(247, 15, 'Shariatpur Sadar -Palong', 'à¦¶à¦°à§€à§Ÿà¦¤à¦ªà§à¦° à¦¸à¦¦à¦° ', NULL, NULL, '0000-00-00 00:00:00', '0000-00-00 00:00:00'),
(248, 15, 'Damudya ', 'à¦¦à¦¾à¦®à§à¦¦à¦¿à§Ÿà¦¾', NULL, NULL, '0000-00-00 00:00:00', '0000-00-00 00:00:00'),
(249, 15, 'Naria ', 'à¦¨à§œà¦¿à§Ÿà¦¾', NULL, NULL, '0000-00-00 00:00:00', '0000-00-00 00:00:00'),
(250, 15, 'Jajira ', 'à¦œà¦¾à¦œà¦¿à¦°à¦¾', NULL, NULL, '0000-00-00 00:00:00', '0000-00-00 00:00:00'),
(251, 15, 'Bhedarganj ', 'à¦­à§‡à¦¦à¦¾à¦°à¦—à¦žà§à¦œ', NULL, NULL, '0000-00-00 00:00:00', '0000-00-00 00:00:00'),
(252, 15, 'Gosairhat ', 'à¦—à§‹à¦¸à¦¾à¦‡à¦° à¦¹à¦¾à¦Ÿ ', NULL, NULL, '0000-00-00 00:00:00', '0000-00-00 00:00:00'),
(253, 16, 'Jhenaigati ', 'à¦à¦¿à¦¨à¦¾à¦‡à¦—à¦¾à¦¤à¦¿', NULL, NULL, '0000-00-00 00:00:00', '0000-00-00 00:00:00'),
(254, 16, 'Nakla ', 'à¦¨à¦¾à¦•à¦²à¦¾', NULL, NULL, '0000-00-00 00:00:00', '0000-00-00 00:00:00'),
(255, 16, 'Nalitabari ', 'à¦¨à¦¾à¦²à¦¿à¦¤à¦¾à¦¬à¦¾à§œà¦¿', NULL, NULL, '0000-00-00 00:00:00', '0000-00-00 00:00:00'),
(256, 16, 'Sherpur Sadar ', 'à¦¶à§‡à¦°à¦ªà§à¦° à¦¸à¦¦à¦°', NULL, NULL, '0000-00-00 00:00:00', '0000-00-00 00:00:00'),
(257, 16, 'Sreebardi ', 'à¦¶à§à¦°à§€à¦¬à¦°à¦¦à¦¿', NULL, NULL, '0000-00-00 00:00:00', '0000-00-00 00:00:00'),
(258, 17, 'Tangail Sadar ', 'à¦Ÿà¦¾à¦™à§à¦—à¦¾à¦‡à¦² à¦¸à¦¦à¦°', NULL, NULL, '0000-00-00 00:00:00', '0000-00-00 00:00:00'),
(259, 17, 'Sakhipur ', 'à¦¸à¦–à¦¿à¦ªà§à¦°', NULL, NULL, '0000-00-00 00:00:00', '0000-00-00 00:00:00'),
(260, 17, 'Basail ', 'à¦¬à¦¸à¦¾à¦‡à¦²', NULL, NULL, '0000-00-00 00:00:00', '0000-00-00 00:00:00'),
(261, 17, 'Madhupur ', 'à¦®à¦§à§à¦ªà§à¦°', NULL, NULL, '0000-00-00 00:00:00', '0000-00-00 00:00:00'),
(262, 17, 'Ghatail ', 'à¦˜à¦¾à¦Ÿà¦¾à¦‡à¦²', NULL, NULL, '0000-00-00 00:00:00', '0000-00-00 00:00:00'),
(263, 17, 'Kalihati ', 'à¦•à¦¾à¦²à¦¿à¦¹à¦¾à¦¤à¦¿', NULL, NULL, '0000-00-00 00:00:00', '0000-00-00 00:00:00'),
(264, 17, 'Nagarpur ', 'à¦¨à¦—à¦°à¦ªà§à¦°', NULL, NULL, '0000-00-00 00:00:00', '0000-00-00 00:00:00'),
(265, 17, 'Mirzapur ', 'à¦®à¦¿à¦°à§à¦œà¦¾à¦ªà§à¦°', NULL, NULL, '0000-00-00 00:00:00', '0000-00-00 00:00:00'),
(266, 17, 'Gopalpur ', 'à¦—à§‹à¦ªà¦¾à¦²à¦ªà§à¦°', NULL, NULL, '0000-00-00 00:00:00', '0000-00-00 00:00:00'),
(267, 17, 'Delduar ', 'à¦¦à§‡à¦²à¦¦à§à§Ÿà¦¾à¦°', NULL, NULL, '0000-00-00 00:00:00', '0000-00-00 00:00:00'),
(268, 17, 'Bhuapur ', 'à¦­à§à§Ÿà¦¾à¦ªà§à¦°', NULL, NULL, '0000-00-00 00:00:00', '0000-00-00 00:00:00'),
(269, 17, 'Dhanbari ', 'à¦§à¦¾à¦¨à¦¬à¦¾à§œà¦¿', NULL, NULL, '0000-00-00 00:00:00', '0000-00-00 00:00:00'),
(270, 55, 'Bagerhat Sadar ', 'à¦¬à¦¾à¦—à§‡à¦°à¦¹à¦¾à¦Ÿ à¦¸à¦¦à¦°', NULL, NULL, '0000-00-00 00:00:00', '0000-00-00 00:00:00'),
(271, 55, 'Chitalmari ', 'à¦šà¦¿à¦¤à¦²à¦®à¦¾à§œà¦¿', NULL, NULL, '0000-00-00 00:00:00', '0000-00-00 00:00:00'),
(272, 55, 'Fakirhat ', 'à¦«à¦•à¦¿à¦°à¦¹à¦¾à¦Ÿ', NULL, NULL, '0000-00-00 00:00:00', '0000-00-00 00:00:00'),
(273, 55, 'Kachua ', 'à¦•à¦šà§à§Ÿà¦¾', NULL, NULL, '0000-00-00 00:00:00', '0000-00-00 00:00:00'),
(274, 55, 'Mollahat ', 'à¦®à§‹à¦²à§à¦²à¦¾à¦¹à¦¾à¦Ÿ ', NULL, NULL, '0000-00-00 00:00:00', '0000-00-00 00:00:00'),
(275, 55, 'Mongla ', 'à¦®à¦‚à¦²à¦¾', NULL, NULL, '0000-00-00 00:00:00', '0000-00-00 00:00:00'),
(276, 55, 'Morrelganj ', 'à¦®à¦°à§‡à¦²à¦—à¦žà§à¦œ', NULL, NULL, '0000-00-00 00:00:00', '0000-00-00 00:00:00'),
(277, 55, 'Rampal ', 'à¦°à¦¾à¦®à¦ªà¦¾à¦²', NULL, NULL, '0000-00-00 00:00:00', '0000-00-00 00:00:00'),
(278, 55, 'Sarankhola ', 'à¦¸à§à¦®à¦°à¦£à¦–à§‹à¦²à¦¾', NULL, NULL, '0000-00-00 00:00:00', '0000-00-00 00:00:00'),
(279, 56, 'Damurhuda ', 'à¦¦à¦¾à¦®à§à¦°à¦¹à§à¦¦à¦¾', NULL, NULL, '0000-00-00 00:00:00', '0000-00-00 00:00:00'),
(280, 56, 'Chuadanga-S ', 'à¦šà§à§Ÿà¦¾à¦¡à¦¾à¦™à§à¦—à¦¾ à¦¸à¦¦à¦°', NULL, NULL, '0000-00-00 00:00:00', '0000-00-00 00:00:00'),
(281, 56, 'Jibannagar ', 'à¦œà§€à¦¬à¦¨ à¦¨à¦—à¦° ', NULL, NULL, '0000-00-00 00:00:00', '0000-00-00 00:00:00'),
(282, 56, 'Alamdanga ', 'à¦†à¦²à¦®à¦¡à¦¾à¦™à§à¦—à¦¾', NULL, NULL, '0000-00-00 00:00:00', '0000-00-00 00:00:00'),
(283, 57, 'Abhaynagar ', 'à¦…à¦­à§Ÿà¦¨à¦—à¦°', NULL, NULL, '0000-00-00 00:00:00', '0000-00-00 00:00:00'),
(284, 57, 'Keshabpur ', 'à¦•à§‡à¦¶à¦¬à¦ªà§à¦°', NULL, NULL, '0000-00-00 00:00:00', '0000-00-00 00:00:00'),
(285, 57, 'Bagherpara ', 'à¦¬à¦¾à¦˜à§‡à¦° à¦ªà¦¾à§œà¦¾ ', NULL, NULL, '0000-00-00 00:00:00', '0000-00-00 00:00:00'),
(286, 57, 'Jessore Sadar ', 'à¦¯à¦¶à§‹à¦° à¦¸à¦¦à¦°', NULL, NULL, '0000-00-00 00:00:00', '0000-00-00 00:00:00'),
(287, 57, 'Chaugachha ', 'à¦šà§Œà¦—à¦¾à¦›à¦¾', NULL, NULL, '0000-00-00 00:00:00', '0000-00-00 00:00:00'),
(288, 57, 'Manirampur ', 'à¦®à¦¨à¦¿à¦°à¦¾à¦®à¦ªà§à¦° ', NULL, NULL, '0000-00-00 00:00:00', '0000-00-00 00:00:00'),
(289, 57, 'Jhikargachha ', 'à¦à¦¿à¦•à¦°à¦—à¦¾à¦›à¦¾', NULL, NULL, '0000-00-00 00:00:00', '0000-00-00 00:00:00'),
(290, 57, 'Sharsha ', 'à¦¸à¦¾à¦°à¦¶à¦¾', NULL, NULL, '0000-00-00 00:00:00', '0000-00-00 00:00:00'),
(291, 58, 'Jhenaidah Sadar ', 'à¦à¦¿à¦¨à¦¾à¦‡à¦¦à¦¹ à¦¸à¦¦à¦°', NULL, NULL, '0000-00-00 00:00:00', '0000-00-00 00:00:00'),
(292, 58, 'Maheshpur ', 'à¦®à¦¹à§‡à¦¶à¦ªà§à¦°', NULL, NULL, '0000-00-00 00:00:00', '0000-00-00 00:00:00'),
(293, 58, 'Kaliganj ', 'à¦•à¦¾à¦²à§€à¦—à¦žà§à¦œ', NULL, NULL, '0000-00-00 00:00:00', '0000-00-00 00:00:00'),
(294, 58, 'Kotchandpur ', 'à¦•à§‹à¦Ÿ à¦šà¦¾à¦à¦¦à¦ªà§à¦° ', NULL, NULL, '0000-00-00 00:00:00', '0000-00-00 00:00:00'),
(295, 58, 'Shailkupa ', 'à¦¶à§ˆà¦²à¦•à§à¦ªà¦¾', NULL, NULL, '0000-00-00 00:00:00', '0000-00-00 00:00:00'),
(296, 58, 'Harinakunda ', 'à¦¹à¦¾à§œà¦¿à¦¨à¦¾à¦•à§à¦¨à§à¦¦à¦¾', NULL, NULL, '0000-00-00 00:00:00', '0000-00-00 00:00:00'),
(297, 59, 'Terokhada ', 'à¦¤à§‡à¦°à§‹à¦–à¦¾à¦¦à¦¾', NULL, NULL, '0000-00-00 00:00:00', '0000-00-00 00:00:00'),
(298, 59, 'Batiaghata ', 'à¦¬à¦¾à¦Ÿà¦¿à§Ÿà¦¾à¦˜à¦¾à¦Ÿà¦¾ ', NULL, NULL, '0000-00-00 00:00:00', '0000-00-00 00:00:00'),
(299, 59, 'Dacope ', 'à¦¡à¦¾à¦•à¦ªà§‡', NULL, NULL, '0000-00-00 00:00:00', '0000-00-00 00:00:00'),
(300, 59, 'Dumuria ', 'à¦¡à§à¦®à§à¦°à¦¿à§Ÿà¦¾', NULL, NULL, '0000-00-00 00:00:00', '0000-00-00 00:00:00'),
(301, 59, 'Dighalia ', 'à¦¦à¦¿à¦˜à¦²à¦¿à§Ÿà¦¾', NULL, NULL, '0000-00-00 00:00:00', '0000-00-00 00:00:00'),
(302, 59, 'Koyra ', 'à¦•à§Ÿà§œà¦¾', NULL, NULL, '0000-00-00 00:00:00', '0000-00-00 00:00:00'),
(303, 59, 'Paikgachha ', 'à¦ªà¦¾à¦‡à¦•à¦—à¦¾à¦›à¦¾', NULL, NULL, '0000-00-00 00:00:00', '0000-00-00 00:00:00'),
(304, 59, 'Phultala ', 'à¦«à§à¦²à¦¤à¦²à¦¾', NULL, NULL, '0000-00-00 00:00:00', '0000-00-00 00:00:00'),
(305, 59, 'Rupsa ', 'à¦°à§‚à¦ªà¦¸à¦¾', NULL, NULL, '0000-00-00 00:00:00', '0000-00-00 00:00:00'),
(306, 60, 'Kushtia Sadar', 'à¦•à§à¦·à§à¦Ÿà¦¿à§Ÿà¦¾ à¦¸à¦¦à¦°', NULL, NULL, '0000-00-00 00:00:00', '0000-00-00 00:00:00'),
(307, 60, 'Kumarkhali', 'à¦•à§à¦®à¦¾à¦°à¦–à¦¾à¦²à¦¿', NULL, NULL, '0000-00-00 00:00:00', '0000-00-00 00:00:00'),
(308, 60, 'Daulatpur', 'à¦¦à§Œà¦²à¦¤à¦ªà§à¦°', NULL, NULL, '0000-00-00 00:00:00', '0000-00-00 00:00:00'),
(309, 60, 'Mirpur', 'à¦®à¦¿à¦°à¦ªà§à¦°', NULL, NULL, '0000-00-00 00:00:00', '0000-00-00 00:00:00'),
(310, 60, 'Bheramara', 'à¦­à§‡à¦°à¦¾à¦®à¦¾à¦°à¦¾', NULL, NULL, '0000-00-00 00:00:00', '0000-00-00 00:00:00'),
(311, 60, 'Khoksa', 'à¦–à§‹à¦•à¦¸à¦¾', NULL, NULL, '0000-00-00 00:00:00', '0000-00-00 00:00:00'),
(312, 61, 'Magura Sadar ', 'à¦®à¦¾à¦—à§à¦°à¦¾ à¦¸à¦¦à¦°', NULL, NULL, '0000-00-00 00:00:00', '0000-00-00 00:00:00'),
(313, 61, 'Mohammadpur ', 'à¦®à§‹à¦¹à¦¾à¦®à§à¦®à¦¾à¦¦à¦ªà§à¦°', NULL, NULL, '0000-00-00 00:00:00', '0000-00-00 00:00:00'),
(314, 61, 'Shalikha ', 'à¦¶à¦¾à¦²à¦¿à¦–à¦¾', NULL, NULL, '0000-00-00 00:00:00', '0000-00-00 00:00:00'),
(315, 61, 'Sreepur ', 'à¦¶à§à¦°à§€à¦ªà§à¦°', NULL, NULL, '0000-00-00 00:00:00', '0000-00-00 00:00:00'),
(316, 62, 'angni ', 'à¦†à¦‚à¦¨à¦¿', NULL, NULL, '0000-00-00 00:00:00', '0000-00-00 00:00:00'),
(317, 62, 'Mujib Nagar ', 'à¦®à§à¦œà¦¿à¦¬ à¦¨à¦—à¦°', NULL, NULL, '0000-00-00 00:00:00', '0000-00-00 00:00:00'),
(318, 62, 'Meherpur-S ', 'à¦®à§‡à¦¹à§‡à¦°à¦ªà§à¦° à¦¸à¦¦à¦°', NULL, NULL, '0000-00-00 00:00:00', '0000-00-00 00:00:00'),
(319, 63, 'Narail-S Upazilla', 'à¦¨à§œà¦¾à¦‡à¦² à¦¸à¦¦à¦°', NULL, NULL, '0000-00-00 00:00:00', '0000-00-00 00:00:00'),
(320, 63, 'Lohagara Upazilla', 'à¦²à§‹à¦¹à¦¾à¦—à¦¾à§œà¦¾', NULL, NULL, '0000-00-00 00:00:00', '0000-00-00 00:00:00'),
(321, 63, 'Kalia Upazilla', 'à¦•à¦¾à¦²à¦¿à§Ÿà¦¾', NULL, NULL, '0000-00-00 00:00:00', '0000-00-00 00:00:00'),
(322, 64, 'Satkhira Sadar ', 'à¦¸à¦¾à¦¤à¦•à§à¦·à§€à¦°à¦¾ à¦¸à¦¦à¦°', NULL, NULL, '0000-00-00 00:00:00', '0000-00-00 00:00:00'),
(323, 64, 'Assasuni ', 'à¦†à¦¸à¦¸à¦¾à¦¶à§à¦¨à¦¿ ', NULL, NULL, '0000-00-00 00:00:00', '0000-00-00 00:00:00'),
(324, 64, 'Debhata ', 'à¦¦à§‡à¦­à¦¾à¦Ÿà¦¾', NULL, NULL, '0000-00-00 00:00:00', '0000-00-00 00:00:00'),
(325, 64, 'Tala ', 'à¦¤à¦¾à¦²à¦¾', NULL, NULL, '0000-00-00 00:00:00', '0000-00-00 00:00:00'),
(326, 64, 'Kalaroa ', 'à¦•à¦²à¦°à§‹à§Ÿà¦¾', NULL, NULL, '0000-00-00 00:00:00', '0000-00-00 00:00:00'),
(327, 64, 'Kaliganj ', 'à¦•à¦¾à¦²à§€à¦—à¦žà§à¦œ', NULL, NULL, '0000-00-00 00:00:00', '0000-00-00 00:00:00'),
(328, 64, 'Shyamnagar ', 'à¦¶à§à¦¯à¦¾à¦®à¦¨à¦—à¦°', NULL, NULL, '0000-00-00 00:00:00', '0000-00-00 00:00:00'),
(329, 18, 'Adamdighi', 'à¦†à¦¦à¦®à¦¦à¦¿à¦˜à§€', NULL, NULL, '0000-00-00 00:00:00', '0000-00-00 00:00:00'),
(330, 18, 'Bogra Sadar', 'à¦¬à¦—à§à§œà¦¾ à¦¸à¦¦à¦°', NULL, NULL, '0000-00-00 00:00:00', '0000-00-00 00:00:00'),
(331, 18, 'Sherpur', 'à¦¶à§‡à¦°à¦ªà§à¦°', NULL, NULL, '0000-00-00 00:00:00', '0000-00-00 00:00:00'),
(332, 18, 'Dhunat', 'à¦§à§à¦¨à¦Ÿ', NULL, NULL, '0000-00-00 00:00:00', '0000-00-00 00:00:00'),
(333, 18, 'Dhupchanchia', 'à¦¦à§à¦ªà¦šà¦¾à¦šà¦¿à§Ÿà¦¾', NULL, NULL, '0000-00-00 00:00:00', '0000-00-00 00:00:00'),
(334, 18, 'Gabtali', 'à¦—à¦¾à¦¬à¦¤à¦²à¦¿', NULL, NULL, '0000-00-00 00:00:00', '0000-00-00 00:00:00'),
(335, 18, 'Kahaloo', 'à¦•à¦¾à¦¹à¦¾à¦²à§', NULL, NULL, '0000-00-00 00:00:00', '0000-00-00 00:00:00'),
(336, 18, 'Nandigram', 'à¦¨à¦¨à§à¦¦à¦¿à¦—à§à¦°à¦¾à¦®', NULL, NULL, '0000-00-00 00:00:00', '0000-00-00 00:00:00'),
(337, 18, 'Sahajanpur', 'à¦¶à¦¾à¦¹à¦œà¦¾à¦¹à¦¾à¦¨à¦ªà§à¦°', NULL, NULL, '0000-00-00 00:00:00', '0000-00-00 00:00:00'),
(338, 18, 'Sariakandi', 'à¦¸à¦¾à¦°à¦¿à§Ÿà¦¾à¦•à¦¾à¦¨à§à¦¦à¦¿', NULL, NULL, '0000-00-00 00:00:00', '0000-00-00 00:00:00'),
(339, 18, 'Shibganj', 'à¦¶à¦¿à¦¬à¦—à¦žà§à¦œ', NULL, NULL, '0000-00-00 00:00:00', '0000-00-00 00:00:00'),
(340, 18, 'Sonatala', 'à¦¸à§‹à¦¨à¦¾à¦¤à¦²à¦¾', NULL, NULL, '0000-00-00 00:00:00', '0000-00-00 00:00:00'),
(341, 19, 'Joypurhat S', 'à¦œà§Ÿà¦ªà§à¦°à¦¹à¦¾à¦Ÿ à¦¸à¦¦à¦°', NULL, NULL, '0000-00-00 00:00:00', '0000-00-00 00:00:00'),
(342, 19, 'Akkelpur', 'à¦†à¦•à§à¦•à§‡à¦²à¦ªà§à¦°', NULL, NULL, '0000-00-00 00:00:00', '0000-00-00 00:00:00'),
(343, 19, 'Kalai', 'à¦•à¦¾à¦²à¦¾à¦‡', NULL, NULL, '0000-00-00 00:00:00', '0000-00-00 00:00:00'),
(344, 19, 'Khetlal', 'à¦–à§‡à¦¤à¦²à¦¾à¦²', NULL, NULL, '0000-00-00 00:00:00', '0000-00-00 00:00:00'),
(345, 19, 'Panchbibi', 'à¦ªà¦¾à¦à¦šà¦¬à¦¿à¦¬à¦¿', NULL, NULL, '0000-00-00 00:00:00', '0000-00-00 00:00:00'),
(346, 20, 'Naogaon Sadar ', 'à¦¨à¦“à¦—à¦¾à¦ à¦¸à¦¦à¦°', NULL, NULL, '0000-00-00 00:00:00', '0000-00-00 00:00:00'),
(347, 20, 'Mohadevpur ', 'à¦®à¦¹à¦¾à¦¦à§‡à¦¬à¦ªà§à¦°', NULL, NULL, '0000-00-00 00:00:00', '0000-00-00 00:00:00'),
(348, 20, 'Manda ', 'à¦®à¦¾à¦¨à§à¦¦à¦¾', NULL, NULL, '0000-00-00 00:00:00', '0000-00-00 00:00:00'),
(349, 20, 'Niamatpur ', 'à¦¨à¦¿à§Ÿà¦¾à¦®à¦¤à¦ªà§à¦°', NULL, NULL, '0000-00-00 00:00:00', '0000-00-00 00:00:00'),
(350, 20, 'Atrai ', 'à¦†à¦¤à§à¦°à¦¾à¦‡', NULL, NULL, '0000-00-00 00:00:00', '0000-00-00 00:00:00'),
(351, 20, 'Raninagar ', 'à¦°à¦¾à¦£à§€à¦¨à¦—à¦°', NULL, NULL, '0000-00-00 00:00:00', '0000-00-00 00:00:00'),
(352, 20, 'Patnitala ', 'à¦ªà¦¤à§à¦¨à§€à¦¤à¦²à¦¾', NULL, NULL, '0000-00-00 00:00:00', '0000-00-00 00:00:00'),
(353, 20, 'Dhamoirhat ', 'à¦§à¦¾à¦®à¦‡à¦°à¦¹à¦¾à¦Ÿ ', NULL, NULL, '0000-00-00 00:00:00', '0000-00-00 00:00:00'),
(354, 20, 'Sapahar ', 'à¦¸à¦¾à¦ªà¦¾à¦¹à¦¾à¦°', NULL, NULL, '0000-00-00 00:00:00', '0000-00-00 00:00:00'),
(355, 20, 'Porsha ', 'à¦ªà§‹à¦°à¦¶à¦¾', NULL, NULL, '0000-00-00 00:00:00', '0000-00-00 00:00:00'),
(356, 20, 'Badalgachhi ', 'à¦¬à¦¦à¦²à¦—à¦¾à¦›à¦¿', NULL, NULL, '0000-00-00 00:00:00', '0000-00-00 00:00:00'),
(357, 21, 'Natore Sadar ', 'à¦¨à¦¾à¦Ÿà§‹à¦° à¦¸à¦¦à¦°', NULL, NULL, '0000-00-00 00:00:00', '0000-00-00 00:00:00'),
(358, 21, 'Baraigram ', 'à¦¬à§œà¦¾à¦‡à¦—à§à¦°à¦¾à¦®', NULL, NULL, '0000-00-00 00:00:00', '0000-00-00 00:00:00'),
(359, 21, 'Bagatipara ', 'à¦¬à¦¾à¦—à¦¾à¦¤à¦¿à¦ªà¦¾à§œà¦¾', NULL, NULL, '0000-00-00 00:00:00', '0000-00-00 00:00:00'),
(360, 21, 'Lalpur ', 'à¦²à¦¾à¦²à¦ªà§à¦°', NULL, NULL, '0000-00-00 00:00:00', '0000-00-00 00:00:00'),
(361, 21, 'Natore Sadar ', 'à¦¨à¦¾à¦Ÿà§‹à¦° à¦¸à¦¦à¦°', NULL, NULL, '0000-00-00 00:00:00', '0000-00-00 00:00:00'),
(362, 21, 'Baraigram ', 'à¦¬à§œà¦¾à¦‡ à¦—à§à¦°à¦¾à¦®', NULL, NULL, '0000-00-00 00:00:00', '0000-00-00 00:00:00'),
(363, 22, 'Bholahat ', 'à¦­à§‹à¦²à¦¾à¦¹à¦¾à¦Ÿ', NULL, NULL, '0000-00-00 00:00:00', '0000-00-00 00:00:00'),
(364, 22, 'Gomastapur ', 'à¦—à§‹à¦®à¦¸à§à¦¤à¦¾à¦ªà§à¦°', NULL, NULL, '0000-00-00 00:00:00', '0000-00-00 00:00:00'),
(365, 22, 'Nachole ', 'à¦¨à¦¾à¦šà§‹à¦²', NULL, NULL, '0000-00-00 00:00:00', '0000-00-00 00:00:00'),
(366, 22, 'Nawabganj Sadar ', 'à¦¨à¦¬à¦¾à¦¬à¦—à¦žà§à¦œ à¦¸à¦¦à¦°', NULL, NULL, '0000-00-00 00:00:00', '0000-00-00 00:00:00'),
(367, 22, 'Shibganj ', 'à¦¶à¦¿à¦¬à¦—à¦žà§à¦œ', NULL, NULL, '0000-00-00 00:00:00', '0000-00-00 00:00:00'),
(368, 23, 'Atgharia ', 'à¦†à¦Ÿà¦˜à¦°à¦¿à§Ÿà¦¾', NULL, NULL, '0000-00-00 00:00:00', '0000-00-00 00:00:00'),
(369, 23, 'Bera ', 'à¦¬à§‡à§œà¦¾', NULL, NULL, '0000-00-00 00:00:00', '0000-00-00 00:00:00'),
(370, 23, 'Bhangura ', 'à¦­à¦¾à¦™à§à¦—à§à¦°à¦¾', NULL, NULL, '0000-00-00 00:00:00', '0000-00-00 00:00:00'),
(371, 23, 'Chatmohar ', 'à¦šà¦¾à¦Ÿà¦®à§‹à¦¹à¦°', NULL, NULL, '0000-00-00 00:00:00', '0000-00-00 00:00:00'),
(372, 23, 'Faridpur ', 'à¦«à¦°à¦¿à¦¦à¦ªà§à¦°', NULL, NULL, '0000-00-00 00:00:00', '0000-00-00 00:00:00'),
(373, 23, 'Ishwardi ', 'à¦ˆà¦¶à§à¦¬à¦°à¦¦à§€', NULL, NULL, '0000-00-00 00:00:00', '0000-00-00 00:00:00'),
(374, 23, 'Pabna Sadar ', 'à¦ªà¦¾à¦¬à¦¨à¦¾ à¦¸à¦¦à¦°', NULL, NULL, '0000-00-00 00:00:00', '0000-00-00 00:00:00'),
(375, 23, 'Santhia ', 'à¦¸à¦¾à¦¥à¦¿à§Ÿà¦¾', NULL, NULL, '0000-00-00 00:00:00', '0000-00-00 00:00:00'),
(376, 23, 'Sujanagar ', 'à¦¸à§à¦œà¦¾à¦¨à¦—à¦°', NULL, NULL, '0000-00-00 00:00:00', '0000-00-00 00:00:00'),
(377, 24, 'Bagha', 'à¦¬à¦¾à¦˜à¦¾', NULL, NULL, '0000-00-00 00:00:00', '0000-00-00 00:00:00'),
(378, 24, 'Bagmara', 'à¦¬à¦¾à¦—à¦®à¦¾à¦°à¦¾', NULL, NULL, '0000-00-00 00:00:00', '0000-00-00 00:00:00'),
(379, 24, 'Charghat', 'à¦šà¦¾à¦°à¦˜à¦¾à¦Ÿ', NULL, NULL, '0000-00-00 00:00:00', '0000-00-00 00:00:00'),
(380, 24, 'Durgapur', 'à¦¦à§à¦°à§à¦—à¦¾à¦ªà§à¦°', NULL, NULL, '0000-00-00 00:00:00', '0000-00-00 00:00:00'),
(381, 24, 'Godagari', 'à¦—à§‹à¦¦à¦¾à¦—à¦¾à¦°à¦¿', NULL, NULL, '0000-00-00 00:00:00', '0000-00-00 00:00:00'),
(382, 24, 'Mohanpur', 'à¦®à§‹à¦¹à¦¨à¦ªà§à¦°', NULL, NULL, '0000-00-00 00:00:00', '0000-00-00 00:00:00'),
(383, 24, 'Paba', 'à¦ªà¦¬à¦¾', NULL, NULL, '0000-00-00 00:00:00', '0000-00-00 00:00:00'),
(384, 24, 'Puthia', 'à¦ªà§à¦ à¦¿à§Ÿà¦¾', NULL, NULL, '0000-00-00 00:00:00', '0000-00-00 00:00:00'),
(385, 24, 'Tanore', 'à¦¤à¦¾à¦¨à§‹à¦°', NULL, NULL, '0000-00-00 00:00:00', '0000-00-00 00:00:00'),
(386, 25, 'Sirajganj Sadar ', 'à¦¸à¦¿à¦°à¦¾à¦œà¦—à¦žà§à¦œ à¦¸à¦¦à¦°', NULL, NULL, '0000-00-00 00:00:00', '0000-00-00 00:00:00'),
(387, 25, 'Belkuchi ', 'à¦¬à§‡à¦²à¦•à§à¦šà¦¿', NULL, NULL, '0000-00-00 00:00:00', '0000-00-00 00:00:00'),
(388, 25, 'Chauhali ', 'à¦šà§Œà¦¹à¦¾à¦²à¦¿', NULL, NULL, '0000-00-00 00:00:00', '0000-00-00 00:00:00'),
(389, 25, 'Kamarkhanda ', 'à¦•à¦¾à¦®à¦¾à¦°à¦–à¦¾à¦¨à§à¦¦à¦¾', NULL, NULL, '0000-00-00 00:00:00', '0000-00-00 00:00:00'),
(390, 25, 'Kazipur ', 'à¦•à¦¾à¦œà§€à¦ªà§à¦°', NULL, NULL, '0000-00-00 00:00:00', '0000-00-00 00:00:00'),
(391, 25, 'Raiganj ', 'à¦°à¦¾à§Ÿà¦—à¦žà§à¦œ', NULL, NULL, '0000-00-00 00:00:00', '0000-00-00 00:00:00'),
(392, 25, 'Shahjadpur ', 'à¦¶à¦¾à¦¹à¦œà¦¾à¦¦à¦ªà§à¦°', NULL, NULL, '0000-00-00 00:00:00', '0000-00-00 00:00:00'),
(393, 25, 'Tarash ', 'à¦¤à¦¾à¦°à¦¾à¦¶', NULL, NULL, '0000-00-00 00:00:00', '0000-00-00 00:00:00'),
(394, 25, 'Ullahpara ', 'à¦‰à¦²à§à¦²à¦¾à¦ªà¦¾à§œà¦¾', NULL, NULL, '0000-00-00 00:00:00', '0000-00-00 00:00:00'),
(395, 26, 'Birampur ', 'à¦¬à¦¿à¦°à¦¾à¦®à¦ªà§à¦°', NULL, NULL, '0000-00-00 00:00:00', '0000-00-00 00:00:00'),
(396, 26, 'Birganj', 'à¦¬à§€à¦°à¦—à¦žà§à¦œ', NULL, NULL, '0000-00-00 00:00:00', '0000-00-00 00:00:00'),
(397, 26, 'Biral ', 'à¦¬à¦¿à§œà¦¾à¦²', NULL, NULL, '0000-00-00 00:00:00', '0000-00-00 00:00:00'),
(398, 26, 'Bochaganj ', 'à¦¬à§‹à¦šà¦¾à¦—à¦žà§à¦œ', NULL, NULL, '0000-00-00 00:00:00', '0000-00-00 00:00:00'),
(399, 26, 'Chirirbandar ', 'à¦šà¦¿à¦°à¦¿à¦°à¦¬à¦¨à§à¦¦à¦°', NULL, NULL, '0000-00-00 00:00:00', '0000-00-00 00:00:00'),
(400, 26, 'Phulbari ', 'à¦«à§à¦²à¦¬à¦¾à§œà¦¿', NULL, NULL, '0000-00-00 00:00:00', '0000-00-00 00:00:00'),
(401, 26, 'Ghoraghat ', 'à¦˜à§‹à§œà¦¾à¦˜à¦¾à¦Ÿ', NULL, NULL, '0000-00-00 00:00:00', '0000-00-00 00:00:00'),
(402, 26, 'Hakimpur ', 'à¦¹à¦¾à¦•à¦¿à¦®à¦ªà§à¦°', NULL, NULL, '0000-00-00 00:00:00', '0000-00-00 00:00:00'),
(403, 26, 'Kaharole ', 'à¦•à¦¾à¦¹à¦¾à¦°à§‹à¦²', NULL, NULL, '0000-00-00 00:00:00', '0000-00-00 00:00:00'),
(404, 26, 'Khansama ', 'à¦–à¦¾à¦¨à¦¸à¦¾à¦®à¦¾', NULL, NULL, '0000-00-00 00:00:00', '0000-00-00 00:00:00'),
(405, 26, 'Dinajpur Sadar ', 'à¦¦à¦¿à¦¨à¦¾à¦œà¦ªà§à¦° à¦¸à¦¦à¦°', NULL, NULL, '0000-00-00 00:00:00', '0000-00-00 00:00:00'),
(406, 26, 'Nawabganj', 'à¦¨à¦¬à¦¾à¦¬à¦—à¦žà§à¦œ', NULL, NULL, '0000-00-00 00:00:00', '0000-00-00 00:00:00'),
(407, 26, 'Parbatipur ', 'à¦ªà¦¾à¦°à§à¦¬à¦¤à§€à¦ªà§à¦°', NULL, NULL, '0000-00-00 00:00:00', '0000-00-00 00:00:00'),
(408, 27, 'Fulchhari', 'à¦«à§à¦²à¦›à§œà¦¿', NULL, NULL, '0000-00-00 00:00:00', '0000-00-00 00:00:00'),
(409, 27, 'Gaibandha sadar', 'à¦—à¦¾à¦‡à¦¬à¦¾à¦¨à§à¦§à¦¾ à¦¸à¦¦à¦°', NULL, NULL, '0000-00-00 00:00:00', '0000-00-00 00:00:00'),
(410, 27, 'Gobindaganj', 'à¦—à§‹à¦¬à¦¿à¦¨à§à¦¦à¦—à¦žà§à¦œ', NULL, NULL, '0000-00-00 00:00:00', '0000-00-00 00:00:00'),
(411, 27, 'Palashbari', 'à¦ªà¦²à¦¾à¦¶à¦¬à¦¾à§œà§€', NULL, NULL, '0000-00-00 00:00:00', '0000-00-00 00:00:00'),
(412, 27, 'Sadullapur', 'à¦¸à¦¾à¦¦à§à¦²à§à¦¯à¦¾à¦ªà§à¦°', NULL, NULL, '0000-00-00 00:00:00', '0000-00-00 00:00:00'),
(413, 27, 'Saghata', 'à¦¸à¦¾à¦˜à¦¾à¦Ÿà¦¾', NULL, NULL, '0000-00-00 00:00:00', '0000-00-00 00:00:00'),
(414, 27, 'Sundarganj', 'à¦¸à§à¦¨à§à¦¦à¦°à¦—à¦žà§à¦œ', NULL, NULL, '0000-00-00 00:00:00', '0000-00-00 00:00:00'),
(415, 28, 'Kurigram Sadar', 'à¦•à§à§œà¦¿à¦—à§à¦°à¦¾à¦® à¦¸à¦¦à¦°', NULL, NULL, '0000-00-00 00:00:00', '0000-00-00 00:00:00'),
(416, 28, 'Nageshwari', 'à¦¨à¦¾à¦—à§‡à¦¶à§à¦¬à¦°à§€', NULL, NULL, '0000-00-00 00:00:00', '0000-00-00 00:00:00'),
(417, 28, 'Bhurungamari', 'à¦­à§à¦°à§à¦™à§à¦—à¦¾à¦®à¦¾à¦°à¦¿', NULL, NULL, '0000-00-00 00:00:00', '0000-00-00 00:00:00'),
(418, 28, 'Phulbari', 'à¦«à§à¦²à¦¬à¦¾à§œà¦¿', NULL, NULL, '0000-00-00 00:00:00', '0000-00-00 00:00:00'),
(419, 28, 'Rajarhat', 'à¦°à¦¾à¦œà¦¾à¦°à¦¹à¦¾à¦Ÿ', NULL, NULL, '0000-00-00 00:00:00', '0000-00-00 00:00:00'),
(420, 28, 'Ulipur', 'à¦‰à¦²à¦¿à¦ªà§à¦°', NULL, NULL, '0000-00-00 00:00:00', '0000-00-00 00:00:00'),
(421, 28, 'Chilmari', 'à¦šà¦¿à¦²à¦®à¦¾à¦°à¦¿', NULL, NULL, '0000-00-00 00:00:00', '0000-00-00 00:00:00'),
(422, 28, 'Rowmari', 'à¦°à¦‰à¦®à¦¾à¦°à¦¿', NULL, NULL, '0000-00-00 00:00:00', '0000-00-00 00:00:00'),
(423, 28, 'Char Rajibpur', 'à¦šà¦° à¦°à¦¾à¦œà¦¿à¦¬à¦ªà§à¦°', NULL, NULL, '0000-00-00 00:00:00', '0000-00-00 00:00:00'),
(424, 29, 'Lalmanirhat Sadar', 'à¦²à¦¾à¦²à¦®à¦¨à¦¿à¦°à¦¹à¦¾à¦Ÿ à¦¸à¦¦à¦°', NULL, NULL, '0000-00-00 00:00:00', '0000-00-00 00:00:00'),
(425, 29, 'Aditmari', 'à¦†à¦¦à¦¿à¦¤à¦®à¦¾à¦°à¦¿', NULL, NULL, '0000-00-00 00:00:00', '0000-00-00 00:00:00'),
(426, 29, 'Kaliganj', 'à¦•à¦¾à¦²à§€à¦—à¦žà§à¦œ', NULL, NULL, '0000-00-00 00:00:00', '0000-00-00 00:00:00'),
(427, 29, 'Hatibandha', 'à¦¹à¦¾à¦¤à¦¿à¦¬à¦¾à¦¨à§à¦§à¦¾', NULL, NULL, '0000-00-00 00:00:00', '0000-00-00 00:00:00'),
(428, 29, 'Patgram', 'à¦ªà¦¾à¦Ÿà¦—à§à¦°à¦¾à¦®', NULL, NULL, '0000-00-00 00:00:00', '0000-00-00 00:00:00'),
(429, 30, 'Nilphamari Sadar', 'à¦¨à§€à¦²à¦«à¦¾à¦®à¦¾à¦°à§€ à¦¸à¦¦à¦°', NULL, NULL, '0000-00-00 00:00:00', '0000-00-00 00:00:00'),
(430, 30, 'Saidpur', 'à¦¸à§ˆà§Ÿà¦¦à¦ªà§à¦°', NULL, NULL, '0000-00-00 00:00:00', '0000-00-00 00:00:00'),
(431, 30, 'Jaldhaka', 'à¦œà¦²à¦¢à¦¾à¦•à¦¾', NULL, NULL, '0000-00-00 00:00:00', '0000-00-00 00:00:00'),
(432, 30, 'Kishoreganj', 'à¦•à¦¿à¦¶à§‹à¦°à¦—à¦žà§à¦œ', NULL, NULL, '0000-00-00 00:00:00', '0000-00-00 00:00:00'),
(433, 30, 'Domar', 'à¦¡à§‹à¦®à¦¾à¦°', NULL, NULL, '0000-00-00 00:00:00', '0000-00-00 00:00:00'),
(434, 30, 'Dimla', 'à¦¡à¦¿à¦®à¦²à¦¾', NULL, NULL, '0000-00-00 00:00:00', '0000-00-00 00:00:00'),
(435, 31, 'Panchagarh Sadar', 'à¦ªà¦žà§à¦šà¦—à§œ à¦¸à¦¦à¦°', NULL, NULL, '0000-00-00 00:00:00', '0000-00-00 00:00:00'),
(436, 31, 'Debiganj', 'à¦¦à§‡à¦¬à§€à¦—à¦žà§à¦œ', NULL, NULL, '0000-00-00 00:00:00', '0000-00-00 00:00:00'),
(437, 31, 'Boda', 'à¦¬à§‹à¦¦à¦¾', NULL, NULL, '0000-00-00 00:00:00', '0000-00-00 00:00:00'),
(438, 31, 'Atwari', 'à¦†à¦Ÿà§‹à§Ÿà¦¾à¦°à¦¿', NULL, NULL, '0000-00-00 00:00:00', '0000-00-00 00:00:00'),
(439, 31, 'Tetulia', 'à¦¤à§‡à¦¤à§à¦²à¦¿à§Ÿà¦¾', NULL, NULL, '0000-00-00 00:00:00', '0000-00-00 00:00:00'),
(440, 32, 'Badarganj', 'à¦¬à¦¦à¦°à¦—à¦žà§à¦œ', NULL, NULL, '0000-00-00 00:00:00', '0000-00-00 00:00:00'),
(441, 32, 'Mithapukur', 'à¦®à¦¿à¦ à¦¾à¦ªà§à¦•à§à¦°', NULL, NULL, '0000-00-00 00:00:00', '0000-00-00 00:00:00'),
(442, 32, 'Gangachara', 'à¦—à¦™à§à¦—à¦¾à¦šà¦°à¦¾', NULL, NULL, '0000-00-00 00:00:00', '0000-00-00 00:00:00'),
(443, 32, 'Kaunia', 'à¦•à¦¾à¦‰à¦¨à¦¿à§Ÿà¦¾', NULL, NULL, '0000-00-00 00:00:00', '0000-00-00 00:00:00'),
(444, 32, 'Rangpur Sadar', 'à¦°à¦‚à¦ªà§à¦° à¦¸à¦¦à¦°', NULL, NULL, '0000-00-00 00:00:00', '0000-00-00 00:00:00'),
(445, 32, 'Pirgachha', 'à¦ªà§€à¦°à¦—à¦¾à¦›à¦¾', NULL, NULL, '0000-00-00 00:00:00', '0000-00-00 00:00:00'),
(446, 32, 'Pirganj', 'à¦ªà§€à¦°à¦—à¦žà§à¦œ', NULL, NULL, '0000-00-00 00:00:00', '0000-00-00 00:00:00'),
(447, 32, 'Taraganj', 'à¦¤à¦¾à¦°à¦¾à¦—à¦žà§à¦œ', NULL, NULL, '0000-00-00 00:00:00', '0000-00-00 00:00:00'),
(448, 33, 'Thakurgaon Sadar ', 'à¦ à¦¾à¦•à§à¦°à¦—à¦¾à¦à¦“ à¦¸à¦¦à¦°', NULL, NULL, '0000-00-00 00:00:00', '0000-00-00 00:00:00'),
(449, 33, 'Pirganj ', 'à¦ªà§€à¦°à¦—à¦žà§à¦œ', NULL, NULL, '0000-00-00 00:00:00', '0000-00-00 00:00:00'),
(450, 33, 'Baliadangi ', 'à¦¬à¦¾à¦²à¦¿à§Ÿà¦¾à¦¡à¦¾à¦™à§à¦—à¦¿', NULL, NULL, '0000-00-00 00:00:00', '0000-00-00 00:00:00'),
(451, 33, 'Haripur ', 'à¦¹à¦°à¦¿à¦ªà§à¦°', NULL, NULL, '0000-00-00 00:00:00', '0000-00-00 00:00:00'),
(452, 33, 'Ranisankail ', 'à¦°à¦¾à¦£à§€à¦¸à¦‚à¦•à¦‡à¦²', NULL, NULL, '0000-00-00 00:00:00', '0000-00-00 00:00:00'),
(453, 51, 'Ajmiriganj', 'à¦†à¦œà¦®à¦¿à¦°à¦¿à¦—à¦žà§à¦œ', NULL, NULL, '0000-00-00 00:00:00', '0000-00-00 00:00:00'),
(454, 51, 'Baniachang', 'à¦¬à¦¾à¦¨à¦¿à§Ÿà¦¾à¦šà¦‚', NULL, NULL, '0000-00-00 00:00:00', '0000-00-00 00:00:00'),
(455, 51, 'Bahubal', 'à¦¬à¦¾à¦¹à§à¦¬à¦²', NULL, NULL, '0000-00-00 00:00:00', '0000-00-00 00:00:00'),
(456, 51, 'Chunarughat', 'à¦šà§à¦¨à¦¾à¦°à§à¦˜à¦¾à¦Ÿ', NULL, NULL, '0000-00-00 00:00:00', '0000-00-00 00:00:00'),
(457, 51, 'Habiganj Sadar', 'à¦¹à¦¬à¦¿à¦—à¦žà§à¦œ à¦¸à¦¦à¦°', NULL, NULL, '0000-00-00 00:00:00', '0000-00-00 00:00:00'),
(458, 51, 'Lakhai', 'à¦²à¦¾à¦•à§à¦·à¦¾à¦‡', NULL, NULL, '0000-00-00 00:00:00', '0000-00-00 00:00:00'),
(459, 51, 'Madhabpur', 'à¦®à¦¾à¦§à¦¬à¦ªà§à¦°', NULL, NULL, '0000-00-00 00:00:00', '0000-00-00 00:00:00'),
(460, 51, 'Nabiganj', 'à¦¨à¦¬à§€à¦—à¦žà§à¦œ', NULL, NULL, '0000-00-00 00:00:00', '0000-00-00 00:00:00'),
(461, 51, 'Shaistagonj ', 'à¦¶à¦¾à§Ÿà§‡à¦¸à§à¦¤à¦¾à¦—à¦žà§à¦œ', NULL, NULL, '0000-00-00 00:00:00', '0000-00-00 00:00:00'),
(462, 52, 'Moulvibazar Sadar', 'à¦®à§Œà¦²à¦­à§€à¦¬à¦¾à¦œà¦¾à¦°', NULL, NULL, '0000-00-00 00:00:00', '0000-00-00 00:00:00'),
(463, 52, 'Barlekha', 'à¦¬à§œà¦²à§‡à¦–à¦¾', NULL, NULL, '0000-00-00 00:00:00', '0000-00-00 00:00:00'),
(464, 52, 'Juri', 'à¦œà§à§œà¦¿', NULL, NULL, '0000-00-00 00:00:00', '0000-00-00 00:00:00');
INSERT INTO `upazilas` (`id`, `district_id`, `name`, `bn_name`, `url`, `deleted_at`, `created_at`, `updated_at`) VALUES
(465, 52, 'Kamalganj', 'à¦•à¦¾à¦®à¦¾à¦²à¦—à¦žà§à¦œ', NULL, NULL, '0000-00-00 00:00:00', '0000-00-00 00:00:00'),
(466, 52, 'Kulaura', 'à¦•à§à¦²à¦¾à¦‰à¦°à¦¾', NULL, NULL, '0000-00-00 00:00:00', '0000-00-00 00:00:00'),
(467, 52, 'Rajnagar', 'à¦°à¦¾à¦œà¦¨à¦—à¦°', NULL, NULL, '0000-00-00 00:00:00', '0000-00-00 00:00:00'),
(468, 52, 'Sreemangal', 'à¦¶à§à¦°à§€à¦®à¦™à§à¦—à¦²', NULL, NULL, '0000-00-00 00:00:00', '0000-00-00 00:00:00'),
(469, 53, 'Bishwamvarpur', 'à¦¬à¦¿à¦¸à¦¶à¦®à§à¦­à¦¾à¦°à¦ªà§à¦°', NULL, NULL, '0000-00-00 00:00:00', '0000-00-00 00:00:00'),
(470, 53, 'Chhatak', 'à¦›à¦¾à¦¤à¦•', NULL, NULL, '0000-00-00 00:00:00', '0000-00-00 00:00:00'),
(471, 53, 'Derai', 'à¦¦à§‡à§œà¦¾à¦‡', NULL, NULL, '0000-00-00 00:00:00', '0000-00-00 00:00:00'),
(472, 53, 'Dharampasha', 'à¦§à¦°à¦®à¦ªà¦¾à¦¶à¦¾', NULL, NULL, '0000-00-00 00:00:00', '0000-00-00 00:00:00'),
(473, 53, 'Dowarabazar', 'à¦¦à§‹à§Ÿà¦¾à¦°à¦¾à¦¬à¦¾à¦œà¦¾à¦°', NULL, NULL, '0000-00-00 00:00:00', '0000-00-00 00:00:00'),
(474, 53, 'Jagannathpur', 'à¦œà¦—à¦¨à§à¦¨à¦¾à¦¥à¦ªà§à¦°', NULL, NULL, '0000-00-00 00:00:00', '0000-00-00 00:00:00'),
(475, 53, 'Jamalganj', 'à¦œà¦¾à¦®à¦¾à¦²à¦—à¦žà§à¦œ', NULL, NULL, '0000-00-00 00:00:00', '0000-00-00 00:00:00'),
(476, 53, 'Sulla', 'à¦¸à§à¦²à§à¦²à¦¾', NULL, NULL, '0000-00-00 00:00:00', '0000-00-00 00:00:00'),
(477, 53, 'Sunamganj Sadar', 'à¦¸à§à¦¨à¦¾à¦®à¦—à¦žà§à¦œ à¦¸à¦¦à¦°', NULL, NULL, '0000-00-00 00:00:00', '0000-00-00 00:00:00'),
(478, 53, 'Shanthiganj', 'à¦¶à¦¾à¦¨à§à¦¤à¦¿à¦—à¦žà§à¦œ', NULL, NULL, '0000-00-00 00:00:00', '0000-00-00 00:00:00'),
(479, 53, 'Tahirpur', 'à¦¤à¦¾à¦¹à¦¿à¦°à¦ªà§à¦°', NULL, NULL, '0000-00-00 00:00:00', '0000-00-00 00:00:00'),
(480, 54, 'Sylhet Sadar', 'à¦¸à¦¿à¦²à§‡à¦Ÿ à¦¸à¦¦à¦°', NULL, NULL, '0000-00-00 00:00:00', '0000-00-00 00:00:00'),
(481, 54, 'Beanibazar', 'à¦¬à§‡à§Ÿà¦¾à¦¨à¦¿à¦¬à¦¾à¦œà¦¾à¦°', NULL, NULL, '0000-00-00 00:00:00', '0000-00-00 00:00:00'),
(482, 54, 'Bishwanath', 'à¦¬à¦¿à¦¶à§à¦¬à¦¨à¦¾à¦¥', NULL, NULL, '0000-00-00 00:00:00', '0000-00-00 00:00:00'),
(483, 54, 'Dakshin Surma ', 'à¦¦à¦•à§à¦·à¦¿à¦£ à¦¸à§à¦°à¦®à¦¾', NULL, NULL, '0000-00-00 00:00:00', '0000-00-00 00:00:00'),
(484, 54, 'Balaganj', 'à¦¬à¦¾à¦²à¦¾à¦—à¦žà§à¦œ', NULL, NULL, '0000-00-00 00:00:00', '0000-00-00 00:00:00'),
(485, 54, 'Companiganj', 'à¦•à§‹à¦®à§à¦ªà¦¾à¦¨à¦¿à¦—à¦žà§à¦œ', NULL, NULL, '0000-00-00 00:00:00', '0000-00-00 00:00:00'),
(486, 54, 'Fenchuganj', 'à¦«à§‡à¦žà§à¦šà§à¦—à¦žà§à¦œ', NULL, NULL, '0000-00-00 00:00:00', '0000-00-00 00:00:00'),
(487, 54, 'Golapganj', 'à¦—à§‹à¦²à¦¾à¦ªà¦—à¦žà§à¦œ', NULL, NULL, '0000-00-00 00:00:00', '0000-00-00 00:00:00'),
(488, 54, 'Gowainghat', 'à¦—à§‹à§Ÿà¦¾à¦‡à¦¨à¦˜à¦¾à¦Ÿ', NULL, NULL, '0000-00-00 00:00:00', '0000-00-00 00:00:00'),
(489, 54, 'Jaintiapur', 'à¦œà§Ÿà¦¨à§à¦¤à¦ªà§à¦°', NULL, NULL, '0000-00-00 00:00:00', '0000-00-00 00:00:00'),
(490, 54, 'Kanaighat', 'à¦•à¦¾à¦¨à¦¾à¦‡à¦˜à¦¾à¦Ÿ', NULL, NULL, '0000-00-00 00:00:00', '0000-00-00 00:00:00'),
(491, 54, 'Zakiganj', 'à¦œà¦¾à¦•à¦¿à¦—à¦žà§à¦œ', NULL, NULL, '0000-00-00 00:00:00', '0000-00-00 00:00:00'),
(492, 54, 'Nobigonj', 'à¦¨à¦¬à§€à¦—à¦žà§à¦œ', NULL, NULL, '0000-00-00 00:00:00', '0000-00-00 00:00:00'),
(493, 1, 'Adabor', '', NULL, NULL, '2016-04-06 18:00:33', '0000-00-00 00:00:00'),
(494, 1, 'Airport', '', NULL, NULL, '2016-04-06 18:00:33', '0000-00-00 00:00:00'),
(495, 1, 'Badda', '', NULL, NULL, '2016-04-06 18:00:33', '0000-00-00 00:00:00'),
(496, 1, 'Banani', '', NULL, NULL, '2016-04-06 18:00:33', '0000-00-00 00:00:00'),
(497, 1, 'Bangshal', '', NULL, NULL, '2016-04-06 18:00:33', '0000-00-00 00:00:00'),
(498, 1, 'Bhashantek', '', NULL, NULL, '2016-04-06 18:00:33', '0000-00-00 00:00:00'),
(499, 1, 'Cantonment', '', NULL, NULL, '2016-04-06 18:00:33', '0000-00-00 00:00:00'),
(500, 1, 'Chackbazar', '', NULL, NULL, '2016-04-06 18:00:33', '0000-00-00 00:00:00'),
(501, 1, 'Darussalam', '', NULL, NULL, '2016-04-06 18:00:33', '0000-00-00 00:00:00'),
(502, 1, 'Daskhinkhan', '', NULL, NULL, '2016-04-06 18:00:33', '0000-00-00 00:00:00'),
(503, 1, 'Demra', '', NULL, NULL, '2016-04-06 18:00:33', '0000-00-00 00:00:00'),
(504, 1, 'Dhamrai', '', NULL, NULL, '2016-04-06 18:00:33', '0000-00-00 00:00:00'),
(505, 1, 'Dhanmondi', '', NULL, NULL, '2016-04-06 18:00:33', '0000-00-00 00:00:00'),
(506, 1, 'Dohar', '', NULL, NULL, '2016-04-06 18:00:33', '0000-00-00 00:00:00'),
(507, 1, 'Gandaria', '', NULL, NULL, '2016-04-06 18:00:33', '0000-00-00 00:00:00'),
(508, 1, 'Gulshan', '', NULL, NULL, '2016-04-06 18:00:33', '0000-00-00 00:00:00'),
(509, 1, 'Hazaribag', '', NULL, NULL, '2016-04-06 18:00:33', '0000-00-00 00:00:00'),
(510, 1, 'Jatrabari', '', NULL, NULL, '2016-04-06 18:00:33', '0000-00-00 00:00:00'),
(511, 1, 'Kafrul', '', NULL, NULL, '2016-04-06 18:00:33', '0000-00-00 00:00:00'),
(512, 1, 'Kalabagan', '', NULL, NULL, '2016-04-06 18:00:33', '0000-00-00 00:00:00'),
(513, 1, 'Kamrangirchar', '', NULL, NULL, '2016-04-06 18:00:33', '0000-00-00 00:00:00'),
(514, 1, 'Keraniganj', '', NULL, NULL, '2016-04-06 18:00:33', '0000-00-00 00:00:00'),
(515, 1, 'Khilgaon', '', NULL, NULL, '2016-04-06 18:00:33', '0000-00-00 00:00:00'),
(516, 1, 'Khilkhet', '', NULL, NULL, '2016-04-06 18:00:33', '0000-00-00 00:00:00'),
(517, 1, 'Kotwali', '', NULL, NULL, '2016-04-06 18:00:33', '0000-00-00 00:00:00'),
(518, 1, 'Lalbag', '', NULL, NULL, '2016-04-06 18:00:33', '0000-00-00 00:00:00'),
(519, 1, 'Mirpur Model', '', NULL, NULL, '2016-04-06 18:00:33', '0000-00-00 00:00:00'),
(520, 1, 'Mohammadpur', '', NULL, NULL, '2016-04-06 18:00:33', '0000-00-00 00:00:00'),
(521, 1, 'Motijheel', '', NULL, NULL, '2016-04-06 18:00:33', '0000-00-00 00:00:00'),
(522, 1, 'Mugda', '', NULL, NULL, '2016-04-06 18:00:33', '0000-00-00 00:00:00'),
(523, 1, 'Nawabganj', '', NULL, NULL, '2016-04-06 18:00:33', '0000-00-00 00:00:00'),
(524, 1, 'New Market', '', NULL, NULL, '2016-04-06 18:00:33', '0000-00-00 00:00:00'),
(525, 1, 'Pallabi', '', NULL, NULL, '2016-04-06 18:00:33', '0000-00-00 00:00:00'),
(526, 1, 'Paltan', '', NULL, NULL, '2016-04-06 18:00:33', '0000-00-00 00:00:00'),
(527, 1, 'Ramna', '', NULL, NULL, '2016-04-06 18:00:33', '0000-00-00 00:00:00'),
(528, 1, 'Rampura', '', NULL, NULL, '2016-04-06 18:00:33', '0000-00-00 00:00:00'),
(529, 1, 'Rupnagar', '', NULL, NULL, '2016-04-06 18:00:33', '0000-00-00 00:00:00'),
(530, 1, 'Sabujbag', '', NULL, NULL, '2016-04-06 18:00:33', '0000-00-00 00:00:00'),
(531, 1, 'Savar', '', NULL, NULL, '2016-04-06 18:00:33', '0000-00-00 00:00:00'),
(532, 1, 'Shah Ali', '', NULL, NULL, '2016-04-06 18:00:33', '0000-00-00 00:00:00'),
(533, 1, 'Shahbag', '', NULL, NULL, '2016-04-06 18:00:33', '0000-00-00 00:00:00'),
(534, 1, 'Shahjahanpur', '', NULL, NULL, '2016-04-06 18:00:33', '0000-00-00 00:00:00'),
(535, 1, 'Sherebanglanagar', '', NULL, NULL, '2016-04-06 18:00:33', '0000-00-00 00:00:00'),
(536, 1, 'Shyampur', '', NULL, NULL, '2016-04-06 18:00:33', '0000-00-00 00:00:00'),
(537, 1, 'Sutrapur', '', NULL, NULL, '2016-04-06 18:00:33', '0000-00-00 00:00:00'),
(538, 1, 'Tejgaon', '', NULL, NULL, '2016-04-06 18:00:33', '0000-00-00 00:00:00'),
(539, 1, 'Tejgaon I/A', '', NULL, NULL, '2016-04-06 18:00:33', '0000-00-00 00:00:00'),
(540, 1, 'Turag', '', NULL, NULL, '2016-04-06 18:00:33', '0000-00-00 00:00:00'),
(541, 1, 'Uttara', '', NULL, NULL, '2016-04-06 18:00:33', '0000-00-00 00:00:00'),
(542, 1, 'Uttara West', '', NULL, NULL, '2016-04-06 18:00:33', '0000-00-00 00:00:00'),
(543, 1, 'Uttarkhan', '', NULL, NULL, '2016-04-06 18:00:33', '0000-00-00 00:00:00'),
(544, 1, 'Vatara', '', NULL, NULL, '2016-04-06 18:00:33', '0000-00-00 00:00:00'),
(545, 1, 'Wari', '', NULL, NULL, '2016-04-06 18:00:33', '0000-00-00 00:00:00'),
(546, 1, 'Others', '', NULL, NULL, '2016-04-06 18:00:33', '0000-00-00 00:00:00'),
(547, 35, 'Airport', 'à¦à§Ÿà¦¾à¦°à¦ªà§‹à¦°à§à¦Ÿ', NULL, NULL, '2016-04-06 18:23:08', '0000-00-00 00:00:00'),
(548, 35, 'Kawnia', 'à¦•à¦¾à¦‰à¦¨à¦¿à§Ÿà¦¾', NULL, NULL, '2016-04-06 18:24:40', '0000-00-00 00:00:00'),
(549, 35, 'Bondor', 'à¦¬à¦¨à§à¦¦à¦°', NULL, NULL, '2016-04-06 18:27:19', '0000-00-00 00:00:00'),
(550, 35, 'Others', 'à¦…à¦¨à§à¦¯à¦¾à¦¨à§à¦¯', NULL, NULL, '2016-04-06 18:28:14', '0000-00-00 00:00:00'),
(551, 24, 'Boalia', 'à¦¬à§‹à¦¯à¦¼à¦¾à¦²à¦¿à¦¯à¦¼à¦¾', NULL, NULL, '2016-04-06 18:32:13', '0000-00-00 00:00:00'),
(552, 24, 'Motihar', 'à¦®à¦¤à¦¿à¦¹à¦¾à¦°', NULL, NULL, '2016-04-06 18:33:00', '0000-00-00 00:00:00'),
(553, 24, 'Shahmokhdum', 'à¦¶à¦¾à¦¹à§ à¦®à¦•à¦–à¦¦à§à¦® ', NULL, NULL, '2016-04-06 18:36:15', '0000-00-00 00:00:00'),
(554, 24, 'Rajpara', 'à¦°à¦¾à¦œà¦ªà¦¾à¦°à¦¾ ', NULL, NULL, '2016-04-06 18:38:32', '0000-00-00 00:00:00'),
(555, 24, 'Others', 'à¦…à¦¨à§à¦¯à¦¾à¦¨à§à¦¯', NULL, NULL, '2016-04-06 18:39:09', '0000-00-00 00:00:00'),
(556, 43, 'Akborsha', 'Akborsha', NULL, NULL, '2016-04-06 18:57:01', '0000-00-00 00:00:00'),
(557, 43, 'Baijid bostami', 'à¦¬à¦¾à¦‡à¦œà¦¿à¦¦ à¦¬à§‹à¦¸à§à¦¤à¦¾à¦®à§€', NULL, NULL, '2016-04-06 19:09:38', '0000-00-00 00:00:00'),
(558, 43, 'Bakolia', 'à¦¬à¦¾à¦•à§‹à¦²à¦¿à§Ÿà¦¾', NULL, NULL, '2016-04-06 19:10:52', '0000-00-00 00:00:00'),
(559, 43, 'Bandar', 'à¦¬à¦¨à§à¦¦à¦°', NULL, NULL, '2016-04-06 19:11:53', '0000-00-00 00:00:00'),
(560, 43, 'Chandgaon', 'à¦šà¦¾à¦à¦¦à¦—à¦¾à¦“', NULL, NULL, '2016-04-06 19:12:34', '0000-00-00 00:00:00'),
(561, 43, 'Chokbazar', 'à¦šà¦•à¦¬à¦¾à¦œà¦¾à¦°', NULL, NULL, '2016-04-06 19:13:10', '0000-00-00 00:00:00'),
(562, 43, 'Doublemooring', 'à¦¡à¦¾à¦¬à¦² à¦®à§à¦°à¦¿à¦‚', NULL, NULL, '2016-04-06 19:14:10', '0000-00-00 00:00:00'),
(563, 43, 'EPZ', 'à¦‡à¦ªà¦¿à¦œà§‡à¦¡', NULL, NULL, '2016-04-06 19:14:55', '0000-00-00 00:00:00'),
(564, 43, 'Hali Shohor', 'à¦¹à¦²à§€ à¦¶à¦¹à¦°', NULL, NULL, '2016-04-06 19:15:54', '0000-00-00 00:00:00'),
(565, 43, 'Kornafuli', 'à¦•à¦°à§à¦£à¦«à§à¦²à¦¿', NULL, NULL, '2016-04-06 19:16:29', '0000-00-00 00:00:00'),
(566, 43, 'Kotwali', 'à¦•à§‹à¦¤à§‹à¦¯à¦¼à¦¾à¦²à§€', NULL, NULL, '2016-04-06 19:17:08', '0000-00-00 00:00:00'),
(567, 43, 'Kulshi', 'à¦•à§à¦²à¦¶à¦¿', NULL, NULL, '2016-04-06 19:18:09', '0000-00-00 00:00:00'),
(568, 43, 'Pahartali', 'à¦ªà¦¾à¦¹à¦¾à¦¡à¦¼à¦¤à¦²à§€', NULL, NULL, '2016-04-06 19:19:26', '0000-00-00 00:00:00'),
(569, 43, 'Panchlaish', 'à¦ªà¦¾à¦à¦šà¦²à¦¾à¦‡à¦¶', NULL, NULL, '2016-04-06 19:20:24', '0000-00-00 00:00:00'),
(570, 43, 'Potenga', 'à¦ªà¦¤à§‡à¦™à§à¦—à¦¾', NULL, NULL, '2016-04-06 19:21:20', '0000-00-00 00:00:00'),
(571, 43, 'Shodhorgat', 'à¦¸à¦¦à¦°à¦˜à¦¾à¦Ÿ', NULL, NULL, '2016-04-06 19:22:19', '0000-00-00 00:00:00'),
(572, 43, 'Others', 'à¦…à¦¨à§à¦¯à¦¾à¦¨à§à¦¯', NULL, NULL, '2016-04-06 19:22:51', '0000-00-00 00:00:00'),
(573, 44, 'Others', 'à¦…à¦¨à§à¦¯à¦¾à¦¨à§à¦¯', NULL, NULL, '2016-04-06 19:37:59', '0000-00-00 00:00:00'),
(574, 59, 'Aranghata', 'à¦†à¦¡à¦¼à¦¾à¦‚à¦˜à¦¾à¦Ÿà¦¾', NULL, NULL, '2016-04-06 20:30:50', '0000-00-00 00:00:00'),
(575, 59, 'Daulatpur', 'à¦¦à§Œà¦²à¦¤à¦ªà§à¦°', NULL, NULL, '2016-04-06 20:32:12', '0000-00-00 00:00:00'),
(576, 59, 'Harintana', 'à¦¹à¦¾à¦°à¦¿à¦¨à§à¦¤à¦¾à¦¨à¦¾ ', NULL, NULL, '2016-04-06 20:34:06', '0000-00-00 00:00:00'),
(577, 59, 'Horintana', 'à¦¹à¦°à¦¿à¦£à¦¤à¦¾à¦¨à¦¾ ', NULL, NULL, '2016-04-06 20:35:11', '0000-00-00 00:00:00'),
(578, 59, 'Khalishpur', 'à¦–à¦¾à¦²à¦¿à¦¶à¦ªà§à¦°', NULL, NULL, '2016-04-06 20:35:56', '0000-00-00 00:00:00'),
(579, 59, 'Khanjahan Ali', 'à¦–à¦¾à¦¨à¦œà¦¾à¦¹à¦¾à¦¨ à¦†à¦²à§€', NULL, NULL, '2016-04-06 20:37:14', '0000-00-00 00:00:00'),
(580, 59, 'Khulna Sadar', 'à¦–à§à¦²à¦¨à¦¾ à¦¸à¦¦à¦°', NULL, NULL, '2016-04-06 20:37:58', '0000-00-00 00:00:00'),
(581, 59, 'Labanchora', 'à¦²à¦¾à¦¬à¦¾à¦¨à¦›à§‹à¦°à¦¾', NULL, NULL, '2016-04-06 20:39:23', '0000-00-00 00:00:00'),
(582, 59, 'Sonadanga', 'à¦¸à§‹à¦¨à¦¾à¦¡à¦¾à¦™à§à¦—à¦¾', NULL, NULL, '2016-04-06 20:40:22', '0000-00-00 00:00:00'),
(583, 59, 'Others', 'à¦…à¦¨à§à¦¯à¦¾à¦¨à§à¦¯', NULL, NULL, '2016-04-06 20:42:14', '0000-00-00 00:00:00'),
(584, 2, 'Others', 'à¦…à¦¨à§à¦¯à¦¾à¦¨à§à¦¯', NULL, NULL, '2016-04-06 20:43:56', '0000-00-00 00:00:00'),
(585, 4, 'Others', 'à¦…à¦¨à§à¦¯à¦¾à¦¨à§à¦¯', NULL, NULL, '2016-04-06 20:45:07', '0000-00-00 00:00:00'),
(586, 5, 'Others', 'à¦…à¦¨à§à¦¯à¦¾à¦¨à§à¦¯', NULL, NULL, '2016-04-06 20:46:18', '0000-00-00 00:00:00'),
(587, 54, 'Airport', 'à¦¬à¦¿à¦®à¦¾à¦¨à¦¬à¦¨à§à¦¦à¦°', NULL, NULL, '2016-04-06 20:54:47', '0000-00-00 00:00:00'),
(588, 54, 'Hazrat Shah Paran', 'à¦¹à¦¯à¦°à¦¤ à¦¶à¦¾à¦¹ à¦ªà¦°à¦¾à¦£', NULL, NULL, '2016-04-06 20:57:13', '0000-00-00 00:00:00'),
(589, 54, 'Jalalabad', 'à¦œà¦¾à¦²à¦¾à¦²à¦¾à¦¬à¦¾à¦¦', NULL, NULL, '2016-04-06 20:58:15', '0000-00-00 00:00:00'),
(590, 54, 'Kowtali', 'à¦•à§‹à¦¤à§‹à¦¯à¦¼à¦¾à¦²à§€', NULL, NULL, '2016-04-06 20:59:27', '0000-00-00 00:00:00'),
(591, 54, 'Moglabazar', 'à¦®à§‹à¦—à¦²à¦¾à¦¬à¦¾à¦œà¦¾à¦°', NULL, NULL, '2016-04-06 21:00:58', '0000-00-00 00:00:00'),
(592, 54, 'Osmani Nagar', 'à¦“à¦¸à¦®à¦¾à¦¨à§€ à¦¨à¦—à¦°', NULL, NULL, '2016-04-06 21:01:36', '0000-00-00 00:00:00'),
(593, 54, 'South Surma', 'à¦¦à¦•à§à¦·à¦¿à¦£ à¦¸à§à¦°à¦®à¦¾', NULL, NULL, '2016-04-06 21:02:16', '0000-00-00 00:00:00'),
(594, 54, 'Others', 'à¦…à¦¨à§à¦¯à¦¾à¦¨à§à¦¯', NULL, NULL, '2016-04-06 21:03:07', '0000-00-00 00:00:00'),
(595, 47, 'Mohakhali', '', NULL, NULL, NULL, NULL),
(596, 47, 'Bashundhara', '', NULL, NULL, NULL, NULL),
(597, 47, 'Old town', '', NULL, NULL, NULL, NULL),
(598, 47, 'Baridhara', '', NULL, NULL, NULL, NULL),
(599, 47, 'Demra', '', NULL, NULL, NULL, NULL),
(600, 47, 'Matuail', '', NULL, NULL, NULL, NULL),
(601, 47, 'Shamoly', '', NULL, NULL, NULL, NULL),
(602, 47, 'Fakirapul', '', NULL, NULL, NULL, NULL),
(603, 47, 'Paltan', '', NULL, NULL, NULL, NULL),
(604, 47, 'Gulistan', '', NULL, NULL, NULL, NULL),
(605, 47, 'Sadarghat', '', NULL, NULL, NULL, NULL),
(606, 47, 'Lalbagh', '', NULL, NULL, NULL, NULL),
(607, 47, 'Bashabo', '', NULL, NULL, NULL, NULL),
(608, 47, 'Mogbazar', '', NULL, NULL, NULL, NULL),
(609, 47, 'Shantinagar', '', NULL, NULL, NULL, NULL),
(610, 47, 'Farmgate', '', NULL, NULL, NULL, NULL),
(611, 47, 'Khamarbari', '', NULL, NULL, NULL, NULL),
(612, 47, 'Shewrapara', '', NULL, NULL, NULL, NULL),
(613, 47, 'Kazipara', '', NULL, NULL, NULL, NULL),
(614, 47, 'Kakrail', '', NULL, NULL, NULL, NULL),
(615, 47, 'Agargaon', '', NULL, NULL, NULL, NULL),
(616, 47, 'Kamlapur', '', NULL, NULL, NULL, NULL),
(617, 47, 'Maniknagor', '', NULL, NULL, NULL, NULL);

-- --------------------------------------------------------

--
-- Table structure for table `users`
--

DROP TABLE IF EXISTS `users`;
CREATE TABLE IF NOT EXISTS `users` (
  `id` int(10) UNSIGNED NOT NULL AUTO_INCREMENT,
  `station_id` smallint(5) UNSIGNED DEFAULT NULL,
  `is_superuser` tinyint(1) NOT NULL DEFAULT 0,
  `role_id` bigint(20) UNSIGNED DEFAULT NULL,
  `name` varchar(191) COLLATE utf8mb4_unicode_ci NOT NULL,
  `user_type` enum('super_admin','admin','normal_user') COLLATE utf8mb4_unicode_ci DEFAULT 'normal_user',
  `email` varchar(191) COLLATE utf8mb4_unicode_ci NOT NULL,
  `mobile` varchar(11) COLLATE utf8mb4_unicode_ci NOT NULL,
  `loc_division_id` int(11) DEFAULT NULL,
  `loc_district_id` int(11) DEFAULT NULL,
  `loc_upazila_id` int(11) DEFAULT NULL,
  `loc_municipality_id` int(11) DEFAULT NULL,
  `loc_union_id` int(11) DEFAULT NULL,
  `avatar` varchar(191) COLLATE utf8mb4_unicode_ci DEFAULT 'users/default.png',
  `status` tinyint(1) NOT NULL DEFAULT 1 COMMENT '1=>Active, 0=>Inactive, 99=>Deleted',
  `is_verifier` enum('0','1') COLLATE utf8mb4_unicode_ci NOT NULL DEFAULT '0',
  `department_id` smallint(5) UNSIGNED NOT NULL,
  `assigned_number` varchar(20) COLLATE utf8mb4_unicode_ci NOT NULL,
  `otp` varchar(6) COLLATE utf8mb4_unicode_ci NOT NULL,
  `email_verified_at` datetime DEFAULT NULL,
  `password` varchar(191) COLLATE utf8mb4_unicode_ci NOT NULL,
  `remember_token` varchar(100) COLLATE utf8mb4_unicode_ci DEFAULT NULL,
  `settings` text COLLATE utf8mb4_unicode_ci DEFAULT NULL,
  `created_by` int(10) UNSIGNED DEFAULT NULL,
  `updated_by` int(10) UNSIGNED DEFAULT NULL,
  `created_at` timestamp NULL DEFAULT NULL,
  `updated_at` timestamp NULL DEFAULT NULL,
  `deleted_at` timestamp NULL DEFAULT NULL,
  PRIMARY KEY (`id`),
  UNIQUE KEY `users_email_unique` (`email`),
  KEY `users_role_id_foreign` (`role_id`)
) ENGINE=InnoDB AUTO_INCREMENT=107 DEFAULT CHARSET=utf8mb4 COLLATE=utf8mb4_unicode_ci;

--
-- Dumping data for table `users`
--

INSERT INTO `users` (`id`, `station_id`, `is_superuser`, `role_id`, `name`, `user_type`, `email`, `mobile`, `loc_division_id`, `loc_district_id`, `loc_upazila_id`, `loc_municipality_id`, `loc_union_id`, `avatar`, `status`, `is_verifier`, `department_id`, `assigned_number`, `otp`, `email_verified_at`, `password`, `remember_token`, `settings`, `created_by`, `updated_by`, `created_at`, `updated_at`, `deleted_at`) VALUES
(1, NULL, 1, 1, 'Super Admin', 'super_admin', 'super@admin.com', '01708800996', NULL, NULL, NULL, NULL, NULL, 'users/1584264545.png', 1, '0', 2, '', '', NULL, '$2y$10$JxViEtxH1S7ctFF2hFX97urnHVj249wuEfayJJd0eYx8c2dr9XvLe', 'Gk7SSaIsDX0cGVBz7CY9moRImv16lJ9RhEz4cWyLfvD7POSGazY455hBXfXO', NULL, NULL, 1, '2019-12-12 04:32:37', '2020-03-15 09:29:05', NULL),
(66, 1, 0, 1, 'MD. Amirul Islam', 'admin', 'amirul@gmail.com', '01533550962', NULL, NULL, NULL, NULL, NULL, 'users/1614660395.jpg', 1, '1', 2, '', '', NULL, '$2y$10$FxFUPzaYHh8m/DBPmnIoHOar4w87U2kPdsaWEAp/vCjrm9fn./DUC', 'T4n07p9K2KeAY6vXSeMBkPrmdrBaQshb8JXCxcoJR066QJSBLCNP5VrjGsAD', NULL, NULL, NULL, '2020-03-11 10:35:00', '2021-03-03 05:17:18', NULL),
(105, 2, 0, 12, 'acropolish', 'normal_user', 'acropolish@gmail.com', '01588969875', NULL, NULL, NULL, NULL, NULL, 'users/default.png', 1, '0', 2, '', '', NULL, '$2y$10$IXfC1.nZcp1x.dwV89hk3.El9SsvvBVKRpTpyJuoyZbMQ9NNVwDxK', NULL, NULL, NULL, NULL, '2021-04-07 05:21:24', '2021-04-07 05:44:36', NULL),
(106, 1, 0, 12, 'mehnur', 'normal_user', 'mehnur@gmail.com', '01533550961', NULL, NULL, NULL, NULL, NULL, 'users/default.png', 1, '0', 2, '', '', NULL, '$2y$10$ECl8g1nI48kLOci6XAbcR.8xrSaxnOeKWm/yTKD2gmGxYCSKdL4eO', 'fE07eyFmRCwSKbyeQMPYfqNJ05QK8FEELvtTcjWxECa3fip4oA04BnAlwfG1', NULL, NULL, NULL, '2021-06-16 05:56:35', '2021-06-16 05:56:35', NULL);

-- --------------------------------------------------------

--
-- Table structure for table `users_permissions`
--

DROP TABLE IF EXISTS `users_permissions`;
CREATE TABLE IF NOT EXISTS `users_permissions` (
  `id` int(10) UNSIGNED NOT NULL AUTO_INCREMENT,
  `user_id` int(10) UNSIGNED NOT NULL,
  `permission_id` bigint(20) UNSIGNED NOT NULL,
  `status` tinyint(1) NOT NULL DEFAULT 1,
  `created_at` timestamp NULL DEFAULT NULL,
  `updated_at` timestamp NULL DEFAULT NULL,
  PRIMARY KEY (`id`),
  KEY `users_permissions_user_id_index` (`user_id`),
  KEY `users_permissions_permission_id_index` (`permission_id`)
) ENGINE=InnoDB AUTO_INCREMENT=142 DEFAULT CHARSET=utf8mb4 COLLATE=utf8mb4_unicode_ci;

--
-- Dumping data for table `users_permissions`
--

INSERT INTO `users_permissions` (`id`, `user_id`, `permission_id`, `status`, `created_at`, `updated_at`) VALUES
(1, 3, 26, 0, '2019-12-19 10:57:17', '2019-12-22 13:02:28'),
(2, 3, 27, 0, '2019-12-19 10:57:17', '2019-12-22 13:02:28'),
(3, 3, 28, 0, '2019-12-19 10:57:17', '2019-12-22 13:02:28'),
(4, 3, 29, 0, '2019-12-19 10:57:17', '2019-12-22 13:02:28'),
(5, 3, 30, 0, '2019-12-19 10:57:17', '2019-12-22 13:02:28'),
(6, 3, 31, 0, '2019-12-19 10:57:17', '2019-12-22 13:02:28'),
(7, 3, 32, 0, '2019-12-19 10:57:17', '2019-12-22 13:02:28'),
(8, 3, 33, 0, '2019-12-19 10:57:17', '2019-12-22 13:02:28'),
(9, 3, 34, 0, '2019-12-19 10:57:21', '2019-12-22 13:02:30'),
(10, 3, 35, 0, '2019-12-19 10:57:21', '2019-12-22 13:02:30'),
(11, 3, 36, 0, '2019-12-19 10:57:21', '2019-12-22 13:02:30'),
(12, 3, 37, 0, '2019-12-19 10:57:21', '2019-12-22 13:02:30'),
(13, 3, 38, 0, '2019-12-19 10:57:21', '2019-12-22 13:02:30'),
(14, 3, 39, 0, '2019-12-19 10:57:21', '2019-12-22 13:02:30'),
(15, 3, 40, 0, '2019-12-19 10:57:21', '2019-12-22 13:02:30'),
(16, 3, 41, 0, '2019-12-19 10:57:21', '2019-12-22 13:02:30'),
(17, 3, 42, 0, '2019-12-19 10:57:26', '2019-12-22 13:02:45'),
(18, 3, 43, 0, '2019-12-19 10:57:26', '2019-12-22 13:02:45'),
(19, 3, 44, 0, '2019-12-19 10:57:26', '2019-12-22 13:02:45'),
(20, 3, 45, 0, '2019-12-19 10:57:26', '2019-12-22 13:02:45'),
(21, 3, 46, 0, '2019-12-19 10:57:26', '2019-12-22 13:02:45'),
(22, 3, 47, 0, '2019-12-19 10:57:26', '2019-12-22 13:02:45'),
(23, 3, 48, 0, '2019-12-19 10:57:26', '2019-12-22 13:02:45'),
(24, 3, 49, 0, '2019-12-19 10:57:26', '2019-12-22 13:02:45'),
(25, 3, 50, 0, '2019-12-19 10:57:30', '2019-12-22 13:02:49'),
(26, 3, 51, 0, '2019-12-19 10:57:30', '2019-12-22 13:02:49'),
(27, 3, 52, 0, '2019-12-19 10:57:30', '2019-12-22 13:02:49'),
(28, 3, 53, 0, '2019-12-19 10:57:30', '2019-12-22 13:02:49'),
(29, 3, 54, 0, '2019-12-19 10:57:30', '2019-12-22 13:02:49'),
(30, 3, 55, 0, '2019-12-19 10:57:30', '2019-12-22 13:02:49'),
(31, 3, 56, 0, '2019-12-19 10:57:30', '2019-12-22 13:02:49'),
(32, 3, 57, 0, '2019-12-19 10:57:30', '2019-12-22 13:02:49'),
(33, 3, 58, 1, '2019-12-19 10:57:33', '2019-12-23 06:06:52'),
(34, 3, 59, 1, '2019-12-19 10:57:33', '2019-12-23 06:06:52'),
(35, 3, 60, 1, '2019-12-19 10:57:33', '2019-12-23 06:06:52'),
(36, 3, 61, 1, '2019-12-19 10:57:33', '2019-12-23 06:06:52'),
(37, 3, 62, 1, '2019-12-19 10:57:33', '2019-12-23 06:06:52'),
(38, 3, 63, 1, '2019-12-19 10:57:33', '2019-12-23 06:06:52'),
(39, 3, 64, 1, '2019-12-19 10:57:33', '2019-12-23 06:06:52'),
(40, 3, 65, 1, '2019-12-19 10:57:33', '2019-12-23 06:06:52'),
(41, 3, 74, 0, '2019-12-19 10:57:38', '2019-12-23 06:06:55'),
(42, 3, 75, 0, '2019-12-19 10:57:38', '2019-12-23 06:06:55'),
(43, 3, 76, 0, '2019-12-19 10:57:38', '2019-12-23 06:06:55'),
(44, 3, 77, 0, '2019-12-19 10:57:38', '2019-12-23 06:06:55'),
(45, 3, 78, 0, '2019-12-19 10:57:38', '2019-12-23 06:06:55'),
(46, 3, 79, 0, '2019-12-19 10:57:38', '2019-12-23 06:06:55'),
(47, 3, 80, 0, '2019-12-19 10:57:38', '2019-12-23 06:06:55'),
(48, 3, 81, 0, '2019-12-19 10:57:38', '2019-12-23 06:06:55'),
(49, 3, 82, 0, '2019-12-19 10:57:43', '2019-12-22 13:03:05'),
(50, 3, 83, 0, '2019-12-19 10:57:43', '2019-12-22 13:03:05'),
(51, 3, 84, 0, '2019-12-19 10:57:43', '2019-12-22 13:03:05'),
(52, 3, 85, 0, '2019-12-19 10:57:43', '2019-12-22 13:03:05'),
(53, 3, 86, 0, '2019-12-19 10:57:43', '2019-12-22 13:03:05'),
(54, 3, 87, 0, '2019-12-19 10:57:43', '2019-12-22 13:03:05'),
(55, 3, 88, 0, '2019-12-19 10:57:43', '2019-12-22 13:03:05'),
(56, 3, 89, 0, '2019-12-19 10:57:43', '2019-12-22 13:03:05'),
(57, 3, 90, 1, '2019-12-19 10:57:48', '2019-12-19 10:57:48'),
(58, 3, 91, 1, '2019-12-19 10:57:48', '2019-12-19 10:57:48'),
(59, 3, 92, 1, '2019-12-19 10:57:48', '2019-12-19 10:57:48'),
(60, 3, 93, 1, '2019-12-19 10:57:48', '2019-12-19 10:57:48'),
(61, 3, 94, 1, '2019-12-19 10:57:48', '2019-12-19 10:57:48'),
(62, 3, 95, 1, '2019-12-19 10:57:48', '2019-12-19 10:57:48'),
(63, 3, 96, 1, '2019-12-19 10:57:48', '2019-12-19 10:57:48'),
(64, 3, 97, 1, '2019-12-19 10:57:48', '2019-12-19 10:57:48'),
(65, 3, 98, 1, '2019-12-19 10:57:52', '2019-12-19 10:57:52'),
(66, 3, 99, 1, '2019-12-19 10:57:52', '2019-12-19 10:57:52'),
(67, 3, 100, 1, '2019-12-19 10:57:52', '2019-12-19 10:57:52'),
(68, 3, 101, 1, '2019-12-19 10:57:52', '2019-12-19 10:57:52'),
(69, 3, 102, 1, '2019-12-19 10:57:52', '2019-12-19 10:57:52'),
(70, 3, 103, 1, '2019-12-19 10:57:52', '2019-12-19 10:57:52'),
(71, 3, 104, 1, '2019-12-19 10:57:52', '2019-12-19 10:57:52'),
(72, 3, 105, 1, '2019-12-19 10:57:52', '2019-12-19 10:57:52'),
(73, 3, 106, 0, '2019-12-19 10:57:56', '2019-12-22 13:03:14'),
(74, 3, 107, 0, '2019-12-19 10:57:56', '2019-12-22 13:03:14'),
(75, 3, 108, 0, '2019-12-19 10:57:56', '2019-12-22 13:03:14'),
(76, 3, 109, 0, '2019-12-19 10:57:56', '2019-12-22 13:03:14'),
(77, 3, 110, 0, '2019-12-19 10:57:56', '2019-12-22 13:03:14'),
(78, 3, 111, 0, '2019-12-19 10:57:56', '2019-12-22 13:03:14'),
(79, 3, 112, 0, '2019-12-19 10:57:56', '2019-12-22 13:03:14'),
(80, 3, 113, 0, '2019-12-19 10:57:56', '2019-12-22 13:03:14'),
(81, 3, 114, 1, '2019-12-19 10:58:03', '2019-12-19 10:58:03'),
(82, 3, 115, 1, '2019-12-19 10:58:03', '2019-12-19 10:58:03'),
(83, 3, 116, 1, '2019-12-19 10:58:03', '2019-12-19 10:58:03'),
(84, 3, 117, 1, '2019-12-19 10:58:03', '2019-12-19 10:58:03'),
(85, 3, 118, 1, '2019-12-19 10:58:03', '2019-12-19 10:58:03'),
(86, 3, 119, 1, '2019-12-19 10:58:03', '2019-12-19 10:58:03'),
(87, 3, 120, 1, '2019-12-19 10:58:03', '2019-12-19 10:58:03'),
(88, 3, 121, 1, '2019-12-19 10:58:03', '2019-12-19 10:58:03'),
(89, 3, 1, 1, '2019-12-19 10:58:46', '2019-12-19 10:58:46'),
(90, 13, 6, 0, '2020-01-02 10:25:03', '2020-01-02 10:25:03'),
(91, 13, 7, 0, '2020-01-02 10:25:03', '2020-01-02 10:25:03'),
(92, 13, 8, 0, '2020-01-02 10:25:03', '2020-01-02 10:25:03'),
(93, 13, 9, 0, '2020-01-02 10:25:03', '2020-01-02 10:25:03'),
(94, 13, 10, 0, '2020-01-02 10:25:03', '2020-01-02 10:25:03'),
(95, 13, 11, 0, '2020-01-02 10:25:11', '2020-01-02 10:25:11'),
(96, 13, 12, 1, '2020-01-02 10:25:14', '2020-01-05 14:51:02'),
(97, 13, 13, 0, '2020-01-02 10:25:17', '2020-01-02 10:25:17'),
(98, 13, 14, 0, '2020-01-02 10:25:20', '2020-01-02 10:25:20'),
(99, 13, 15, 0, '2020-01-02 10:25:23', '2020-01-02 10:25:23'),
(100, 13, 20, 0, '2020-01-02 10:25:38', '2020-01-02 10:25:38'),
(101, 13, 26, 0, '2020-01-02 10:25:48', '2020-01-02 10:25:48'),
(102, 13, 27, 0, '2020-01-02 10:25:48', '2020-01-02 10:25:48'),
(103, 13, 28, 0, '2020-01-02 10:25:48', '2020-01-02 10:25:48'),
(104, 13, 29, 0, '2020-01-02 10:25:48', '2020-01-02 10:25:48'),
(105, 13, 30, 0, '2020-01-02 10:25:48', '2020-01-02 10:25:48'),
(106, 13, 31, 0, '2020-01-02 10:25:48', '2020-01-02 10:25:48'),
(107, 13, 32, 0, '2020-01-02 10:25:48', '2020-01-02 10:25:48'),
(108, 13, 33, 0, '2020-01-02 10:25:48', '2020-01-02 10:25:48'),
(109, 13, 34, 0, '2020-01-02 10:25:52', '2020-01-02 10:25:52'),
(110, 13, 35, 0, '2020-01-02 10:25:52', '2020-01-02 10:25:52'),
(111, 13, 36, 0, '2020-01-02 10:25:52', '2020-01-02 10:25:52'),
(112, 13, 37, 0, '2020-01-02 10:25:52', '2020-01-02 10:25:52'),
(113, 13, 38, 0, '2020-01-02 10:25:52', '2020-01-02 10:25:52'),
(114, 13, 39, 0, '2020-01-02 10:25:52', '2020-01-02 10:25:52'),
(115, 13, 40, 0, '2020-01-02 10:25:52', '2020-01-02 10:25:52'),
(116, 13, 41, 0, '2020-01-02 10:25:52', '2020-01-02 10:25:52'),
(117, 13, 50, 0, '2020-01-02 10:25:58', '2020-01-02 10:25:58'),
(118, 13, 51, 0, '2020-01-02 10:25:58', '2020-01-02 10:25:58'),
(119, 13, 52, 0, '2020-01-02 10:25:58', '2020-01-02 10:25:58'),
(120, 13, 53, 0, '2020-01-02 10:25:58', '2020-01-02 10:25:58'),
(121, 13, 54, 0, '2020-01-02 10:25:58', '2020-01-02 10:25:58'),
(122, 13, 55, 0, '2020-01-02 10:25:58', '2020-01-02 10:25:58'),
(123, 13, 56, 0, '2020-01-02 10:25:58', '2020-01-02 10:25:58'),
(124, 13, 57, 0, '2020-01-02 10:25:58', '2020-01-02 10:25:58'),
(125, 13, 165, 0, '2020-01-02 10:26:20', '2020-01-02 10:26:20'),
(126, 13, 166, 0, '2020-01-02 10:26:20', '2020-01-02 10:26:20'),
(127, 13, 167, 0, '2020-01-02 10:26:20', '2020-01-02 10:26:20'),
(128, 13, 168, 0, '2020-01-02 10:26:20', '2020-01-02 10:26:20'),
(129, 13, 169, 0, '2020-01-02 10:26:20', '2020-01-02 10:26:20'),
(130, 13, 170, 0, '2020-01-02 10:26:20', '2020-01-02 10:26:20'),
(131, 13, 171, 0, '2020-01-02 10:26:20', '2020-01-02 10:26:20'),
(132, 13, 172, 0, '2020-01-02 10:26:20', '2020-01-02 10:26:20'),
(133, 13, 2, 0, '2020-01-02 10:26:30', '2020-01-02 10:26:30'),
(134, 13, 3, 0, '2020-01-02 10:26:34', '2020-01-02 10:26:34'),
(135, 13, 4, 0, '2020-01-02 10:26:40', '2020-01-02 10:26:40'),
(136, 13, 5, 0, '2020-01-02 10:26:43', '2020-01-02 10:26:43'),
(137, 105, 389, 1, '2021-04-07 05:45:27', '2021-04-07 05:45:27'),
(138, 105, 387, 1, '2021-04-07 06:08:43', '2021-04-07 06:08:43'),
(139, 106, 389, 1, '2021-06-17 10:19:31', '2021-06-17 10:19:31'),
(140, 106, 388, 0, '2021-06-17 10:22:56', '2021-06-17 10:23:09'),
(141, 106, 387, 1, '2021-06-17 10:23:17', '2021-06-17 10:23:17');

-- --------------------------------------------------------

--
-- Table structure for table `user_roles`
--

DROP TABLE IF EXISTS `user_roles`;
CREATE TABLE IF NOT EXISTS `user_roles` (
  `user_id` int(10) UNSIGNED NOT NULL,
  `role_id` bigint(20) UNSIGNED NOT NULL,
  PRIMARY KEY (`user_id`,`role_id`),
  KEY `user_roles_user_id_index` (`user_id`),
  KEY `user_roles_role_id_index` (`role_id`)
) ENGINE=InnoDB DEFAULT CHARSET=utf8mb4 COLLATE=utf8mb4_unicode_ci;

--
-- Dumping data for table `user_roles`
--

INSERT INTO `user_roles` (`user_id`, `role_id`) VALUES
(2, 3),
(17, 3),
(18, 3);

-- --------------------------------------------------------

--
-- Table structure for table `vehicle_types`
--

DROP TABLE IF EXISTS `vehicle_types`;
CREATE TABLE IF NOT EXISTS `vehicle_types` (
  `id` smallint(5) UNSIGNED NOT NULL AUTO_INCREMENT,
  `station_id` smallint(5) UNSIGNED NOT NULL,
  `name` varchar(100) COLLATE utf8mb4_unicode_ci NOT NULL,
  `status` tinyint(1) NOT NULL DEFAULT 1 COMMENT '1=>Active, 0=>Inactive',
  `deleted_at` timestamp NULL DEFAULT NULL,
  `added_by` int(10) UNSIGNED NOT NULL,
  `updated_by` int(10) UNSIGNED DEFAULT NULL,
  `created_at` timestamp NULL DEFAULT NULL,
  `updated_at` timestamp NULL DEFAULT NULL,
  PRIMARY KEY (`id`),
  KEY `vehicle_types_name_index` (`name`)
) ENGINE=InnoDB AUTO_INCREMENT=7 DEFAULT CHARSET=utf8mb4 COLLATE=utf8mb4_unicode_ci;

--
-- Dumping data for table `vehicle_types`
--

INSERT INTO `vehicle_types` (`id`, `station_id`, `name`, `status`, `deleted_at`, `added_by`, `updated_by`, `created_at`, `updated_at`) VALUES
(1, 1, 'Car', 1, NULL, 0, NULL, '2021-03-02 06:57:12', '2021-03-02 06:57:12'),
(2, 1, 'Bike', 1, NULL, 0, NULL, '2021-03-02 06:57:03', '2021-03-02 06:57:03'),
(5, 2, 'Car', 1, NULL, 0, NULL, '2021-04-07 05:36:16', '2021-04-07 05:36:16'),
(6, 2, 'Bike', 1, NULL, 0, NULL, '2021-04-07 05:36:24', '2021-04-07 05:36:24');
COMMIT;

/*!40101 SET CHARACTER_SET_CLIENT=@OLD_CHARACTER_SET_CLIENT */;
/*!40101 SET CHARACTER_SET_RESULTS=@OLD_CHARACTER_SET_RESULTS */;
/*!40101 SET COLLATION_CONNECTION=@OLD_COLLATION_CONNECTION */;
